candidate_id,bucket,continuous,runtime,native
olmixq_u_kl0p05_cap04,dolma3_arxiv,0.003499195305129089,0.00341796875,0.0178572237909385
olmixq_u_kl0p05_cap04,dolma3_cc/art_and_design_high,0.009117633431566553,0.0087890625,0.0341418160851868
olmixq_u_kl0p05_cap04,dolma3_cc/art_and_design_low,0.002225890358637296,0.001953125,0.0068085959125462
olmixq_u_kl0p05_cap04,dolma3_cc/crime_and_law_high,0.01422552938259151,0.01416015625,0.0064648506174961
olmixq_u_kl0p05_cap04,dolma3_cc/crime_and_law_low,0.004046170673579044,0.00390625,0.0052927545170279
olmixq_u_kl0p05_cap04,dolma3_cc/education_and_jobs_high,0.020798123647050776,0.0205078125,0.014892579722057
olmixq_u_kl0p05_cap04,dolma3_cc/education_and_jobs_low,0.0060926466834274615,0.005859375,0.0022875866069684
olmixq_u_kl0p05_cap04,dolma3_cc/electronics_and_hardware_high,0.011240105029551048,0.01123046875,0.0022614745160609
olmixq_u_kl0p05_cap04,dolma3_cc/electronics_and_hardware_low,0.0028103721283566935,0.00244140625,0.0068982758950446
olmixq_u_kl0p05_cap04,dolma3_cc/entertainment_high,0.05554116490551352,0.05517578125,0.0861673990015753
olmixq_u_kl0p05_cap04,dolma3_cc/entertainment_low,0.01286279356297815,0.0126953125,0.0172472440145343
olmixq_u_kl0p05_cap04,dolma3_cc/finance_and_business_high,0.048738743445506716,0.04833984375,0.1661894186855661
olmixq_u_kl0p05_cap04,dolma3_cc/finance_and_business_low,0.01979237956672475,0.01953125,0.0235364163512042
olmixq_u_kl0p05_cap04,dolma3_cc/food_and_dining_high,0.01087483646448019,0.0107421875,0.0109408735655888
olmixq_u_kl0p05_cap04,dolma3_cc/food_and_dining_low,0.004807149970369009,0.00439453125,0.0088804053700939
olmixq_u_kl0p05_cap04,dolma3_cc/games_high,0.027032915889536536,0.02685546875,0.0241365780121551
olmixq_u_kl0p05_cap04,dolma3_cc/games_low,0.004787827695647028,0.00439453125,0.0088838561106758
olmixq_u_kl0p05_cap04,dolma3_cc/health_high,0.025968644523451035,0.02587890625,0.0215422626428812
olmixq_u_kl0p05_cap04,dolma3_cc/health_low,0.015913886716137342,0.015625,0.0032784572618806
olmixq_u_kl0p05_cap04,dolma3_cc/history_and_geography_high,0.011367093698271076,0.01123046875,0.0248735615147819
olmixq_u_kl0p05_cap04,dolma3_cc/history_and_geography_low,0.0014031124987058698,0.0009765625,0.001547999507602
olmixq_u_kl0p05_cap04,dolma3_cc/industrial_high,0.005426340072544726,0.00537109375,0.0022925677648767
olmixq_u_kl0p05_cap04,dolma3_cc/industrial_low,0.0017468702018228384,0.00146484375,0.0029754415318493
olmixq_u_kl0p05_cap04,dolma3_cc/literature_high,0.09640620906906229,0.09619140625,0.0255432707264014
olmixq_u_kl0p05_cap04,dolma3_cc/literature_low,0.00531281470472584,0.0048828125,0.0193898160248574
olmixq_u_kl0p05_cap04,dolma3_cc/science_math_and_technology_high,0.07345003734094355,0.0732421875,0.0608562509506046
olmixq_u_kl0p05_cap04,dolma3_cc/science_math_and_technology_low,0.03290792617142558,0.03271484375,0.0041664745494656
olmixq_u_kl0p05_cap04,dolma3_finemath_3plus,0.0014544241598610866,0.0009765625,0.0017859897521922
olmixq_u_kl0p05_cap04,dolma3_stack_edu,0.050017864027711134,0.0498046875,0.0847855565176996
olmixq_u_kl0p05_cap04,dolma3_wikipedia,0.00013443454058651209,0.0,5.8607953729569064e-05
olmixq_u_kl0p05_cap04,dolmino_common_crawl_hq,0.15301134089878518,0.162109375,0.0963224567195721
olmixq_u_kl0p05_cap04,dolmino_olmocr_pdfs_hq,0.09257494788111116,0.09228515625,0.0335855501661519
olmixq_u_kl0p05_cap04,dolmino_stack_edu_fim,0.06771538098381386,0.0673828125,0.0846666752657743
olmixq_u_kl0p05_cap04,dolmino_stem_heavy_crawl,8.586836583562826e-05,0.0,0.00019534911574
olmixq_u_kl0p05_cap04,dolmino_synth_code,0.0002969647598238968,0.0,0.0046225493698323
olmixq_u_kl0p05_cap04,dolmino_synth_instruction,0.00015044768238497077,0.0,0.0040445721812204
olmixq_u_kl0p05_cap04,dolmino_synth_math,0.0006641561432635434,0.00048828125,0.0030896450063061
olmixq_u_kl0p05_cap04,dolmino_synth_qa,0.10381446771526039,0.103515625,0.0750520831984253
olmixq_u_kl0p05_cap04,dolmino_synth_thinking,0.001683289703827247,0.00146484375,0.0024375135034336
olmixq_u_kl0p1_cap04,dolma3_arxiv,0.0039135362189875325,0.00390625,0.0095955628671513
olmixq_u_kl0p1_cap04,dolma3_cc/art_and_design_high,0.011973869598588418,0.01171875,0.0241573399448722
olmixq_u_kl0p1_cap04,dolma3_cc/art_and_design_low,0.0037971269238634294,0.00341796875,0.0067447120554436
olmixq_u_kl0p1_cap04,dolma3_cc/crime_and_law_high,0.017367248192536537,0.01708984375,0.0115803423162105
olmixq_u_kl0p1_cap04,dolma3_cc/crime_and_law_low,0.006068823500403384,0.005859375,0.0071322673777187
olmixq_u_kl0p1_cap04,dolma3_cc/education_and_jobs_high,0.027354304726016826,0.02734375,0.0226825647199657
olmixq_u_kl0p1_cap04,dolma3_cc/education_and_jobs_low,0.009955619708123746,0.009765625,0.0060331708324967
olmixq_u_kl0p1_cap04,dolma3_cc/electronics_and_hardware_high,0.014651232349728297,0.0146484375,0.0062124283533706
olmixq_u_kl0p1_cap04,dolma3_cc/electronics_and_hardware_low,0.004877999418888205,0.00439453125,0.0078140697135993
olmixq_u_kl0p1_cap04,dolma3_cc/entertainment_high,0.05950545000228763,0.05908203125,0.0731463327930413
olmixq_u_kl0p1_cap04,dolma3_cc/entertainment_low,0.016824365639493723,0.0166015625,0.0194353081560872
olmixq_u_kl0p1_cap04,dolma3_cc/finance_and_business_high,0.06122243315710273,0.06103515625,0.116386712380944
olmixq_u_kl0p1_cap04,dolma3_cc/finance_and_business_low,0.026825782828838556,0.0263671875,0.0292806345222128
olmixq_u_kl0p1_cap04,dolma3_cc/food_and_dining_high,0.016150678706203923,0.01611328125,0.0160583244225729
olmixq_u_kl0p1_cap04,dolma3_cc/food_and_dining_low,0.007572568748244022,0.00732421875,0.0102871447620769
olmixq_u_kl0p1_cap04,dolma3_cc/games_high,0.030918078511398453,0.03076171875,0.0278052450228635
olmixq_u_kl0p1_cap04,dolma3_cc/games_low,0.0075062576749152605,0.00732421875,0.0103309963502185
olmixq_u_kl0p1_cap04,dolma3_cc/health_high,0.038954090847574514,0.03857421875,0.0357379112821249
olmixq_u_kl0p1_cap04,dolma3_cc/health_low,0.0207839686344373,0.0205078125,0.0088574526501132
olmixq_u_kl0p1_cap04,dolma3_cc/history_and_geography_high,0.014484485395754242,0.01416015625,0.0221445388254624
olmixq_u_kl0p1_cap04,dolma3_cc/history_and_geography_low,0.0026329190374747864,0.00244140625,0.0027871639505619
olmixq_u_kl0p1_cap04,dolma3_cc/industrial_high,0.00784500558362547,0.0078125,0.0049730265695081
olmixq_u_kl0p1_cap04,dolma3_cc/industrial_low,0.003169321738562133,0.0029296875,0.0042217290080149
olmixq_u_kl0p1_cap04,dolma3_cc/literature_high,0.06562581592922936,0.0654296875,0.0305235268517405
olmixq_u_kl0p1_cap04,dolma3_cc/literature_low,0.007326877713599183,0.00732421875,0.0141150629833244
olmixq_u_kl0p1_cap04,dolma3_cc/science_math_and_technology_high,0.05428704050021924,0.05419921875,0.046830364361324
olmixq_u_kl0p1_cap04,dolma3_cc/science_math_and_technology_low,0.0252973679084862,0.02490234375,0.0078783148127567
olmixq_u_kl0p1_cap04,dolma3_finemath_3plus,0.00260161101457954,0.00244140625,0.0028793611006217
olmixq_u_kl0p1_cap04,dolma3_stack_edu,0.04713879218040687,0.046875,0.0756127467621657
olmixq_u_kl0p1_cap04,dolma3_wikipedia,0.0002574142211229468,0.0,0.0001660776136533
olmixq_u_kl0p1_cap04,dolmino_common_crawl_hq,0.17004131512722873,0.17822265625,0.1327973619756715
olmixq_u_kl0p1_cap04,dolmino_olmocr_pdfs_hq,0.059247798841164434,0.05908203125,0.0316612267012273
olmixq_u_kl0p1_cap04,dolmino_stack_edu_fim,0.05646189530983716,0.05615234375,0.0846666747912534
olmixq_u_kl0p1_cap04,dolmino_stem_heavy_crawl,0.00022980682319925354,0.0,0.0003696577522751
olmixq_u_kl0p1_cap04,dolmino_synth_code,0.0007755604611948528,0.00048828125,0.0035939958543038
olmixq_u_kl0p1_cap04,dolmino_synth_instruction,0.0005438561364895635,0.00048828125,0.0032746717688625
olmixq_u_kl0p1_cap04,dolmino_synth_math,0.0013654056944420276,0.0009765625,0.0031147046242333
olmixq_u_kl0p1_cap04,dolmino_synth_qa,0.09137448441725943,0.09130859375,0.0754541088600818
olmixq_u_kl0p1_cap04,dolmino_synth_thinking,0.0030697905784919243,0.0029296875,0.0036571643098725
olmixq_u_kl0_cap04,dolma3_arxiv,1.7864570542541179e-09,0.0,0.017857231556712
olmixq_u_kl0_cap04,dolma3_cc/art_and_design_high,1.117169080794937e-09,0.0,0.0722003796557584
olmixq_u_kl0_cap04,dolma3_cc/art_and_design_low,5.569837358830964e-10,0.0,5.222220857789373e-09
olmixq_u_kl0_cap04,dolma3_cc/crime_and_law_high,1.7797974974068457e-09,0.0,1.1620844868081178e-09
olmixq_u_kl0_cap04,dolma3_cc/crime_and_law_low,8.121756613516355e-10,0.0,2.080648228666742e-09
olmixq_u_kl0_cap04,dolma3_cc/education_and_jobs_high,1.1197086249383778e-09,0.0,1.5910295439072727e-09
olmixq_u_kl0_cap04,dolma3_cc/education_and_jobs_low,5.979922930731937e-10,0.0,5.918698119448788e-10
olmixq_u_kl0_cap04,dolma3_cc/electronics_and_hardware_high,1.0764566669509842e-09,0.0,5.576712924021886e-10
olmixq_u_kl0_cap04,dolma3_cc/electronics_and_hardware_low,5.182870990069887e-10,0.0,3.52987471396059e-09
olmixq_u_kl0_cap04,dolma3_cc/entertainment_high,5.4423887307740005e-09,0.0,0.1759379575872323
olmixq_u_kl0_cap04,dolma3_cc/entertainment_low,1.1018476043602398e-09,0.0,2.926953229875746e-09
olmixq_u_kl0_cap04,dolma3_cc/finance_and_business_high,1.3374639513423262e-09,0.0,0.3439987902277502
olmixq_u_kl0_cap04,dolma3_cc/finance_and_business_low,9.779587440650736e-10,0.0,2.642503491298063e-09
olmixq_u_kl0_cap04,dolma3_cc/food_and_dining_high,7.557569342804873e-10,0.0,1.6584050850906875e-09
olmixq_u_kl0_cap04,dolma3_cc/food_and_dining_low,6.496998440653553e-10,0.0,3.295106434359567e-09
olmixq_u_kl0_cap04,dolma3_cc/games_high,2.1216039577887817e-09,0.0,3.394547674541159e-09
olmixq_u_kl0_cap04,dolma3_cc/games_low,6.546889172875629e-10,0.0,3.2590088849987412e-09
olmixq_u_kl0_cap04,dolma3_cc/health_high,7.735427952871909e-10,0.0,1.351017452270953e-09
olmixq_u_kl0_cap04,dolma3_cc/health_low,1.130706306249275e-09,0.0,1.1287587093720994e-09
olmixq_u_kl0_cap04,dolma3_cc/history_and_geography_high,1.1746761909568169e-09,0.0,2.0612314352042898e-08
olmixq_u_kl0_cap04,dolma3_cc/history_and_geography_low,4.5673221848818464e-10,0.0,1.1008780623330791e-09
olmixq_u_kl0_cap04,dolma3_cc/industrial_high,8.128865102667675e-10,0.0,7.979297379221449e-10
olmixq_u_kl0_cap04,dolma3_cc/industrial_low,4.774062352516698e-10,0.0,1.8215596435272558e-09
olmixq_u_kl0_cap04,dolma3_cc/literature_high,0.16337276676886972,0.1630859375,3.000425722979495e-09
olmixq_u_kl0_cap04,dolma3_cc/literature_low,9.926484360345703e-10,0.0,0.0435601659723351
olmixq_u_kl0_cap04,dolma3_cc/science_math_and_technology_high,0.15369503983777122,0.1533203125,0.1536950353809028
olmixq_u_kl0_cap04,dolma3_cc/science_math_and_technology_low,0.07015957593663238,0.06982421875,1.0451455812002951e-09
olmixq_u_kl0_cap04,dolma3_finemath_3plus,4.768201853679672e-10,0.0,1.3658987023921575e-09
olmixq_u_kl0_cap04,dolma3_stack_edu,0.06452682087099489,0.06640625,0.084785556651247
olmixq_u_kl0_cap04,dolma3_wikipedia,4.380017282893312e-10,0.0,5.578797883057297e-10
olmixq_u_kl0_cap04,dolmino_common_crawl_hq,3.934919492283268e-09,0.0,2.076810183300035e-09
olmixq_u_kl0_cap04,dolmino_olmocr_pdfs_hq,0.13021116548614162,0.1298828125,1.0023942963625336e-08
olmixq_u_kl0_cap04,dolmino_stack_edu_fim,0.08466667232646391,0.08447265625,0.0846666752200227
olmixq_u_kl0_cap04,dolmino_stem_heavy_crawl,2.530207404931951e-10,0.0,1.0568275176198875e-09
olmixq_u_kl0_cap04,dolmino_synth_code,2.9474764766019056e-10,0.0,0.0119274314963753
olmixq_u_kl0_cap04,dolmino_synth_instruction,1.7353243705982788e-10,0.0,0.0113706848702466
olmixq_u_kl0_cap04,dolmino_synth_math,3.805933386545658e-10,0.0,5.632288581974223e-09
olmixq_u_kl0_cap04,dolmino_synth_qa,0.3333679241162499,0.3330078125,6.300782918545886e-09
olmixq_u_kl0_cap04,dolmino_synth_thinking,4.80205884709051e-10,0.0,1.5970336714600011e-09
olmixq_t9_kl0p005_cap04,dolma3_arxiv,1.7492911425396375e-07,0.0,0.017857231876287
olmixq_t9_kl0p005_cap04,dolma3_cc/art_and_design_high,0.0005800428677453035,0.00048828125,0.0002315637803036
olmixq_t9_kl0p005_cap04,dolma3_cc/art_and_design_low,0.0020141731684063667,0.001953125,0.0018788280233197
olmixq_t9_kl0p005_cap04,dolma3_cc/crime_and_law_high,0.00035595497413969145,0.0,0.000370914007778
olmixq_t9_kl0p005_cap04,dolma3_cc/crime_and_law_low,6.689679412425705e-05,0.0,2.987149916981953e-05
olmixq_t9_kl0p005_cap04,dolma3_cc/education_and_jobs_high,0.0005059332660864133,0.00048828125,2.7707773537498225e-06
olmixq_t9_kl0p005_cap04,dolma3_cc/education_and_jobs_low,7.927805172675838e-05,0.0,1.3185984285660704e-07
olmixq_t9_kl0p005_cap04,dolma3_cc/electronics_and_hardware_high,0.0009311288804803248,0.00048828125,0.0006762827341873
olmixq_t9_kl0p005_cap04,dolma3_cc/electronics_and_hardware_low,0.0005408397038635463,0.00048828125,0.0001066124275263
olmixq_t9_kl0p005_cap04,dolma3_cc/entertainment_high,0.04549757962344359,0.04541015625,0.0003696452935985
olmixq_t9_kl0p005_cap04,dolma3_cc/entertainment_low,0.0367979724634953,0.03662109375,0.0046004097627067
olmixq_t9_kl0p005_cap04,dolma3_cc/finance_and_business_high,0.003468487818686843,0.00341796875,0.0010801432828231
olmixq_t9_kl0p005_cap04,dolma3_cc/finance_and_business_low,0.0007789197423903759,0.00048828125,5.159341046496275e-06
olmixq_t9_kl0p005_cap04,dolma3_cc/food_and_dining_high,0.015460290277512171,0.01513671875,0.0010672979164107
olmixq_t9_kl0p005_cap04,dolma3_cc/food_and_dining_low,0.003357038234957176,0.0029296875,0.000374760917394
olmixq_t9_kl0p005_cap04,dolma3_cc/games_high,0.0270076163292016,0.02685546875,0.002173001504076
olmixq_t9_kl0p005_cap04,dolma3_cc/games_low,0.0018169833337632853,0.00146484375,0.00425254509233
olmixq_t9_kl0p005_cap04,dolma3_cc/health_high,0.022082400254993646,0.02197265625,0.0020104197210574
olmixq_t9_kl0p005_cap04,dolma3_cc/health_low,0.05548695576364617,0.0625,0.0081586419566076
olmixq_t9_kl0p005_cap04,dolma3_cc/history_and_geography_high,0.0007752021432088484,0.00048828125,0.0533389678431438
olmixq_t9_kl0p005_cap04,dolma3_cc/history_and_geography_low,2.0106759624876788e-05,0.0,0.0001874065843051
olmixq_t9_kl0p005_cap04,dolma3_cc/industrial_high,0.00020482347946225216,0.0,0.0045570787259413
olmixq_t9_kl0p005_cap04,dolma3_cc/industrial_low,2.2991858819130683e-05,0.0,0.0003230074940262
olmixq_t9_kl0p005_cap04,dolma3_cc/literature_high,0.16337276606465498,0.1630859375,0.0770732103498556
olmixq_t9_kl0p005_cap04,dolma3_cc/literature_low,0.00041627344430283437,0.0,0.0314090848711506
olmixq_t9_kl0p005_cap04,dolma3_cc/science_math_and_technology_high,0.009056936548519837,0.0087890625,0.0126850291134794
olmixq_t9_kl0p005_cap04,dolma3_cc/science_math_and_technology_low,0.012392612168403087,0.01220703125,0.0701595770683894
olmixq_t9_kl0p005_cap04,dolma3_finemath_3plus,0.011998494621815976,0.01171875,0.0215025251897405
olmixq_t9_kl0p005_cap04,dolma3_stack_edu,0.08478555657499379,0.08447265625,0.0847855565561764
olmixq_t9_kl0p005_cap04,dolma3_wikipedia,2.8408614858826906e-06,0.0,2.335946452111291e-10
olmixq_t9_kl0p005_cap04,dolmino_common_crawl_hq,0.01134185623677386,0.01123046875,0.0008678846446626
olmixq_t9_kl0p005_cap04,dolmino_olmocr_pdfs_hq,0.031713464581550777,0.03125,0.1302111646845048
olmixq_t9_kl0p005_cap04,dolmino_stack_edu_fim,0.08466667497166831,0.08447265625,0.0846666749615858
olmixq_t9_kl0p005_cap04,dolmino_stem_heavy_crawl,1.2886856897514735e-08,0.0,3.0822734197706493e-10
olmixq_t9_kl0p005_cap04,dolmino_synth_code,2.276280241166421e-06,0.0,0.0105596257264595
olmixq_t9_kl0p005_cap04,dolmino_synth_instruction,9.449962150583395e-10,0.0,2.852268991913277e-05
olmixq_t9_kl0p005_cap04,dolmino_synth_math,0.013799374182260842,0.013671875,0.0137993744108794
olmixq_t9_kl0p005_cap04,dolmino_synth_qa,0.3333679206818391,0.3330078125,0.3333679284581228
olmixq_t9_kl0p005_cap04,dolmino_synth_thinking,0.025231148230744373,0.02490234375,0.0252311483120152
olmixq_t9_kl0_cap04,dolma3_arxiv,1.861133171720451e-10,0.0,0.0178572316715328
olmixq_t9_kl0_cap04,dolma3_cc/art_and_design_high,6.409182066523926e-10,0.0,1.586298941074396e-09
olmixq_t9_kl0_cap04,dolma3_cc/art_and_design_low,1.5611990942952952e-09,0.0,4.1463897989622305e-09
olmixq_t9_kl0_cap04,dolma3_cc/crime_and_law_high,5.048548716654449e-10,0.0,1.584841078727616e-09
olmixq_t9_kl0_cap04,dolma3_cc/crime_and_law_low,3.7411000019593915e-10,0.0,1.1790686673987583e-09
olmixq_t9_kl0_cap04,dolma3_cc/education_and_jobs_high,4.742090187685946e-10,0.0,7.533197834197224e-10
olmixq_t9_kl0_cap04,dolma3_cc/education_and_jobs_low,3.800866593460143e-10,0.0,6.162956664932145e-10
olmixq_t9_kl0_cap04,dolma3_cc/electronics_and_hardware_high,6.716193811005904e-10,0.0,2.016391931442666e-09
olmixq_t9_kl0_cap04,dolma3_cc/electronics_and_hardware_low,6.874462902446975e-10,0.0,1.499626475542785e-09
olmixq_t9_kl0_cap04,dolma3_cc/entertainment_high,0.02825773537381868,0.02783203125,1.3126658899233802e-09
olmixq_t9_kl0_cap04,dolma3_cc/entertainment_low,0.09744231100258732,0.09716796875,3.31262066769092e-09
olmixq_t9_kl0_cap04,dolma3_cc/finance_and_business_high,6.602072786235923e-10,0.0,1.5859485809319221e-09
olmixq_t9_kl0_cap04,dolma3_cc/finance_and_business_low,5.408082107371928e-10,0.0,8.025955624638031e-10
olmixq_t9_kl0_cap04,dolma3_cc/food_and_dining_high,1.1235889102759152e-08,0.0,2.040601157694521e-09
olmixq_t9_kl0_cap04,dolma3_cc/food_and_dining_low,1.7113986858277403e-09,0.0,1.889882451657834e-09
olmixq_t9_kl0_cap04,dolma3_cc/games_high,0.0023111294932638723,0.001953125,2.283949172855168e-09
olmixq_t9_kl0_cap04,dolma3_cc/games_low,1.1408169307177254e-09,0.0,4.567017545388502e-09
olmixq_t9_kl0_cap04,dolma3_cc/health_high,3.376706726128929e-09,0.0,2.13589340701212e-09
olmixq_t9_kl0_cap04,dolma3_cc/health_low,0.11737021999691673,0.1171875,5.173556320243886e-09
olmixq_t9_kl0_cap04,dolma3_cc/history_and_geography_high,7.054033520520244e-10,0.0,0.0854435940256591
olmixq_t9_kl0_cap04,dolma3_cc/history_and_geography_low,3.415075976998513e-10,0.0,1.8587554048531862e-09
olmixq_t9_kl0_cap04,dolma3_cc/industrial_high,4.992265795346705e-10,0.0,5.537115794950903e-09
olmixq_t9_kl0_cap04,dolma3_cc/industrial_low,3.4904773351580367e-10,0.0,2.160609472207129e-09
olmixq_t9_kl0_cap04,dolma3_cc/literature_high,0.1633727668893698,0.1630859375,0.077487580265825
olmixq_t9_kl0_cap04,dolma3_cc/literature_low,6.570369537351798e-10,0.0,0.0435601591566057
olmixq_t9_kl0_cap04,dolma3_cc/science_math_and_technology_high,1.8128825548014882e-09,0.0,5.401312776876978e-09
olmixq_t9_kl0_cap04,dolma3_cc/science_math_and_technology_low,1.6475087206735647e-08,0.0,0.0701595763712932
olmixq_t9_kl0_cap04,dolma3_finemath_3plus,0.019134504633030704,0.01904296875,0.021502525112996
olmixq_t9_kl0_cap04,dolma3_stack_edu,0.08478555661046441,0.08447265625,0.0847855563820009
olmixq_t9_kl0_cap04,dolma3_wikipedia,3.8466622541093745e-10,0.0,2.753080089478146e-10
olmixq_t9_kl0_cap04,dolmino_common_crawl_hq,8.235500153320084e-10,0.0,1.2845371465465223e-09
olmixq_t9_kl0_cap04,dolmino_olmocr_pdfs_hq,0.030260604273923575,0.033203125,0.1302111640444101
olmixq_t9_kl0_cap04,dolmino_stack_edu_fim,0.08466667499940235,0.08447265625,0.084666674818141
olmixq_t9_kl0_cap04,dolmino_stem_heavy_crawl,1.636079467758893e-10,0.0,3.156031786280631e-10
olmixq_t9_kl0_cap04,dolmino_synth_code,2.685297525302747e-10,0.0,0.0119274305468333
olmixq_t9_kl0_cap04,dolmino_synth_instruction,1.0368491573175353e-10,0.0,1.4860953034675172e-09
olmixq_t9_kl0_cap04,dolmino_synth_math,0.01379937420161642,0.013671875,0.0137993743769193
olmixq_t9_kl0_cap04,dolmino_synth_qa,0.3333679275541594,0.3330078125,0.3333679281490928
olmixq_t9_kl0_cap04,dolmino_synth_thinking,0.025231148240832144,0.02490234375,0.0252311482723901
