run_name,target_family,noise_mode,aggregate_mean_theta,accuracy_reference,theta_1,theta_2,theta_3,theta_4,theta_5
baseline_proportional,task_proxy_irt,variable,1.1112618152532734,0.3572241191704489,1.2756227370763975,2.829121398892736,0.13022321709369022,2.6977512397141026,-1.3764095165105583
run_00230,task_proxy_irt,variable,0.8770189046152564,0.3542318527987482,2.886063618126558,0.6675825016973592,-0.12270676915777552,2.3253849094159196,-1.3712297370057787
run_00018,task_proxy_irt,variable,0.8540881609856342,0.34864941603172805,1.2580902302931447,-0.2802538521668252,1.4734074879143126,-0.10647115645179969,1.9256680953393386
run_00223,task_proxy_irt,variable,0.7426501262810217,0.3536645444052528,0.08178533725397966,1.78608967509329,0.3751115493955793,-0.5237187639003811,1.9939828335626402
run_00221,task_proxy_irt,variable,0.7226426152158808,0.34913576460116713,-0.3651319314684415,0.0017920613657931319,2.768629724040227,0.09913131893347539,1.1087919032083502
run_00203,task_proxy_irt,variable,0.722132155967991,0.3490300318539721,1.6933355006065898,-0.1531034754619339,1.310456986931825,0.8143576114448811,-0.05438584368140742
baseline_unimax,task_proxy_irt,variable,0.6977747235756058,0.3528362150144063,1.0258774532398296,2.389123696147098,-1.0280768923005237,1.695121230504994,-0.5931718697133687
baseline_stratified,task_proxy_irt,variable,0.6862873679682762,0.3465511486441589,0.877146465256398,1.072866527708899,0.11248680194087976,0.652665742796462,0.7162713021387426
run_00218,task_proxy_irt,variable,0.6854765041439584,0.3486622901790402,1.147524888796776,0.4974090946031249,0.013019899274336489,2.1204040308942464,-0.35097539284869145
run_00233,task_proxy_irt,variable,0.677346841079338,0.33967463630013167,-0.1502064914705906,3.5875442705149796,-1.4570972622980447,-0.2586811764228549,1.6651748650732008
run_00021,task_proxy_irt,variable,0.6727886132523334,0.34422355234743285,0.9963883299557079,0.01660138159608202,1.3305717661805576,-0.4497008968377152,1.470082485367035
run_00156,task_proxy_irt,variable,0.6612819284248845,0.35631091142667765,-0.24255835717133548,0.13165207906371643,0.014129840869327783,2.3117987338768557,1.0913873454858576
run_00028,task_proxy_irt,variable,0.657553853780297,0.3491040963602102,-0.38257056051366733,-0.9962572667512684,1.6590033660271342,2.7409887480251287,0.26660498211415795
run_00062,task_proxy_irt,variable,0.6468393019380525,0.34928890739307306,0.8457716674189404,-0.4602453550780931,0.18974868567611594,1.2163330645088513,1.4425884471644477
run_00129,task_proxy_irt,variable,0.6410483871322615,0.34873894612333745,0.8410616476129117,0.16070974095377336,0.8107346562843423,1.2656158151414814,0.12712007566879877
run_00071,task_proxy_irt,variable,0.6048151447581079,0.35155141916782906,-0.1973231085373656,1.3443276156910242,2.630075853876828,-0.8775161400922407,0.12451150285229365
run_00091,task_proxy_irt,variable,0.6040803608121633,0.34720912048760877,1.1143175392987739,-0.5138242219868151,1.3543821607156996,-0.058363327635233074,1.1238896536683916
run_00207,task_proxy_irt,variable,0.5963420835562301,0.3491873360579405,-0.15498330802904758,1.8489451244263353,-0.08364887982242912,0.8931112886055171,0.4782861926007746
run_00227,task_proxy_irt,variable,0.5827030787094025,0.3508050867738589,0.0383785905137603,0.5537945102248336,0.9986206060183286,1.3575313348258338,-0.034809648035743906
run_00068,task_proxy_irt,variable,0.5557856731199481,0.3484535357257689,0.7086821995875853,-0.14274876750956575,0.06686365170519738,1.2386015310644507,0.9075297507520728
run_00125,task_proxy_irt,variable,0.5516975827025428,0.3525841764539547,-1.3800343804489337,0.8694675557372238,0.3591903082522971,1.8101813028156755,1.0996831271564516
run_00131,task_proxy_irt,variable,0.5430645996711759,0.3516753089519775,1.4839088986679918,-0.501657325447217,-1.231658589831225,1.2893341789411903,1.6753958360251395
run_00100,task_proxy_irt,variable,0.5399469139739346,0.35583100582288435,1.910658183485366,-0.3683259616221391,-0.6427742385224663,1.5346929239408036,0.2654836625881088
run_00160,task_proxy_irt,variable,0.5338685874666437,0.34339919513476336,0.7004910943672529,0.16493015726076013,1.3976098526613467,-0.5922672426623438,0.9985790757062025
run_00075,task_proxy_irt,variable,0.5279113400208478,0.3523792688991589,1.66698195434178,1.000441706629655,-1.1274907296810168,1.3874074751670251,-0.28778370635320455
run_00118,task_proxy_irt,variable,0.5099188861515793,0.3469332676741997,-0.37755784643720813,-0.9735507490788354,2.0532621823733317,0.7532703624023419,1.0941704814982662
run_00025,task_proxy_irt,variable,0.4875139683377457,0.33859733165785355,0.6320126712168727,0.7086295473003545,0.4695989193280201,-0.48539191306321783,1.1127206169066988
run_00079,task_proxy_irt,variable,0.4835112414337268,0.3503706932898634,-0.10690864399440528,-0.009174723404484483,0.7760175623503268,1.979909849307382,-0.22228783709018496
run_00201,task_proxy_irt,variable,0.4822570779366561,0.34695695095184503,0.3021359850086519,0.5994074426296341,0.17581611347770373,0.5722151439873342,0.7617107045799566
run_00162,task_proxy_irt,variable,0.4800391751183263,0.3525550037874453,0.0785439178768927,-0.31608240432944607,1.154840213166312,0.5370402813107983,0.9458538675670742
run_00159,task_proxy_irt,variable,0.4518960983634098,0.3535146704956724,-1.2564594578219397,2.3457388085116166,-0.6395834178281915,1.3909607252054002,0.41882383375016374
run_00060,task_proxy_irt,variable,0.45121976675743525,0.3562163123942929,1.1121466260941149,0.038717403818031765,1.6183152165120342,0.05934385462465456,-0.5724242672616593
run_00052,task_proxy_irt,variable,0.4406899737514182,0.347295772544393,1.3910702311059318,-0.6739681825027772,1.7006142292317772,0.20878393111247293,-0.4230503401903134
run_00202,task_proxy_irt,variable,0.4404516741416916,0.3446761357131734,0.9057818782324724,0.8583825842519255,-0.3343426420097656,0.32974212210274084,0.44269442813108517
run_00027,task_proxy_irt,variable,0.42529694881307867,0.34086015520960794,1.4064641305937062,-0.576883249805659,0.7801256268351403,-1.177245169321307,1.6940234057635128
run_00192,task_proxy_irt,variable,0.4204542088774662,0.3508520815991491,1.5839930470399193,-0.5714559422489934,0.6866464595505665,-0.4316277029222896,0.8347151829681281
run_00124,task_proxy_irt,variable,0.4192890424395487,0.3560121472867683,-0.3545528508875708,0.3941521478054271,0.9830868519593657,0.9852565005554483,0.08850256276507329
run_00228,task_proxy_irt,variable,0.41914097453743526,0.34468941063286473,1.8676063539576442,0.9194058971647341,0.7991013949079437,-0.7524885440055654,-0.7379202293375802
run_00054,task_proxy_irt,variable,0.4184737403985432,0.3442119103706476,1.3333886126613954,-0.02030839183318886,0.6692561218236953,-0.40630495356071655,0.5163373129015303
run_00130,task_proxy_irt,variable,0.4148320777044369,0.34763027500167715,0.3921246332206201,-0.06191029426666325,0.5772367017246255,0.36080086717316745,0.805908480670435
run_00180,task_proxy_irt,variable,0.40799372765630826,0.350422060763208,0.6392434692016064,-0.6542869495813042,-0.9099646298216674,1.6561835459607863,1.3087932025221205
run_00015,task_proxy_irt,variable,0.402468820095747,0.34572565728405763,0.9698279417522396,0.24654981940764584,-0.3228790261366783,-0.042379446153465256,1.1612248116089934
run_00178,task_proxy_irt,variable,0.3996986876685799,0.34997443980784404,-0.5185490105229905,1.3752676823655567,-0.9793652325977286,0.9467457025648262,1.1743942965332357
run_00063,task_proxy_irt,variable,0.39799917942809343,0.3553460734446175,-0.24533135151947558,1.6086001491535953,0.25728698975825454,0.3123172297233574,0.057122880024735465
run_00064,task_proxy_irt,variable,0.3901230614685172,0.35397744705427836,0.36002814406697736,1.11478317103635,1.0739383230572808,-0.9306324447499262,0.3324981139319046
run_00155,task_proxy_irt,variable,0.36556594330110126,0.3392976449581039,-0.8779439208867654,0.047714025324902654,0.10471183163097349,1.2229822135598456,1.33036556687655
run_00137,task_proxy_irt,variable,0.3583499480173448,0.3453378542230616,0.28886140263195487,0.08122361136284093,-0.3167098903088209,1.3308736885572257,0.4075009278435236
run_00217,task_proxy_irt,variable,0.34990859782492445,0.34804817304392116,-0.14053927620644277,1.4216368396679755,0.5703097077977306,0.40870621753498326,-0.5105704996696242
run_00039,task_proxy_irt,variable,0.34655683462770137,0.3411167325970814,-0.2995433432394814,0.7603110142987745,-0.23336876243844995,0.5363325089690855,0.9690527555485782
run_00070,task_proxy_irt,variable,0.34109960321511296,0.3468823422180462,2.130038158353279,0.8129422792901488,1.1047927239097846,-0.4752730569860087,-1.8670020884916383
run_00081,task_proxy_irt,variable,0.33453730992172803,0.3402984102506097,0.337160819128439,1.4100481764149195,-1.6315745451861132,1.592603845397891,-0.03555174614649598
run_00188,task_proxy_irt,variable,0.33449744515660484,0.35147597174155937,0.24305809979600854,0.25699735168908294,0.6928543720145978,1.0976046831510844,-0.6180272808677494
run_00195,task_proxy_irt,variable,0.33060927570235477,0.3444027975942667,2.4910421612050353,0.29080646669998134,-0.7909658914059329,0.6374938940157833,-0.975330252003093
run_00237,task_proxy_irt,variable,0.32688546477247993,0.35177378560588035,-0.37633100394958763,0.15679031017246942,0.04483511144871558,1.3676032787531036,0.44152962743769886
run_00084,task_proxy_irt,variable,0.3243794864060755,0.3483340962409112,0.1516450899919226,-0.04738565713939917,2.3668600774964457,-1.224119662045754,0.3748975837271623
run_00183,task_proxy_irt,variable,0.3140608391678578,0.34899926338638787,-0.07379897486294816,0.7317706586900729,1.0781320457299295,-0.5049975932868749,0.3391980595691098
run_00198,task_proxy_irt,variable,0.31297951446140426,0.3532864748462622,0.22037228798198577,1.0752412681737546,0.9378827797146557,-0.1891515783940911,-0.4794471851692837
run_00219,task_proxy_irt,variable,0.3125248682491391,0.3515055859137947,0.5095524332622555,0.0908228158672723,0.5002962767955691,-0.13464638759032047,0.596599202910919
run_00126,task_proxy_irt,variable,0.3106170813363543,0.34953514565939775,-0.9330970885230543,1.9479297461769682,1.0911305639957218,-0.4472925983687728,-0.10558521659909127
run_00205,task_proxy_irt,variable,0.30782096471553977,0.3455186915485007,0.6497385367982819,-0.5190588328971348,0.9424118127401806,-0.6965152618554122,1.1625285687917835
run_00034,task_proxy_irt,variable,0.3071403210600813,0.3491270932913643,0.2855987161781478,-0.33116830735443653,0.4323932374544449,1.178526754380957,-0.029648795358706462
run_00138,task_proxy_irt,variable,0.2965894489143448,0.34416237491305945,0.8727578205157592,0.6533319903083733,-0.4774962677760238,0.215012538345673,0.21934116317794222
run_00008,task_proxy_irt,variable,0.28397816471170395,0.3522597998447458,0.31665805212925174,0.630513561243008,-0.12219676850017767,0.14070980051316717,0.4542061781732706
run_00083,task_proxy_irt,variable,0.2833025792326308,0.3528245898256385,-0.8514452272935584,-0.367412519414896,0.5231402037372733,1.4413363686384055,0.6708940704959295
run_00142,task_proxy_irt,variable,0.28126152341210375,0.34876990829259263,0.20795447766791922,0.7516191646427677,0.8396922312873183,1.0462395368218895,-1.4391977933593758
run_00072,task_proxy_irt,variable,0.2784018594133559,0.34692333987628343,0.33400576695003414,0.6435434665775872,1.7400659862908927,-1.0717774379288603,-0.2538284848228742
run_00103,task_proxy_irt,variable,0.2713154043796479,0.3464906527136997,1.6174558497863725,-1.0587155540853095,-0.1590907517340267,-0.16738806447634533,1.1243155424075486
run_00127,task_proxy_irt,variable,0.269181028390628,0.3526813101560022,-0.22747283007723534,1.356139045776317,1.3119393639689794,-0.7087158052460508,-0.3859846324688699
run_00182,task_proxy_irt,variable,0.26168208752969846,0.35223914808187723,0.06075855484347604,0.46308181287197114,0.7736702034148221,0.6900965712001084,-0.6791967046818852
run_00173,task_proxy_irt,variable,0.24998895584721703,0.3480525381710006,-0.42682250590779264,-0.3241392581893432,-0.03723094860943025,1.8007836363344936,0.23735385560815764
run_00153,task_proxy_irt,variable,0.24926433928955705,0.3518179709438409,3.088245860698145,-0.6429505921377916,-1.2053717700823048,0.2970370607040655,-0.29063886273432893
run_00088,task_proxy_irt,variable,0.2366201136103351,0.3517114092105069,0.5000082060187767,-0.33193427841604217,0.10780510335582734,1.2787631485793298,-0.3715416114862162
run_00236,task_proxy_irt,variable,0.22501008145087345,0.3434146196004323,-0.6843854005503809,0.4276822605195285,0.6766125537032495,0.5137830989159935,0.1913578946659767
run_00177,task_proxy_irt,variable,0.2216994599826357,0.34643679300762853,1.2798325828079669,0.27670659031525957,0.9095330744896424,-0.8012378054695919,-0.5563371422300979
run_00211,task_proxy_irt,variable,0.220672252144377,0.3422923342793434,2.1723131787154277,0.6770080660432342,0.8261786361464222,-0.43265310031783305,-2.1394855198653664
run_00175,task_proxy_irt,variable,0.21216519607257145,0.35066078560946545,1.1382117840982555,-0.7670723411375706,0.6831717721814842,-0.3413961021849866,0.3479108674056747
run_00214,task_proxy_irt,variable,0.20810317924356797,0.3494251192885188,-0.03344117257855109,0.7081302249235613,1.2856717832700164,-0.18310384702143653,-0.7367410923757503
run_00123,task_proxy_irt,variable,0.20257191746404243,0.3526235439835675,-0.08037670840269716,-0.0984931267684899,0.381632924246804,0.5400699764685878,0.27002652177600733
run_00199,task_proxy_irt,variable,0.19075334871915445,0.3497724265208281,1.8839548189738233,-0.6059976795645393,-0.2768473929657369,-0.6161913135854207,0.5688483107376459
run_00012,task_proxy_irt,variable,0.189777376808365,0.3436219327436125,1.3470590810412797,0.6490772355840824,-0.18030164079693223,0.013028915904726901,-0.8799767076913317
run_00069,task_proxy_irt,variable,0.18721114896668864,0.3464403759170062,0.03852874758508971,-1.2904673920819831,0.9914812543907601,-0.046319655335802366,1.2428327902753789
run_00200,task_proxy_irt,variable,0.18645841304768532,0.3434810429624177,-0.46926512020030237,0.6086009364166575,-1.2612446244916737,-0.4079190326374036,2.4621199061511487
run_00169,task_proxy_irt,variable,0.18363156103677186,0.3469778210169156,0.10638041593511491,0.8823900416935719,0.8369338345040208,-0.1609424485244837,-0.7466040384243647
run_00112,task_proxy_irt,variable,0.17965337035151024,0.3389601839792107,0.6632197197127276,0.012430620302071083,0.0787219638649287,-0.5905450568140151,0.7344396046918389
run_00152,task_proxy_irt,variable,0.1769618212719067,0.34017462438662904,-0.260694414318097,-0.882134623060506,0.7526225761327989,-0.020081426162739287,1.295096993768077
run_00093,task_proxy_irt,variable,0.1722734291704503,0.3446151736536919,1.4800787979423,0.24272894328929004,-1.139490213018856,-0.5036469801067553,0.7816965977462728
run_00168,task_proxy_irt,variable,0.1714116967628198,0.34281398988209294,-0.03767087800607635,0.32646940063472746,-0.6407881338564647,0.09491423240465083,1.1141338626372619
run_00089,task_proxy_irt,variable,0.16182306952259912,0.3573754936199568,-0.9808731259140847,-0.5999941316029171,1.6536768993442141,0.9515710579560883,-0.21526535217030485
run_00076,task_proxy_irt,variable,0.16085996676583417,0.347440863494408,0.3023400958177875,0.795567526305083,-0.9526432552356027,1.277264924539852,-0.6182294575979489
run_00040,task_proxy_irt,variable,0.1585871776814792,0.34258908211175215,-0.3456304647357021,1.814955005725231,0.31193493664425426,-1.2015357987762192,0.21321220954983183
run_00239,task_proxy_irt,variable,0.15792397528421964,0.3497706813789353,0.6525501689911265,0.7937547768035407,-0.6290102317398205,-0.3249385089995574,0.2972636713658091
run_00041,task_proxy_irt,variable,0.14361563312759668,0.34570902902395395,0.37614779337204673,0.0660071760194196,1.7692379822800832,-1.3618108453875362,-0.13150394064603016
run_00187,task_proxy_irt,variable,0.13790228498330886,0.3452575827074179,0.7113917512474947,1.4349964261139745,0.23520128815374555,-1.6941475124809469,0.0020694718822764457
run_00191,task_proxy_irt,variable,0.1356312946688371,0.34584675026638606,-0.06314435473758039,1.5299423334298332,-0.617181084896787,0.035355137747529415,-0.20681555819880984
run_00229,task_proxy_irt,variable,0.13296153766527138,0.35043220348946974,0.3066414681289475,-0.8071994924423096,0.2339133771901516,-0.3346577627472371,1.2661100981968045
run_00212,task_proxy_irt,variable,0.1278662905167691,0.34144635479168517,0.29066206853025617,-1.2409674655980734,0.14238062176708544,0.7401039207269539,0.7071523071576234
run_00154,task_proxy_irt,variable,0.12589884841271698,0.34837228114792784,0.19610503377215074,-0.43248551921628287,1.0652493210826885,1.0871430288355197,-1.286517622410491
run_00224,task_proxy_irt,variable,0.12535810894183158,0.3446901476570728,-0.1198779034829125,-0.5690538927626259,0.2763703188809303,0.856701690877441,0.18265033119632504
run_00090,task_proxy_irt,variable,0.12104186641712952,0.34626259515560176,-1.0932800676152712,1.3306346602342791,-0.0804087829580714,-0.6856901551762498,1.1339536776009609
run_00225,task_proxy_irt,variable,0.09763825662181448,0.3483120445890472,-0.12813733795865234,0.14751012703710767,-0.6372788396331404,0.7071621080950332,0.39893522556872424
run_00213,task_proxy_irt,variable,0.09336373760533911,0.34544481639085545,-0.6896329210381991,-0.7056934976216981,0.8192934259588274,-0.2869004926481191,1.3297521733758846
run_00101,task_proxy_irt,variable,0.0895860340520935,0.340647795312952,1.3106938845323313,-0.8927465760331162,-0.6683199195681487,-0.2737309823809593,0.9720337637103605
run_00098,task_proxy_irt,variable,0.08144035874432448,0.34407918957173794,-0.543727963943359,0.516883879814364,-0.3080354419607885,0.6149018412479321,0.12717947856347378
run_00046,task_proxy_irt,variable,0.07766161579928907,0.34785627415633263,-0.37535965298023066,0.6389687440774429,-0.014695561478597545,-0.19792060582592758,0.33731515520375827
run_00102,task_proxy_irt,variable,0.07538656946516917,0.34795186919811355,-1.6686540096164342,1.0513397055461264,-0.437795380028133,1.3512354138391063,0.08080711758518037
run_00167,task_proxy_irt,variable,0.07353591463005195,0.34427112698038287,-0.2794357727245216,1.7540870086849107,-0.14200830992102415,-1.3478920633795932,0.3829287104904879
run_00117,task_proxy_irt,variable,0.06287240671773871,0.3461556706246135,-0.9943310160300216,-0.40783815994276085,1.0842455147256378,1.503846564005053,-0.8715608691692148
run_00135,task_proxy_irt,variable,0.05191834100863013,0.34611082808147836,-0.3958384891328393,1.2115132496489887,1.1686747096133858,-2.3503276709302985,0.6255699058439139
run_00105,task_proxy_irt,variable,0.03731859701650029,0.35051841333191475,-0.9079692619886313,0.18560029850346058,-0.51336368568927,-0.23196288343880694,1.6542885176957491
run_00186,task_proxy_irt,variable,0.031609902208510024,0.34929857082774995,-0.8654560864153109,1.2872630242071303,-0.14626898856931783,-0.029070531698706336,-0.08841790648124517
run_00171,task_proxy_irt,variable,0.0287907972193171,0.3406621227739755,0.8008717466495868,-0.68685751967904,0.33208876382925223,1.221654113012906,-1.5238031177161195
run_00049,task_proxy_irt,variable,0.019828618401105023,0.34995576368816045,-0.6390473391277645,0.9376284566342958,1.1697427226652843,-1.6803048620667198,0.3111241139004292
run_00107,task_proxy_irt,variable,0.014449128851276827,0.35324967005198615,0.4466584816248902,0.13169556556107095,0.9699049390790665,0.3409497024770372,-1.8169630444856806
run_00086,task_proxy_irt,variable,0.011483933057057572,0.34622132384670556,0.8984926746006123,-1.7367856580569578,-0.7260883118591747,0.2623140140400376,1.3594869465607704
run_00050,task_proxy_irt,variable,0.011289768188924586,0.35405915320026676,-1.6105303857539732,0.5480469154194488,0.352645988296891,0.3292539069538433,0.43703241602841314
run_00047,task_proxy_irt,variable,0.006373680973687712,0.3501705002710076,1.3148414834175992,-1.897407637244013,-1.2850940892607863,0.6582076059715476,1.241321041984091
run_00087,task_proxy_irt,variable,0.005685895300515553,0.34727526270635894,-0.9698942660369108,0.057861103421590274,0.7470235608748628,-0.146714544235181,0.3401536224782165
run_00133,task_proxy_irt,variable,-0.003137565657457808,0.3441583949650936,-0.9082221863940343,-0.06738999284418239,0.47281376929011104,0.8622880988080684,-0.37517751714725195
run_00080,task_proxy_irt,variable,-0.005297843502131494,0.34969579414805757,0.48097905032091925,0.9190024428110138,-0.22255835784237776,0.2950971376849156,-1.4990094904851283
run_00231,task_proxy_irt,variable,-0.0059276811492288365,0.34431047513113977,-0.6929262726940923,-0.3530326237193069,0.11979952208029845,0.6578672462895729,0.23865372229738369
run_00194,task_proxy_irt,variable,-0.006626910390367113,0.3401137595627389,-0.7861585933061137,-0.010291747984666493,-0.17837730287491155,0.18868181804767414,0.7530112741661821
run_00104,task_proxy_irt,variable,-0.008737883448176387,0.3532218369733638,-1.0629344423138114,0.8785424128924936,-0.07290532142580458,1.4005618386100056,-1.1869539050037652
run_00073,task_proxy_irt,variable,-0.010240108270081838,0.34659758096737514,0.31950824036688497,-0.18476485195204653,-0.1560060053550598,-0.7682662541874243,0.7383283297772365
run_00146,task_proxy_irt,variable,-0.012002749095449915,0.34621428006599947,-0.11993735460887388,1.3232213922963345,0.26117686701478005,-0.8823500875916639,-0.6421245625878265
run_00056,task_proxy_irt,variable,-0.01756988872016656,0.3474293789902319,-1.1860499778424463,-0.9135252036105315,0.4406273044113913,-0.5290235943902204,2.100122027830974
run_00204,task_proxy_irt,variable,-0.026754377378956962,0.3495916621234509,-0.12570556156301252,1.8712127425508003,-0.6442559641691519,-0.08943856824002826,-1.1455845354733925
run_00163,task_proxy_irt,variable,-0.028937236861435588,0.34338258281218464,-0.11275248768527102,-1.003805300573526,0.9548840429521834,-0.9396857185203751,0.9566732795198106
run_00010,task_proxy_irt,variable,-0.03578025028555944,0.3370147407321253,-0.3097868742512908,0.18493934601182047,0.6663305997769801,-0.45702862714768194,-0.26335569581762497
run_00059,task_proxy_irt,variable,-0.04179561189645202,0.34942344115999185,1.3312172151893176,-0.3725121717121424,1.3142103200565878,-0.18809892863820105,-2.293794494377822
run_00110,task_proxy_irt,variable,-0.041821357458105356,0.33932381441916715,0.36772397250602656,-0.5106123559778917,-1.4945929207408215,1.0326493651841202,0.39572515173803957
run_00014,task_proxy_irt,variable,-0.042150924956232204,0.34131359055201854,-0.7258438735930905,0.6118212978309837,0.026491818167839073,0.6799397139057748,-0.803163581092668
run_00166,task_proxy_irt,variable,-0.04245591826844923,0.34741656030201906,0.26405425275807587,-1.7005909365606053,0.12508986018858784,-0.12231254681768937,1.2214797790893848
run_00161,task_proxy_irt,variable,-0.043996188111394344,0.3483544675731007,0.8131513063461046,1.5646887704283166,0.7091166805530066,-1.415648048246048,-1.8912896496383513
run_00020,task_proxy_irt,variable,-0.06107903931066647,0.3369905375176925,-0.19591387555299197,0.14223525399178993,-0.11543585490708833,-0.8804225775188832,0.7441418574338412
run_00165,task_proxy_irt,variable,-0.06690130556087118,0.34030822853391773,0.10137149768175918,-0.6592724096826758,-0.8211071988622741,0.7225566275378504,0.3219449555209845
run_00226,task_proxy_irt,variable,-0.07464024454388232,0.34696945594131634,-0.770279639261827,1.1482763677406589,0.2726080388421349,-0.164952139215322,-0.8588538508250564
run_00235,task_proxy_irt,variable,-0.07620804657092276,0.3484779831458616,-1.001619080656746,-0.01586173350036481,-0.45733311181842956,1.112365451997706,-0.018591758876779375
run_00085,task_proxy_irt,variable,-0.07841935785997993,0.3489984215737369,0.20330116234329715,-1.0287861511007823,0.6188760752370176,-1.2132980859134823,1.0278102101340503
run_00140,task_proxy_irt,variable,-0.07952571126204012,0.34520989914460753,1.184650467660671,-0.7799969634767372,0.5533402728287579,-1.1528696247562358,-0.20275270856665656
run_00149,task_proxy_irt,variable,-0.0810250405623929,0.33882988534710373,0.4700281739882744,0.9523764725912934,0.910066771989851,-1.3693027589116715,-1.368293862469712
run_00139,task_proxy_irt,variable,-0.08701626041798223,0.35192054169299203,1.0336693452515333,0.46649165627162104,-0.37925170291605675,0.15982250001198495,-1.7158131007089938
run_00147,task_proxy_irt,variable,-0.08725380323433338,0.34476675980427324,-0.5894654352697455,1.559242844966501,-2.203019386978443,0.7029281954907076,0.0940447656193129
run_00150,task_proxy_irt,variable,-0.0926848602846752,0.3503634515362711,0.8878659725317253,1.102321308289302,-1.0661705730549622,-0.7863347582358565,-0.6011062509535845
run_00128,task_proxy_irt,variable,-0.10021406864583068,0.3461595730058721,0.6704586909821304,-1.1554595715393021,-0.45400336896791244,-0.3046372637674923,0.742571170063423
run_00176,task_proxy_irt,variable,-0.10821401752773074,0.35162117323025277,-0.7980838679066999,0.9428474933268163,0.3354282250120527,-1.0262453545457608,0.004983416474938105
run_00141,task_proxy_irt,variable,-0.11612725787479036,0.34817045450837636,-0.9030588940804012,-0.6609087026858458,0.07008757308139753,-0.32569272244608904,1.2389364567569867
run_00151,task_proxy_irt,variable,-0.12341276226207651,0.34705181555624104,0.19512283543724954,-0.8306179505353527,0.45709715261710143,-0.11644398324403137,-0.32222186558534943
run_00095,task_proxy_irt,variable,-0.12929155718681207,0.3426058660430289,0.4950038017110545,1.120873749714471,0.6364913653123738,-1.887948185970119,-1.0108785167018408
run_00222,task_proxy_irt,variable,-0.13670106962923523,0.3450696982019253,0.30348494937934495,-0.5960382779616131,0.6242437728342417,-0.2838337829677643,-0.7313620094303854
run_00051,task_proxy_irt,variable,-0.14327979192459614,0.3399972077164439,-1.4244725534741602,-0.2862854165235209,0.35568667823562794,-0.12039869789743542,0.759071030036508
run_00196,task_proxy_irt,variable,-0.14548909774402424,0.34482120619307677,1.0484139757318052,-0.8101370440837503,-0.8454657702835245,0.7386794455591809,-0.8589360956438324
run_00030,task_proxy_irt,variable,-0.14820616859227104,0.34775140545978594,0.03510655309397942,-0.3350755705362957,-0.7045510381918604,0.0819564636023575,0.1815327490704639
run_00026,task_proxy_irt,variable,-0.1490838371708409,0.3468971101392897,-0.731609697153083,-1.4862193061628743,1.849788113867418,-0.9784802377519366,0.6011019413462716
run_00181,task_proxy_irt,variable,-0.15078738346329276,0.33996900003088404,-0.45021232403756295,-0.0008665401437928243,-0.4828850253509892,-0.20338907748337332,0.3834160496992544
run_00179,task_proxy_irt,variable,-0.1515696105789816,0.34896574185328694,-0.30920552047020977,-1.0705568583747271,0.39104418137944136,0.3258356986892121,-0.09496555411862478
run_00037,task_proxy_irt,variable,-0.152193395149371,0.34225501435986094,0.5074181062456058,-0.20437435694662243,-0.23913239380978854,-0.6277903890049972,-0.19708794223105264
run_00114,task_proxy_irt,variable,-0.15300949305647354,0.34228332746375073,0.40888443301071037,0.5446075095065229,-0.600367631486765,0.5834616960421409,-1.7016334723549769
run_00078,task_proxy_irt,variable,-0.15672278500502693,0.34220039436810457,-1.3001303811285592,-0.3364760647957165,-1.2459105047767802,0.7728459472938033,1.3260570783821182
run_00116,task_proxy_irt,variable,-0.17284233474801783,0.3404012210984013,-0.6450031691695519,0.5144752774238708,-0.5392233195810544,-0.054075151275513024,-0.14038531113784053
run_00061,task_proxy_irt,variable,-0.1743795692147977,0.351857629504891,-0.8782747176340596,-0.6078775814390119,0.5723150579141981,1.6005458315596057,-1.5586064364747207
run_00144,task_proxy_irt,variable,-0.17955942461390398,0.35251313267804085,-0.9811082373163335,0.8210367231230874,-0.868711535244276,-0.23643811142527377,0.3674240377932761
run_00035,task_proxy_irt,variable,-0.18659552079298986,0.346825519450738,-0.30026797337732425,-0.7709433791923849,0.8938922589165199,-1.2523728705815993,0.4967143602698391
run_00145,task_proxy_irt,variable,-0.1927086735115771,0.345020926563961,-0.22121812576849986,-0.5377182843841796,-0.4539904794505332,-1.2895378737066185,1.5389213957519456
run_00119,task_proxy_irt,variable,-0.1974846567333958,0.34199883737514974,-1.4083477473524864,1.3146051563224794,-0.9389044657578047,0.47786981931753353,-0.43264604619670083
run_00058,task_proxy_irt,variable,-0.21168140707216293,0.3393715323377629,-0.06711991015645713,-1.107404019924841,-0.8300735473401283,0.06399889454211138,0.8821915475185006
run_00132,task_proxy_irt,variable,-0.218929283157913,0.34152186029735404,1.0462990659567115,-0.2882996177633894,0.22839728477573223,-1.6205703301066934,-0.4604728186519261
run_00055,task_proxy_irt,variable,-0.21896269286921283,0.3456447777716866,0.336890859745423,0.6848296988743753,-0.8526597453632913,0.5058617289065468,-1.7697360065091177
run_00157,task_proxy_irt,variable,-0.21924190481594236,0.3457775459790089,-0.9315669952736733,0.40075535933110873,0.4934955682951916,-0.3312150643299014,-0.7276783921024376
run_00234,task_proxy_irt,variable,-0.2212529385116317,0.34698299433990876,-0.0638881009870953,-0.3797904334035648,0.49779562205598715,0.16654534861388873,-1.3269271288373743
run_00108,task_proxy_irt,variable,-0.22254314906887745,0.34122285582361145,-2.048961359599004,0.5610273809267777,1.403881809084818,-0.5844698961240941,-0.4441936796328849
run_00197,task_proxy_irt,variable,-0.22865322587091735,0.34759317521108396,-0.45062501878999484,-0.08221872130572042,-0.8676374512238835,-0.20642651426973163,0.46364157623474356
run_00210,task_proxy_irt,variable,-0.22977285184306667,0.3451178059836559,-0.32185439150166084,0.9041839324120042,-0.3668863112656947,-0.6880624160310651,-0.6762450728289169
run_00189,task_proxy_irt,variable,-0.2336720966070814,0.34740330160527777,-0.2755636811528537,2.2051511652507605,-0.4846005417811835,-1.712158317158781,-0.9011891081933494
run_00111,task_proxy_irt,variable,-0.23778026681217873,0.3432773313632932,2.3073123981358337,-0.554782438632825,-1.253684120245615,-0.33147635268290015,-1.356270820635387
run_00158,task_proxy_irt,variable,-0.2382317716777135,0.33987114097922955,-1.4802465888858298,-1.5951445262181705,0.9280783201053839,-0.5738670266905075,1.5300209633005566
run_00113,task_proxy_irt,variable,-0.2411721774933051,0.34740333408221824,-0.5719210550700734,0.5257646969966409,-0.5652574381908428,-0.010571364523375254,-0.5838757266788749
run_00082,task_proxy_irt,variable,-0.24161986598985377,0.3390608843114448,-1.0008194862985713,-1.1641751023630584,-1.5201975959921241,0.8362414500341802,1.6408514046703047
run_00006,task_proxy_irt,variable,-0.24898404751149156,0.3382951914169059,-1.8099619712883135,-0.0631187226232759,0.20500124226119548,-0.45956651861392084,0.8827257327068566
run_00092,task_proxy_irt,variable,-0.2506622474447874,0.3463913184573839,0.25535126367992417,0.16733718460378202,-0.4950362954877161,0.1532595702303885,-1.3342229602503157
run_00206,task_proxy_irt,variable,-0.2511316550516261,0.34352159674257066,-0.5207741930337763,-0.9352858476804863,-1.1797693695062277,0.5211720155993176,0.858999119363042
run_00043,task_proxy_irt,variable,-0.26468872908015373,0.33925254105683644,2.126194493543791,-0.9434902125204441,-1.7507273818597135,-1.403771216997736,0.6483506724333339
run_00238,task_proxy_irt,variable,-0.2667311758224391,0.3452243229386199,-0.9837283417888039,1.18290032542805,-1.1951499481031302,0.035318081428309465,-0.3729959960766208
run_00077,task_proxy_irt,variable,-0.26740716463534364,0.34099661302250356,-0.3166231116875361,-0.5093681603189851,-0.04577536033593328,-0.326785806620298,-0.13848338421396575
baseline_olmix_loglinear_uncheatable_bpb,task_proxy_irt,variable,-0.26751927685078225,0.3456446198753847,-1.372330298256829,1.494715517871785,-2.5436184243071986,-1.7445616213543569,2.8281984417926886
run_00042,task_proxy_irt,variable,-0.2682166944369895,0.34044841851057717,0.18333117653629513,-0.11068208313238866,-0.09991227827177457,-1.2913570631453681,-0.022463224171711087
run_00024,task_proxy_irt,variable,-0.2749977226033512,0.3492530411832007,-0.48060869877208545,-0.6228772970440852,-0.8091041802500282,-0.5092123271390805,1.046813890188523
run_00143,task_proxy_irt,variable,-0.2816911053060346,0.3518895069405717,-1.7824327379664442,-0.4333535367061929,-0.8489983988095945,0.35369334134210784,1.3026358056099512
run_00172,task_proxy_irt,variable,-0.28184978945366146,0.3464801319580985,-1.4345549668767628,-0.9747090494754466,-0.06371701588175478,0.5965826485924234,0.4671494363732331
run_00096,task_proxy_irt,variable,-0.28794761747149356,0.35214137663678596,0.31222963822269356,0.3240133225508902,-0.6672140087529657,0.4492768694937183,-1.8580439088718042
run_00193,task_proxy_irt,variable,-0.291163860277631,0.34157436928454626,-1.4383432944521184,-0.839965300228986,-0.5487048129238549,0.2590783712164776,1.1121157350003263
run_00031,task_proxy_irt,variable,-0.29617737312949366,0.33962470232126957,0.4471311291343203,-2.132843764299306,0.23393464705265793,0.5330183538065325,-0.5621272313416731
run_00215,task_proxy_irt,variable,-0.3110356086068135,0.3405321314968824,0.01267167830497524,-0.10347254752535157,-0.30661637191016594,-0.4472375073871474,-0.7105232945163779
run_00170,task_proxy_irt,variable,-0.3143041668334059,0.34683291603347366,-0.4346879948619728,-1.4813920170563708,-0.28796495489994606,0.6518666851947801,-0.01934255254351998
run_00190,task_proxy_irt,variable,-0.3207574605438812,0.34055847391921823,-1.0773847556839837,-1.061523275914571,0.18024138646224888,0.49462601652621074,-0.13974667410931127
run_00115,task_proxy_irt,variable,-0.3263157468986327,0.3419442362362037,-1.4710087050918144,1.1342825324899817,0.26119019958300815,-0.8726341801452063,-0.6834085813291324
run_00121,task_proxy_irt,variable,-0.3294550471381703,0.3504509332372746,-0.32912872103537144,-0.18276147018274375,-0.6038819711145131,-0.5638880926519685,0.03238501929374537
run_00099,task_proxy_irt,variable,-0.33208616931129675,0.3406221205604001,0.9186969687542704,1.3123817781286296,-0.7809855510927431,-1.4365985610788077,-1.673925481267833
run_00045,task_proxy_irt,variable,-0.33335191328775904,0.34991234594957776,-0.9836933857665605,0.8650850234136246,-0.17487344689866324,-0.3565182789760866,-1.0167594782111093
run_00148,task_proxy_irt,variable,-0.35295159864350645,0.33701762268912844,0.45120150209715615,0.2155975006014825,-1.3660317074287156,0.7846320245767945,-1.85015731306425
run_00036,task_proxy_irt,variable,-0.36056104951644236,0.33714683555474195,0.8332549620270963,-1.9274130735008395,0.20266602354326743,0.3814354919859477,-1.2927486516376838
run_00220,task_proxy_irt,variable,-0.36399332035668375,0.33789775339151734,-0.7198988409594985,0.009306247251679245,0.503818147277261,-0.5834560092124512,-1.0297361461404093
run_00209,task_proxy_irt,variable,-0.3663680767572587,0.3453316484292313,1.8552630164867308,-0.3531361635938753,-0.8893299641190775,-1.8546244634631444,-0.5900128090969272
run_00002,task_proxy_irt,variable,-0.37665816712729366,0.3441227141939881,1.0071778088215604,-0.19259257078341888,-1.4192529131199967,-0.9622802487347574,-0.31634291181985597
run_00097,task_proxy_irt,variable,-0.38905612450312266,0.35220658020226714,0.3260987366188378,0.5020689794700157,-0.09168241801725067,-1.8316767665268625,-0.8500891540603536
run_00053,task_proxy_irt,variable,-0.3945666773461946,0.34028975757752894,-1.0902636775965844,-1.235294379334035,-0.3403998341947108,-1.3870215796726837,2.0801460840670405
run_00106,task_proxy_irt,variable,-0.39659676252384507,0.34193636106294106,-0.6639832943297677,-0.6932937480915486,-0.3823221553085068,-0.6853788037928318,0.4419941889034294
run_00019,task_proxy_irt,variable,-0.39913635281943916,0.34383601441923956,-0.3856998493503685,-0.8308074127950804,-0.10851956214246321,0.28742302079403625,-0.9580779606033198
run_00185,task_proxy_irt,variable,-0.40675209553476643,0.35456669809728814,-1.4170225674725572,0.9003425276598837,-0.5365246156434972,0.021146225485904408,-1.0017020477035659
run_00094,task_proxy_irt,variable,-0.41892447575450903,0.3439598478113255,-0.3088181308255338,-0.4576443104927942,-1.4798944479052978,-0.45968755985873966,0.6114220703098203
run_00038,task_proxy_irt,variable,-0.42707752777309826,0.3472287634747331,0.416047422424349,-1.110526333346685,-1.1937910169044565,0.5450338726296198,-0.7921515836683185
run_00164,task_proxy_irt,variable,-0.4279416748779263,0.34707435219524607,-1.456045324667922,-1.8622684882694114,0.4111386657004969,1.0170666527475212,-0.24959987990031626
run_00022,task_proxy_irt,variable,-0.4714839239607861,0.34170244827849605,-0.88599710506772,-0.3716374536461842,-0.4857990643053698,-0.7103924872830124,0.09640649049835576
run_00216,task_proxy_irt,variable,-0.4801957206915919,0.34838420817474675,-1.9971105715554305,-0.4431909469385436,-0.08621183864261285,1.3439672769404496,-1.2184325232618218
run_00067,task_proxy_irt,variable,-0.48503322225815737,0.3479658053593121,0.08132666636448857,-1.6429195786304671,-1.118680677733482,0.8976306397573844,-0.6425231610487104
run_00136,task_proxy_irt,variable,-0.5059176719569509,0.3508234301277012,-0.11991889451802519,0.7389436659478495,1.626902376239729,-1.5679026903396762,-3.2076128171146316
run_00122,task_proxy_irt,variable,-0.526260540811626,0.34007033632068434,0.11604318189433172,-0.7423396070420248,-0.42753101473443333,-0.7266327566411687,-0.8508425075348347
run_00208,task_proxy_irt,variable,-0.529546399176337,0.3428134780691225,0.3500356176572296,-2.239759444713532,0.485024822393135,-0.9695739010000728,-0.27345909021844483
run_00007,task_proxy_irt,variable,-0.5442481508531432,0.34897510764150275,0.8437709396497127,-2.0990556191155294,-0.6680861189206432,-0.8436605708433083,0.04579061496405177
run_00011,task_proxy_irt,variable,-0.5475063156259193,0.3447993610573066,-1.5387667624092514,-0.8365581826598384,-0.5440744803883718,0.5985701020973448,-0.4167022547694799
run_00057,task_proxy_irt,variable,-0.5623057962039322,0.34732891174388847,0.8741874987054122,-1.0413972468979344,-0.9611603971066225,1.2113343946371564,-2.894493230357673
run_00232,task_proxy_irt,variable,-0.5662821788047252,0.3470510419186497,-0.49552604696526303,-0.03676430560587167,-0.5151406975746587,0.02856552961854085,-1.812545373496373
run_00023,task_proxy_irt,variable,-0.5702429760614913,0.3426681468444178,-1.29070671695819,-0.3971949112964236,0.7491889840635432,-0.8335054393066128,-1.0789967968097731
run_00074,task_proxy_irt,variable,-0.5707959378768489,0.33689390425281524,-2.494226038320529,-1.934233946450912,0.36472948192110083,-0.20677095611049537,1.4165217695765904
run_00013,task_proxy_irt,variable,-0.5905011327045586,0.3422380601260687,0.35915315991386554,-1.7909613525800274,-1.869344828211644,-0.7212211123495983,1.0698684697046112
run_00066,task_proxy_irt,variable,-0.6062776661516379,0.3396718190984186,-0.5465290104034853,0.22424903315082673,-1.424940406596695,-0.27578169149844717,-1.0083862554103884
run_00009,task_proxy_irt,variable,-0.6487974011710091,0.33759673249080513,-1.1266528248049195,-1.2029999838114092,0.35625605984679365,-0.33935017488227265,-0.9312400822032381
run_00048,task_proxy_irt,variable,-0.6635678481658346,0.3372743920457094,-1.196546424588425,-0.874234774677922,-0.1567651734191095,-0.917362043393872,-0.1729308247498451
run_00044,task_proxy_irt,variable,-0.6747131415257419,0.34506879404646007,-0.4946597679569587,-2.058485885640318,0.6872850151876816,0.04360909331959132,-1.5513141625387055
run_00032,task_proxy_irt,variable,-0.6825220044588463,0.3485932715626761,-0.9230535721258287,-0.9333819423325896,-1.1663001663731507,-1.1805752903638058,0.7907009489011436
run_00134,task_proxy_irt,variable,-0.6885707109844057,0.3395056866963759,-0.2701124410300213,-1.8112970786705351,-1.0314223922643355,-1.2183274029905589,0.8883057600334222
run_00109,task_proxy_irt,variable,-0.6897071481381328,0.3459865558948081,-0.45468669171626414,-2.1954453465718253,0.05195406905369721,-0.13006634171829073,-0.7202914297379812
run_00017,task_proxy_irt,variable,-0.7032169361488925,0.34171759587255096,-1.0245561696723766,-0.5501043842471802,-1.2153542510496498,0.09038690204746626,-0.8164567778227219
run_00174,task_proxy_irt,variable,-0.716742985243399,0.3364020178932332,-1.03491273707826,-0.26502704686455797,-1.259810201718891,0.023588413085844657,-1.0475533536411308
run_00120,task_proxy_irt,variable,-0.7218686774774805,0.34406731657722317,-0.8919255422492208,0.773202975590988,-1.600927507555743,-0.14997777538440918,-1.7397155377890177
run_00184,task_proxy_irt,variable,-0.7305185648846194,0.3494831864426054,-0.8813484644345209,-0.2921946736601336,-0.8707806564007653,-0.8243690267873276,-0.7839000031403501
run_00029,task_proxy_irt,variable,-0.73968597321493,0.343891416433184,0.42083166884544254,-2.2225733439156534,-0.9101991704051182,-1.4939516817448903,0.5074626611455699
run_00033,task_proxy_irt,variable,-0.7476006152428598,0.3468481003257473,0.6165053914555376,-0.9198915905810205,-2.414069659940147,-0.5321422312060208,-0.4884049859426486
run_00005,task_proxy_irt,variable,-0.7484754121679236,0.3417000791873204,-0.04781774595529003,-1.3306000130030178,-0.2761376715560308,-1.112762119575159,-0.9750595107501205
run_00004,task_proxy_irt,variable,-0.7935649943999037,0.33684967621748774,-0.6799483718854589,-0.7344214352889132,0.3438485124435426,-1.1811161631775862,-1.7161875140911025
run_00065,task_proxy_irt,variable,-1.0048994881181628,0.33727585081185735,-0.9244991014745209,-0.33029914953483747,-0.874027303079564,-1.2302693164157275,-1.6654025700861639
run_00003,task_proxy_irt,variable,-1.1065857787156752,0.3451786674751677,-0.43821780570013424,-0.9011715184820969,-1.2361429354047757,-2.2509351811050644,-0.7064614528863044
run_00016,task_proxy_irt,variable,-1.1127857998082331,0.3352958668970607,-2.605079593661142,-0.6331651643557902,-1.7744934591320747,-0.9336869328941432,0.38249615100198525
