continuation_id,role,fit_budget,source,concentration,tv_to_proportional,hellinger_to_proportional,max_phase_1_materialized_epoch,max_total_materialized_epoch_across_candidate_prefixes,weights_json
fit_wave1_extension_00,wave1_extension_stratified_maximin,True,dirichlet,500.0,0.044921875,0.06301824411358452,0.4062766384734493,9.405571234274813,"{""dolma3_arxiv"": 0.00439453125, ""dolma3_cc/art_and_design_high"": 0.0166015625, ""dolma3_cc/art_and_design_low"": 0.00732421875, ""dolma3_cc/crime_and_law_high"": 0.02587890625, ""dolma3_cc/crime_and_law_low"": 0.0048828125, ""dolma3_cc/education_and_jobs_high"": 0.03564453125, ""dolma3_cc/education_and_jobs_low"": 0.02001953125, ""dolma3_cc/electronics_and_hardware_high"": 0.025390625, ""dolma3_cc/electronics_and_hardware_low"": 0.00537109375, ""dolma3_cc/entertainment_high"": 0.05908203125, ""dolma3_cc/entertainment_low"": 0.02490234375, ""dolma3_cc/finance_and_business_high"": 0.080078125, ""dolma3_cc/finance_and_business_low"": 0.03271484375, ""dolma3_cc/food_and_dining_high"": 0.02880859375, ""dolma3_cc/food_and_dining_low"": 0.00634765625, ""dolma3_cc/games_high"": 0.0322265625, ""dolma3_cc/games_low"": 0.0146484375, ""dolma3_cc/health_high"": 0.064453125, ""dolma3_cc/health_low"": 0.02587890625, ""dolma3_cc/history_and_geography_high"": 0.01611328125, ""dolma3_cc/history_and_geography_low"": 0.0029296875, ""dolma3_cc/industrial_high"": 0.009765625, ""dolma3_cc/industrial_low"": 0.0048828125, ""dolma3_cc/literature_high"": 0.0361328125, ""dolma3_cc/literature_low"": 0.01025390625, ""dolma3_cc/science_math_and_technology_high"": 0.03564453125, ""dolma3_cc/science_math_and_technology_low"": 0.02294921875, ""dolma3_finemath_3plus"": 0.001953125, ""dolma3_stack_edu"": 0.01513671875, ""dolma3_wikipedia"": 0.0, ""dolmino_common_crawl_hq"": 0.1875, ""dolmino_olmocr_pdfs_hq"": 0.0302734375, ""dolmino_stack_edu_fim"": 0.01953125, ""dolmino_stem_heavy_crawl"": 0.00048828125, ""dolmino_synth_code"": 0.001953125, ""dolmino_synth_instruction"": 0.00146484375, ""dolmino_synth_math"": 0.001953125, ""dolmino_synth_qa"": 0.07373046875, ""dolmino_synth_thinking"": 0.0126953125}"
fit_wave1_extension_01,wave1_extension_stratified_maximin,True,dirichlet,100.0,0.14990234375,0.18368573306096553,2.8885740942405294,12.294145328515341,"{""dolma3_arxiv"": 0.00048828125, ""dolma3_cc/art_and_design_high"": 0.015625, ""dolma3_cc/art_and_design_low"": 0.0, ""dolma3_cc/crime_and_law_high"": 0.02880859375, ""dolma3_cc/crime_and_law_low"": 0.00048828125, ""dolma3_cc/education_and_jobs_high"": 0.017578125, ""dolma3_cc/education_and_jobs_low"": 0.00146484375, ""dolma3_cc/electronics_and_hardware_high"": 0.02099609375, ""dolma3_cc/electronics_and_hardware_low"": 0.01171875, ""dolma3_cc/entertainment_high"": 0.04296875, ""dolma3_cc/entertainment_low"": 0.0185546875, ""dolma3_cc/finance_and_business_high"": 0.0693359375, ""dolma3_cc/finance_and_business_low"": 0.06298828125, ""dolma3_cc/food_and_dining_high"": 0.0361328125, ""dolma3_cc/food_and_dining_low"": 0.0078125, ""dolma3_cc/games_high"": 0.01953125, ""dolma3_cc/games_low"": 0.00927734375, ""dolma3_cc/health_high"": 0.0634765625, ""dolma3_cc/health_low"": 0.0302734375, ""dolma3_cc/history_and_geography_high"": 0.01123046875, ""dolma3_cc/history_and_geography_low"": 0.001953125, ""dolma3_cc/industrial_high"": 0.00830078125, ""dolma3_cc/industrial_low"": 0.0009765625, ""dolma3_cc/literature_high"": 0.03857421875, ""dolma3_cc/literature_low"": 0.0048828125, ""dolma3_cc/science_math_and_technology_high"": 0.06689453125, ""dolma3_cc/science_math_and_technology_low"": 0.0205078125, ""dolma3_finemath_3plus"": 0.00244140625, ""dolma3_stack_edu"": 0.0166015625, ""dolma3_wikipedia"": 0.00830078125, ""dolmino_common_crawl_hq"": 0.19384765625, ""dolmino_olmocr_pdfs_hq"": 0.03564453125, ""dolmino_stack_edu_fim"": 0.0087890625, ""dolmino_stem_heavy_crawl"": 0.0029296875, ""dolmino_synth_code"": 0.0009765625, ""dolmino_synth_instruction"": 0.0, ""dolmino_synth_math"": 0.001953125, ""dolmino_synth_qa"": 0.0888671875, ""dolmino_synth_thinking"": 0.02880859375}"
fit_wave1_extension_02,wave1_extension_stratified_maximin,True,dirichlet,20.0,0.23974609375,0.32841096851358026,4.627712712326889,12.469447597889044,"{""dolma3_arxiv"": 0.0, ""dolma3_cc/art_and_design_high"": 0.01123046875, ""dolma3_cc/art_and_design_low"": 0.00390625, ""dolma3_cc/crime_and_law_high"": 0.03076171875, ""dolma3_cc/crime_and_law_low"": 0.005859375, ""dolma3_cc/education_and_jobs_high"": 0.0322265625, ""dolma3_cc/education_and_jobs_low"": 0.00390625, ""dolma3_cc/electronics_and_hardware_high"": 0.02294921875, ""dolma3_cc/electronics_and_hardware_low"": 0.0087890625, ""dolma3_cc/entertainment_high"": 0.08251953125, ""dolma3_cc/entertainment_low"": 0.005859375, ""dolma3_cc/finance_and_business_high"": 0.06787109375, ""dolma3_cc/finance_and_business_low"": 0.06201171875, ""dolma3_cc/food_and_dining_high"": 0.0263671875, ""dolma3_cc/food_and_dining_low"": 0.00048828125, ""dolma3_cc/games_high"": 0.0, ""dolma3_cc/games_low"": 0.076171875, ""dolma3_cc/health_high"": 0.0673828125, ""dolma3_cc/health_low"": 0.00244140625, ""dolma3_cc/history_and_geography_high"": 0.017578125, ""dolma3_cc/history_and_geography_low"": 0.0068359375, ""dolma3_cc/industrial_high"": 0.0, ""dolma3_cc/industrial_low"": 0.0029296875, ""dolma3_cc/literature_high"": 0.056640625, ""dolma3_cc/literature_low"": 0.00244140625, ""dolma3_cc/science_math_and_technology_high"": 0.01806640625, ""dolma3_cc/science_math_and_technology_low"": 0.01806640625, ""dolma3_finemath_3plus"": 0.0009765625, ""dolma3_stack_edu"": 0.0, ""dolma3_wikipedia"": 0.0, ""dolmino_common_crawl_hq"": 0.1826171875, ""dolmino_olmocr_pdfs_hq"": 0.025390625, ""dolmino_stack_edu_fim"": 0.0, ""dolmino_stem_heavy_crawl"": 0.00048828125, ""dolmino_synth_code"": 0.068359375, ""dolmino_synth_instruction"": 0.00439453125, ""dolmino_synth_math"": 0.0, ""dolmino_synth_qa"": 0.0595703125, ""dolmino_synth_thinking"": 0.02490234375}"
fit_wave1_extension_03,wave1_extension_stratified_maximin,True,dirichlet,5.0,0.4990234375,0.5464113792462667,2.5885422149863553,9.405571234274813,"{""dolma3_arxiv"": 0.0, ""dolma3_cc/art_and_design_high"": 0.0, ""dolma3_cc/art_and_design_low"": 0.0, ""dolma3_cc/crime_and_law_high"": 0.0, ""dolma3_cc/crime_and_law_low"": 0.0, ""dolma3_cc/education_and_jobs_high"": 0.0, ""dolma3_cc/education_and_jobs_low"": 0.24951171875, ""dolma3_cc/electronics_and_hardware_high"": 0.0009765625, ""dolma3_cc/electronics_and_hardware_low"": 0.0, ""dolma3_cc/entertainment_high"": 0.044921875, ""dolma3_cc/entertainment_low"": 0.00390625, ""dolma3_cc/finance_and_business_high"": 0.048828125, ""dolma3_cc/finance_and_business_low"": 0.0, ""dolma3_cc/food_and_dining_high"": 0.0, ""dolma3_cc/food_and_dining_low"": 0.0, ""dolma3_cc/games_high"": 0.00146484375, ""dolma3_cc/games_low"": 0.0, ""dolma3_cc/health_high"": 0.07080078125, ""dolma3_cc/health_low"": 0.109375, ""dolma3_cc/history_and_geography_high"": 0.13330078125, ""dolma3_cc/history_and_geography_low"": 0.0, ""dolma3_cc/industrial_high"": 0.04541015625, ""dolma3_cc/industrial_low"": 0.0, ""dolma3_cc/literature_high"": 0.029296875, ""dolma3_cc/literature_low"": 0.0, ""dolma3_cc/science_math_and_technology_high"": 0.0048828125, ""dolma3_cc/science_math_and_technology_low"": 0.0, ""dolma3_finemath_3plus"": 0.0, ""dolma3_stack_edu"": 0.0, ""dolma3_wikipedia"": 0.0, ""dolmino_common_crawl_hq"": 0.201171875, ""dolmino_olmocr_pdfs_hq"": 0.0, ""dolmino_stack_edu_fim"": 0.03466796875, ""dolmino_stem_heavy_crawl"": 0.0, ""dolmino_synth_code"": 0.0, ""dolmino_synth_instruction"": 0.0, ""dolmino_synth_math"": 0.0, ""dolmino_synth_qa"": 0.021484375, ""dolmino_synth_thinking"": 0.0}"
fit_wave1_extension_04,wave1_extension_stratified_maximin,True,dirichlet,5.0,0.669921875,0.6317373959213042,3.849395673521978,9.405571234274813,"{""dolma3_arxiv"": 0.0, ""dolma3_cc/art_and_design_high"": 0.01513671875, ""dolma3_cc/art_and_design_low"": 0.0, ""dolma3_cc/crime_and_law_high"": 0.2177734375, ""dolma3_cc/crime_and_law_low"": 0.166015625, ""dolma3_cc/education_and_jobs_high"": 0.0, ""dolma3_cc/education_and_jobs_low"": 0.00048828125, ""dolma3_cc/electronics_and_hardware_high"": 0.0, ""dolma3_cc/electronics_and_hardware_low"": 0.0, ""dolma3_cc/entertainment_high"": 0.130859375, ""dolma3_cc/entertainment_low"": 0.001953125, ""dolma3_cc/finance_and_business_high"": 0.00244140625, ""dolma3_cc/finance_and_business_low"": 0.0, ""dolma3_cc/food_and_dining_high"": 0.0, ""dolma3_cc/food_and_dining_low"": 0.0, ""dolma3_cc/games_high"": 0.0, ""dolma3_cc/games_low"": 0.0, ""dolma3_cc/health_high"": 0.16845703125, ""dolma3_cc/health_low"": 0.0068359375, ""dolma3_cc/history_and_geography_high"": 0.037109375, ""dolma3_cc/history_and_geography_low"": 0.0, ""dolma3_cc/industrial_high"": 0.0, ""dolma3_cc/industrial_low"": 0.13037109375, ""dolma3_cc/literature_high"": 0.0, ""dolma3_cc/literature_low"": 0.0, ""dolma3_cc/science_math_and_technology_high"": 0.00146484375, ""dolma3_cc/science_math_and_technology_low"": 0.00146484375, ""dolma3_finemath_3plus"": 0.0, ""dolma3_stack_edu"": 0.0, ""dolma3_wikipedia"": 0.0, ""dolmino_common_crawl_hq"": 0.04443359375, ""dolmino_olmocr_pdfs_hq"": 0.0087890625, ""dolmino_stack_edu_fim"": 0.0, ""dolmino_stem_heavy_crawl"": 0.0, ""dolmino_synth_code"": 0.0, ""dolmino_synth_instruction"": 0.0, ""dolmino_synth_math"": 0.0, ""dolmino_synth_qa"": 0.06591796875, ""dolmino_synth_thinking"": 0.00048828125}"
fit_wave1_extension_05,wave1_extension_stratified_maximin,True,dirichlet,100.0,0.14453125,0.17010896939401868,5.978857456707332,10.233991593935613,"{""dolma3_arxiv"": 0.00048828125, ""dolma3_cc/art_and_design_high"": 0.0146484375, ""dolma3_cc/art_and_design_low"": 0.00439453125, ""dolma3_cc/crime_and_law_high"": 0.01513671875, ""dolma3_cc/crime_and_law_low"": 0.00341796875, ""dolma3_cc/education_and_jobs_high"": 0.03076171875, ""dolma3_cc/education_and_jobs_low"": 0.01806640625, ""dolma3_cc/electronics_and_hardware_high"": 0.021484375, ""dolma3_cc/electronics_and_hardware_low"": 0.00439453125, ""dolma3_cc/entertainment_high"": 0.0361328125, ""dolma3_cc/entertainment_low"": 0.03662109375, ""dolma3_cc/finance_and_business_high"": 0.08251953125, ""dolma3_cc/finance_and_business_low"": 0.03125, ""dolma3_cc/food_and_dining_high"": 0.017578125, ""dolma3_cc/food_and_dining_low"": 0.013671875, ""dolma3_cc/games_high"": 0.04638671875, ""dolma3_cc/games_low"": 0.01806640625, ""dolma3_cc/health_high"": 0.0634765625, ""dolma3_cc/health_low"": 0.00927734375, ""dolma3_cc/history_and_geography_high"": 0.01025390625, ""dolma3_cc/history_and_geography_low"": 0.0009765625, ""dolma3_cc/industrial_high"": 0.0146484375, ""dolma3_cc/industrial_low"": 0.00341796875, ""dolma3_cc/literature_high"": 0.06689453125, ""dolma3_cc/literature_low"": 0.0029296875, ""dolma3_cc/science_math_and_technology_high"": 0.03466796875, ""dolma3_cc/science_math_and_technology_low"": 0.0302734375, ""dolma3_finemath_3plus"": 0.0, ""dolma3_stack_edu"": 0.02685546875, ""dolma3_wikipedia"": 0.0, ""dolmino_common_crawl_hq"": 0.17626953125, ""dolmino_olmocr_pdfs_hq"": 0.02587890625, ""dolmino_stack_edu_fim"": 0.0068359375, ""dolmino_stem_heavy_crawl"": 0.0244140625, ""dolmino_synth_code"": 0.00732421875, ""dolmino_synth_instruction"": 0.0068359375, ""dolmino_synth_math"": 0.001953125, ""dolmino_synth_qa"": 0.08837890625, ""dolmino_synth_thinking"": 0.00341796875}"
fit_wave1_extension_06,wave1_extension_stratified_maximin,True,dirichlet,100.0,0.20751953125,0.2633770703537727,5.885635204792736,13.002508279157043,"{""dolma3_arxiv"": 0.01123046875, ""dolma3_cc/art_and_design_high"": 0.01708984375, ""dolma3_cc/art_and_design_low"": 0.00634765625, ""dolma3_cc/crime_and_law_high"": 0.01708984375, ""dolma3_cc/crime_and_law_low"": 0.01123046875, ""dolma3_cc/education_and_jobs_high"": 0.0302734375, ""dolma3_cc/education_and_jobs_low"": 0.013671875, ""dolma3_cc/electronics_and_hardware_high"": 0.0537109375, ""dolma3_cc/electronics_and_hardware_low"": 0.00439453125, ""dolma3_cc/entertainment_high"": 0.0322265625, ""dolma3_cc/entertainment_low"": 0.01171875, ""dolma3_cc/finance_and_business_high"": 0.08154296875, ""dolma3_cc/finance_and_business_low"": 0.02783203125, ""dolma3_cc/food_and_dining_high"": 0.02978515625, ""dolma3_cc/food_and_dining_low"": 0.00146484375, ""dolma3_cc/games_high"": 0.0263671875, ""dolma3_cc/games_low"": 0.01611328125, ""dolma3_cc/health_high"": 0.0810546875, ""dolma3_cc/health_low"": 0.00830078125, ""dolma3_cc/history_and_geography_high"": 0.0185546875, ""dolma3_cc/history_and_geography_low"": 0.00048828125, ""dolma3_cc/industrial_high"": 0.00048828125, ""dolma3_cc/industrial_low"": 0.00439453125, ""dolma3_cc/literature_high"": 0.0263671875, ""dolma3_cc/literature_low"": 0.01220703125, ""dolma3_cc/science_math_and_technology_high"": 0.044921875, ""dolma3_cc/science_math_and_technology_low"": 0.0283203125, ""dolma3_finemath_3plus"": 0.0, ""dolma3_stack_edu"": 0.0068359375, ""dolma3_wikipedia"": 0.0, ""dolmino_common_crawl_hq"": 0.17333984375, ""dolmino_olmocr_pdfs_hq"": 0.021484375, ""dolmino_stack_edu_fim"": 0.01123046875, ""dolmino_stem_heavy_crawl"": 0.0, ""dolmino_synth_code"": 0.0, ""dolmino_synth_instruction"": 0.01123046875, ""dolmino_synth_math"": 0.1005859375, ""dolmino_synth_qa"": 0.05810546875, ""dolmino_synth_thinking"": 0.0}"
fit_wave1_extension_07,wave1_extension_stratified_maximin,True,dirichlet,20.0,0.400390625,0.43316357292391333,5.20461362599788,9.405571234274813,"{""dolma3_arxiv"": 0.0, ""dolma3_cc/art_and_design_high"": 0.0, ""dolma3_cc/art_and_design_low"": 0.0, ""dolma3_cc/crime_and_law_high"": 0.00341796875, ""dolma3_cc/crime_and_law_low"": 0.00439453125, ""dolma3_cc/education_and_jobs_high"": 0.078125, ""dolma3_cc/education_and_jobs_low"": 0.02783203125, ""dolma3_cc/electronics_and_hardware_high"": 0.0283203125, ""dolma3_cc/electronics_and_hardware_low"": 0.0, ""dolma3_cc/entertainment_high"": 0.0263671875, ""dolma3_cc/entertainment_low"": 0.0361328125, ""dolma3_cc/finance_and_business_high"": 0.048828125, ""dolma3_cc/finance_and_business_low"": 0.0283203125, ""dolma3_cc/food_and_dining_high"": 0.0166015625, ""dolma3_cc/food_and_dining_low"": 0.0, ""dolma3_cc/games_high"": 0.00537109375, ""dolma3_cc/games_low"": 0.001953125, ""dolma3_cc/health_high"": 0.02197265625, ""dolma3_cc/health_low"": 0.05419921875, ""dolma3_cc/history_and_geography_high"": 0.03271484375, ""dolma3_cc/history_and_geography_low"": 0.07373046875, ""dolma3_cc/industrial_high"": 0.03857421875, ""dolma3_cc/industrial_low"": 0.17626953125, ""dolma3_cc/literature_high"": 0.02734375, ""dolma3_cc/literature_low"": 0.0, ""dolma3_cc/science_math_and_technology_high"": 0.05322265625, ""dolma3_cc/science_math_and_technology_low"": 0.001953125, ""dolma3_finemath_3plus"": 0.0, ""dolma3_stack_edu"": 0.0, ""dolma3_wikipedia"": 0.0, ""dolmino_common_crawl_hq"": 0.18115234375, ""dolmino_olmocr_pdfs_hq"": 0.00537109375, ""dolmino_stack_edu_fim"": 0.0, ""dolmino_stem_heavy_crawl"": 0.0, ""dolmino_synth_code"": 0.0, ""dolmino_synth_instruction"": 0.0, ""dolmino_synth_math"": 0.0, ""dolmino_synth_qa"": 0.02783203125, ""dolmino_synth_thinking"": 0.0}"
fit_wave1_extension_08,wave1_extension_stratified_maximin,True,dirichlet,5.0,0.59033203125,0.5969298946414462,5.23262635167965,11.081452753573778,"{""dolma3_arxiv"": 0.11572265625, ""dolma3_cc/art_and_design_high"": 0.0, ""dolma3_cc/art_and_design_low"": 0.0, ""dolma3_cc/crime_and_law_high"": 0.00390625, ""dolma3_cc/crime_and_law_low"": 0.00927734375, ""dolma3_cc/education_and_jobs_high"": 0.0, ""dolma3_cc/education_and_jobs_low"": 0.20654296875, ""dolma3_cc/electronics_and_hardware_high"": 0.00341796875, ""dolma3_cc/electronics_and_hardware_low"": 0.0, ""dolma3_cc/entertainment_high"": 0.0, ""dolma3_cc/entertainment_low"": 0.0, ""dolma3_cc/finance_and_business_high"": 0.0, ""dolma3_cc/finance_and_business_low"": 0.01513671875, ""dolma3_cc/food_and_dining_high"": 0.005859375, ""dolma3_cc/food_and_dining_low"": 0.0, ""dolma3_cc/games_high"": 0.02880859375, ""dolma3_cc/games_low"": 0.01025390625, ""dolma3_cc/health_high"": 0.0419921875, ""dolma3_cc/health_low"": 0.0, ""dolma3_cc/history_and_geography_high"": 0.03466796875, ""dolma3_cc/history_and_geography_low"": 0.0, ""dolma3_cc/industrial_high"": 0.0390625, ""dolma3_cc/industrial_low"": 0.0, ""dolma3_cc/literature_high"": 0.16552734375, ""dolma3_cc/literature_low"": 0.0, ""dolma3_cc/science_math_and_technology_high"": 0.10205078125, ""dolma3_cc/science_math_and_technology_low"": 0.00390625, ""dolma3_finemath_3plus"": 0.0, ""dolma3_stack_edu"": 0.00439453125, ""dolma3_wikipedia"": 0.0, ""dolmino_common_crawl_hq"": 0.1259765625, ""dolmino_olmocr_pdfs_hq"": 0.060546875, ""dolmino_stack_edu_fim"": 0.0, ""dolmino_stem_heavy_crawl"": 0.0, ""dolmino_synth_code"": 0.02294921875, ""dolmino_synth_instruction"": 0.0, ""dolmino_synth_math"": 0.0, ""dolmino_synth_qa"": 0.0, ""dolmino_synth_thinking"": 0.0}"
fit_wave1_extension_09,wave1_extension_stratified_maximin,True,dirichlet,100.0,0.21923828125,0.2660052791186941,16.31194782629946,25.717519060574272,"{""dolma3_arxiv"": 0.00390625, ""dolma3_cc/art_and_design_high"": 0.0224609375, ""dolma3_cc/art_and_design_low"": 0.00732421875, ""dolma3_cc/crime_and_law_high"": 0.01513671875, ""dolma3_cc/crime_and_law_low"": 0.060546875, ""dolma3_cc/education_and_jobs_high"": 0.02978515625, ""dolma3_cc/education_and_jobs_low"": 0.005859375, ""dolma3_cc/electronics_and_hardware_high"": 0.04296875, ""dolma3_cc/electronics_and_hardware_low"": 0.01513671875, ""dolma3_cc/entertainment_high"": 0.04931640625, ""dolma3_cc/entertainment_low"": 0.02001953125, ""dolma3_cc/finance_and_business_high"": 0.0673828125, ""dolma3_cc/finance_and_business_low"": 0.0634765625, ""dolma3_cc/food_and_dining_high"": 0.0234375, ""dolma3_cc/food_and_dining_low"": 0.005859375, ""dolma3_cc/games_high"": 0.01611328125, ""dolma3_cc/games_low"": 0.005859375, ""dolma3_cc/health_high"": 0.029296875, ""dolma3_cc/health_low"": 0.05322265625, ""dolma3_cc/history_and_geography_high"": 0.00390625, ""dolma3_cc/history_and_geography_low"": 0.0, ""dolma3_cc/industrial_high"": 0.00048828125, ""dolma3_cc/industrial_low"": 0.00439453125, ""dolma3_cc/literature_high"": 0.02587890625, ""dolma3_cc/literature_low"": 0.00732421875, ""dolma3_cc/science_math_and_technology_high"": 0.0390625, ""dolma3_cc/science_math_and_technology_low"": 0.01416015625, ""dolma3_finemath_3plus"": 0.00439453125, ""dolma3_stack_edu"": 0.00146484375, ""dolma3_wikipedia"": 0.046875, ""dolmino_common_crawl_hq"": 0.18017578125, ""dolmino_olmocr_pdfs_hq"": 0.0087890625, ""dolmino_stack_edu_fim"": 0.02294921875, ""dolmino_stem_heavy_crawl"": 0.0, ""dolmino_synth_code"": 0.0, ""dolmino_synth_instruction"": 0.0009765625, ""dolmino_synth_math"": 0.01416015625, ""dolmino_synth_qa"": 0.087890625, ""dolmino_synth_thinking"": 0.0}"
fit_wave1_extension_10,wave1_extension_stratified_maximin,True,dirichlet,20.0,0.4375,0.4818633666555291,16.74080087878053,20.99593501600881,"{""dolma3_arxiv"": 0.0, ""dolma3_cc/art_and_design_high"": 0.0, ""dolma3_cc/art_and_design_low"": 0.02197265625, ""dolma3_cc/crime_and_law_high"": 0.0, ""dolma3_cc/crime_and_law_low"": 0.0068359375, ""dolma3_cc/education_and_jobs_high"": 0.041015625, ""dolma3_cc/education_and_jobs_low"": 0.0, ""dolma3_cc/electronics_and_hardware_high"": 0.078125, ""dolma3_cc/electronics_and_hardware_low"": 0.0, ""dolma3_cc/entertainment_high"": 0.0673828125, ""dolma3_cc/entertainment_low"": 0.015625, ""dolma3_cc/finance_and_business_high"": 0.08349609375, ""dolma3_cc/finance_and_business_low"": 0.0146484375, ""dolma3_cc/food_and_dining_high"": 0.0087890625, ""dolma3_cc/food_and_dining_low"": 0.00048828125, ""dolma3_cc/games_high"": 0.001953125, ""dolma3_cc/games_low"": 0.0, ""dolma3_cc/health_high"": 0.083984375, ""dolma3_cc/health_low"": 0.0048828125, ""dolma3_cc/history_and_geography_high"": 0.009765625, ""dolma3_cc/history_and_geography_low"": 0.09912109375, ""dolma3_cc/industrial_high"": 0.03076171875, ""dolma3_cc/industrial_low"": 0.00146484375, ""dolma3_cc/literature_high"": 0.0546875, ""dolma3_cc/literature_low"": 0.00048828125, ""dolma3_cc/science_math_and_technology_high"": 0.00146484375, ""dolma3_cc/science_math_and_technology_low"": 0.015625, ""dolma3_finemath_3plus"": 0.0, ""dolma3_stack_edu"": 0.0, ""dolma3_wikipedia"": 0.0, ""dolmino_common_crawl_hq"": 0.1337890625, ""dolmino_olmocr_pdfs_hq"": 0.00390625, ""dolmino_stack_edu_fim"": 0.00390625, ""dolmino_stem_heavy_crawl"": 0.068359375, ""dolmino_synth_code"": 0.0029296875, ""dolmino_synth_instruction"": 0.0048828125, ""dolmino_synth_math"": 0.00341796875, ""dolmino_synth_qa"": 0.0068359375, ""dolmino_synth_thinking"": 0.12939453125}"
fit_wave1_extension_11,wave1_extension_stratified_maximin,True,dirichlet,5.0,0.5,0.5388121683562805,15.632283333536984,25.0378545678118,"{""dolma3_arxiv"": 0.021484375, ""dolma3_cc/art_and_design_high"": 0.0400390625, ""dolma3_cc/art_and_design_low"": 0.0, ""dolma3_cc/crime_and_law_high"": 0.0, ""dolma3_cc/crime_and_law_low"": 0.0, ""dolma3_cc/education_and_jobs_high"": 0.10205078125, ""dolma3_cc/education_and_jobs_low"": 0.0185546875, ""dolma3_cc/electronics_and_hardware_high"": 0.0, ""dolma3_cc/electronics_and_hardware_low"": 0.0009765625, ""dolma3_cc/entertainment_high"": 0.0, ""dolma3_cc/entertainment_low"": 0.0, ""dolma3_cc/finance_and_business_high"": 0.09814453125, ""dolma3_cc/finance_and_business_low"": 0.0, ""dolma3_cc/food_and_dining_high"": 0.07421875, ""dolma3_cc/food_and_dining_low"": 0.00048828125, ""dolma3_cc/games_high"": 0.0087890625, ""dolma3_cc/games_low"": 0.0, ""dolma3_cc/health_high"": 0.02783203125, ""dolma3_cc/health_low"": 0.005859375, ""dolma3_cc/history_and_geography_high"": 0.0, ""dolma3_cc/history_and_geography_low"": 0.0, ""dolma3_cc/industrial_high"": 0.0, ""dolma3_cc/industrial_low"": 0.0, ""dolma3_cc/literature_high"": 0.00390625, ""dolma3_cc/literature_low"": 0.0, ""dolma3_cc/science_math_and_technology_high"": 0.11328125, ""dolma3_cc/science_math_and_technology_low"": 0.0, ""dolma3_finemath_3plus"": 0.07177734375, ""dolma3_stack_edu"": 0.0, ""dolma3_wikipedia"": 0.044921875, ""dolmino_common_crawl_hq"": 0.19580078125, ""dolmino_olmocr_pdfs_hq"": 0.068359375, ""dolmino_stack_edu_fim"": 0.0068359375, ""dolmino_stem_heavy_crawl"": 0.0, ""dolmino_synth_code"": 0.060546875, ""dolmino_synth_instruction"": 0.02978515625, ""dolmino_synth_math"": 0.0, ""dolmino_synth_qa"": 0.00634765625, ""dolmino_synth_thinking"": 0.0}"
fit_wave1_extension_12,wave1_extension_stratified_maximin,True,dirichlet,20.0,0.47265625,0.4841359696885095,30.2530187309391,34.508152868167386,"{""dolma3_arxiv"": 0.0078125, ""dolma3_cc/art_and_design_high"": 0.00927734375, ""dolma3_cc/art_and_design_low"": 0.0, ""dolma3_cc/crime_and_law_high"": 0.0, ""dolma3_cc/crime_and_law_low"": 0.005859375, ""dolma3_cc/education_and_jobs_high"": 0.00048828125, ""dolma3_cc/education_and_jobs_low"": 0.05224609375, ""dolma3_cc/electronics_and_hardware_high"": 0.00390625, ""dolma3_cc/electronics_and_hardware_low"": 0.0068359375, ""dolma3_cc/entertainment_high"": 0.0498046875, ""dolma3_cc/entertainment_low"": 0.00146484375, ""dolma3_cc/finance_and_business_high"": 0.0625, ""dolma3_cc/finance_and_business_low"": 0.16552734375, ""dolma3_cc/food_and_dining_high"": 0.0009765625, ""dolma3_cc/food_and_dining_low"": 0.01123046875, ""dolma3_cc/games_high"": 0.01708984375, ""dolma3_cc/games_low"": 0.115234375, ""dolma3_cc/health_high"": 0.05029296875, ""dolma3_cc/health_low"": 0.06494140625, ""dolma3_cc/history_and_geography_high"": 0.00146484375, ""dolma3_cc/history_and_geography_low"": 0.00244140625, ""dolma3_cc/industrial_high"": 0.001953125, ""dolma3_cc/industrial_low"": 0.0, ""dolma3_cc/literature_high"": 0.00390625, ""dolma3_cc/literature_low"": 0.0, ""dolma3_cc/science_math_and_technology_high"": 0.0, ""dolma3_cc/science_math_and_technology_low"": 0.01611328125, ""dolma3_finemath_3plus"": 0.0, ""dolma3_stack_edu"": 0.01220703125, ""dolma3_wikipedia"": 0.0, ""dolmino_common_crawl_hq"": 0.10546875, ""dolmino_olmocr_pdfs_hq"": 0.03515625, ""dolmino_stack_edu_fim"": 0.01611328125, ""dolmino_stem_heavy_crawl"": 0.12353515625, ""dolmino_synth_code"": 0.03564453125, ""dolmino_synth_instruction"": 0.00537109375, ""dolmino_synth_math"": 0.0, ""dolmino_synth_qa"": 0.01025390625, ""dolmino_synth_thinking"": 0.0048828125}"
fit_wave1_extension_13,wave1_extension_stratified_maximin,True,dirichlet,5.0,0.61865234375,0.6101295552387368,31.568367371414716,35.823501508643,"{""dolma3_arxiv"": 0.0, ""dolma3_cc/art_and_design_high"": 0.00146484375, ""dolma3_cc/art_and_design_low"": 0.0419921875, ""dolma3_cc/crime_and_law_high"": 0.06787109375, ""dolma3_cc/crime_and_law_low"": 0.0, ""dolma3_cc/education_and_jobs_high"": 0.0, ""dolma3_cc/education_and_jobs_low"": 0.0, ""dolma3_cc/electronics_and_hardware_high"": 0.0048828125, ""dolma3_cc/electronics_and_hardware_low"": 0.01025390625, ""dolma3_cc/entertainment_high"": 0.02490234375, ""dolma3_cc/entertainment_low"": 0.0, ""dolma3_cc/finance_and_business_high"": 0.0390625, ""dolma3_cc/finance_and_business_low"": 0.15087890625, ""dolma3_cc/food_and_dining_high"": 0.0234375, ""dolma3_cc/food_and_dining_low"": 0.02392578125, ""dolma3_cc/games_high"": 0.00048828125, ""dolma3_cc/games_low"": 0.00244140625, ""dolma3_cc/health_high"": 0.02392578125, ""dolma3_cc/health_low"": 0.0, ""dolma3_cc/history_and_geography_high"": 0.06689453125, ""dolma3_cc/history_and_geography_low"": 0.0, ""dolma3_cc/industrial_high"": 0.0, ""dolma3_cc/industrial_low"": 0.0, ""dolma3_cc/literature_high"": 0.01416015625, ""dolma3_cc/literature_low"": 0.0, ""dolma3_cc/science_math_and_technology_high"": 0.0, ""dolma3_cc/science_math_and_technology_low"": 0.0, ""dolma3_finemath_3plus"": 0.0, ""dolma3_stack_edu"": 0.25439453125, ""dolma3_wikipedia"": 0.0, ""dolmino_common_crawl_hq"": 0.1201171875, ""dolmino_olmocr_pdfs_hq"": 0.0, ""dolmino_stack_edu_fim"": 0.0, ""dolmino_stem_heavy_crawl"": 0.12890625, ""dolmino_synth_code"": 0.0, ""dolmino_synth_instruction"": 0.0, ""dolmino_synth_math"": 0.0, ""dolmino_synth_qa"": 0.0, ""dolmino_synth_thinking"": 0.0}"
fit_wave1_extension_14,wave1_extension_stratified_maximin,True,dirichlet,20.0,0.3857421875,0.43803924785361353,36.11229903851229,40.36743317574057,"{""dolma3_arxiv"": 0.0576171875, ""dolma3_cc/art_and_design_high"": 0.01171875, ""dolma3_cc/art_and_design_low"": 0.00146484375, ""dolma3_cc/crime_and_law_high"": 0.0205078125, ""dolma3_cc/crime_and_law_low"": 0.0, ""dolma3_cc/education_and_jobs_high"": 0.037109375, ""dolma3_cc/education_and_jobs_low"": 0.0029296875, ""dolma3_cc/electronics_and_hardware_high"": 0.09716796875, ""dolma3_cc/electronics_and_hardware_low"": 0.0, ""dolma3_cc/entertainment_high"": 0.029296875, ""dolma3_cc/entertainment_low"": 0.029296875, ""dolma3_cc/finance_and_business_high"": 0.0556640625, ""dolma3_cc/finance_and_business_low"": 0.00732421875, ""dolma3_cc/food_and_dining_high"": 0.00146484375, ""dolma3_cc/food_and_dining_low"": 0.00927734375, ""dolma3_cc/games_high"": 0.00390625, ""dolma3_cc/games_low"": 0.0, ""dolma3_cc/health_high"": 0.068359375, ""dolma3_cc/health_low"": 0.03466796875, ""dolma3_cc/history_and_geography_high"": 0.01953125, ""dolma3_cc/history_and_geography_low"": 0.0, ""dolma3_cc/industrial_high"": 0.00048828125, ""dolma3_cc/industrial_low"": 0.00048828125, ""dolma3_cc/literature_high"": 0.00537109375, ""dolma3_cc/literature_low"": 0.0, ""dolma3_cc/science_math_and_technology_high"": 0.04638671875, ""dolma3_cc/science_math_and_technology_low"": 0.0, ""dolma3_finemath_3plus"": 0.0, ""dolma3_stack_edu"": 0.0107421875, ""dolma3_wikipedia"": 0.0, ""dolmino_common_crawl_hq"": 0.1572265625, ""dolmino_olmocr_pdfs_hq"": 0.01123046875, ""dolmino_stack_edu_fim"": 0.0625, ""dolmino_stem_heavy_crawl"": 0.1474609375, ""dolmino_synth_code"": 0.0, ""dolmino_synth_instruction"": 0.0, ""dolmino_synth_math"": 0.0, ""dolmino_synth_qa"": 0.03515625, ""dolmino_synth_thinking"": 0.03564453125}"
fit_wave1_extension_15,wave1_extension_stratified_maximin,True,dirichlet,20.0,0.5361328125,0.5220198795688562,40.94978568893927,50.35535692321409,"{""dolma3_arxiv"": 0.0, ""dolma3_cc/art_and_design_high"": 0.0029296875, ""dolma3_cc/art_and_design_low"": 0.0, ""dolma3_cc/crime_and_law_high"": 0.0, ""dolma3_cc/crime_and_law_low"": 0.0009765625, ""dolma3_cc/education_and_jobs_high"": 0.05859375, ""dolma3_cc/education_and_jobs_low"": 0.0009765625, ""dolma3_cc/electronics_and_hardware_high"": 0.01806640625, ""dolma3_cc/electronics_and_hardware_low"": 0.00146484375, ""dolma3_cc/entertainment_high"": 0.0185546875, ""dolma3_cc/entertainment_low"": 0.0, ""dolma3_cc/finance_and_business_high"": 0.01806640625, ""dolma3_cc/finance_and_business_low"": 0.00048828125, ""dolma3_cc/food_and_dining_high"": 0.00732421875, ""dolma3_cc/food_and_dining_low"": 0.05419921875, ""dolma3_cc/games_high"": 0.0009765625, ""dolma3_cc/games_low"": 0.1279296875, ""dolma3_cc/health_high"": 0.03955078125, ""dolma3_cc/health_low"": 0.01611328125, ""dolma3_cc/history_and_geography_high"": 0.02783203125, ""dolma3_cc/history_and_geography_low"": 0.00048828125, ""dolma3_cc/industrial_high"": 0.0, ""dolma3_cc/industrial_low"": 0.10986328125, ""dolma3_cc/literature_high"": 0.03466796875, ""dolma3_cc/literature_low"": 0.0, ""dolma3_cc/science_math_and_technology_high"": 0.087890625, ""dolma3_cc/science_math_and_technology_low"": 0.01220703125, ""dolma3_finemath_3plus"": 0.00244140625, ""dolma3_stack_edu"": 0.0, ""dolma3_wikipedia"": 0.11767578125, ""dolmino_common_crawl_hq"": 0.07177734375, ""dolmino_olmocr_pdfs_hq"": 0.00927734375, ""dolmino_stack_edu_fim"": 0.00439453125, ""dolmino_stem_heavy_crawl"": 0.0, ""dolmino_synth_code"": 0.0, ""dolmino_synth_instruction"": 0.0, ""dolmino_synth_math"": 0.0, ""dolmino_synth_qa"": 0.10400390625, ""dolmino_synth_thinking"": 0.05126953125}"
fit_wave1_extension_16,wave1_extension_stratified_maximin,True,dirichlet,100.0,0.14306640625,0.18896128708380372,2.0163605389424304,9.858095424504587,"{""dolma3_arxiv"": 0.0, ""dolma3_cc/art_and_design_high"": 0.00830078125, ""dolma3_cc/art_and_design_low"": 0.021484375, ""dolma3_cc/crime_and_law_high"": 0.0048828125, ""dolma3_cc/crime_and_law_low"": 0.01318359375, ""dolma3_cc/education_and_jobs_high"": 0.0224609375, ""dolma3_cc/education_and_jobs_low"": 0.015625, ""dolma3_cc/electronics_and_hardware_high"": 0.01171875, ""dolma3_cc/electronics_and_hardware_low"": 0.017578125, ""dolma3_cc/entertainment_high"": 0.060546875, ""dolma3_cc/entertainment_low"": 0.015625, ""dolma3_cc/finance_and_business_high"": 0.07861328125, ""dolma3_cc/finance_and_business_low"": 0.02734375, ""dolma3_cc/food_and_dining_high"": 0.03466796875, ""dolma3_cc/food_and_dining_low"": 0.01611328125, ""dolma3_cc/games_high"": 0.02490234375, ""dolma3_cc/games_low"": 0.00537109375, ""dolma3_cc/health_high"": 0.07666015625, ""dolma3_cc/health_low"": 0.04150390625, ""dolma3_cc/history_and_geography_high"": 0.01904296875, ""dolma3_cc/history_and_geography_low"": 0.0087890625, ""dolma3_cc/industrial_high"": 0.00439453125, ""dolma3_cc/industrial_low"": 0.0, ""dolma3_cc/literature_high"": 0.02685546875, ""dolma3_cc/literature_low"": 0.005859375, ""dolma3_cc/science_math_and_technology_high"": 0.01904296875, ""dolma3_cc/science_math_and_technology_low"": 0.01806640625, ""dolma3_finemath_3plus"": 0.0302734375, ""dolma3_stack_edu"": 0.021484375, ""dolma3_wikipedia"": 0.0, ""dolmino_common_crawl_hq"": 0.18310546875, ""dolmino_olmocr_pdfs_hq"": 0.03125, ""dolmino_stack_edu_fim"": 0.01708984375, ""dolmino_stem_heavy_crawl"": 0.0, ""dolmino_synth_code"": 0.02978515625, ""dolmino_synth_instruction"": 0.0, ""dolmino_synth_math"": 0.0, ""dolmino_synth_qa"": 0.08544921875, ""dolmino_synth_thinking"": 0.0029296875}"
fit_wave1_extension_17,wave1_extension_stratified_maximin,True,dirichlet,20.0,0.2490234375,0.3192096800906936,0.888668565870929,9.405571234274813,"{""dolma3_arxiv"": 0.0, ""dolma3_cc/art_and_design_high"": 0.0068359375, ""dolma3_cc/art_and_design_low"": 0.0, ""dolma3_cc/crime_and_law_high"": 0.0068359375, ""dolma3_cc/crime_and_law_low"": 0.0, ""dolma3_cc/education_and_jobs_high"": 0.03271484375, ""dolma3_cc/education_and_jobs_low"": 0.0009765625, ""dolma3_cc/electronics_and_hardware_high"": 0.08056640625, ""dolma3_cc/electronics_and_hardware_low"": 0.0048828125, ""dolma3_cc/entertainment_high"": 0.0576171875, ""dolma3_cc/entertainment_low"": 0.0615234375, ""dolma3_cc/finance_and_business_high"": 0.07275390625, ""dolma3_cc/finance_and_business_low"": 0.03564453125, ""dolma3_cc/food_and_dining_high"": 0.00048828125, ""dolma3_cc/food_and_dining_low"": 0.00048828125, ""dolma3_cc/games_high"": 0.03857421875, ""dolma3_cc/games_low"": 0.0234375, ""dolma3_cc/health_high"": 0.11181640625, ""dolma3_cc/health_low"": 0.0, ""dolma3_cc/history_and_geography_high"": 0.00341796875, ""dolma3_cc/history_and_geography_low"": 0.02587890625, ""dolma3_cc/industrial_high"": 0.0, ""dolma3_cc/industrial_low"": 0.02392578125, ""dolma3_cc/literature_high"": 0.01611328125, ""dolma3_cc/literature_low"": 0.01171875, ""dolma3_cc/science_math_and_technology_high"": 0.0234375, ""dolma3_cc/science_math_and_technology_low"": 0.01220703125, ""dolma3_finemath_3plus"": 0.0, ""dolma3_stack_edu"": 0.03125, ""dolma3_wikipedia"": 0.0, ""dolmino_common_crawl_hq"": 0.19873046875, ""dolmino_olmocr_pdfs_hq"": 0.0478515625, ""dolmino_stack_edu_fim"": 0.0009765625, ""dolmino_stem_heavy_crawl"": 0.0, ""dolmino_synth_code"": 0.0, ""dolmino_synth_instruction"": 0.0, ""dolmino_synth_math"": 0.0, ""dolmino_synth_qa"": 0.0693359375, ""dolmino_synth_thinking"": 0.0}"
fit_wave1_extension_18,wave1_extension_stratified_maximin,True,dirichlet,5.0,0.49755859375,0.5706510349876446,1.9158471578929666,9.405571234274813,"{""dolma3_arxiv"": 0.0, ""dolma3_cc/art_and_design_high"": 0.0, ""dolma3_cc/art_and_design_low"": 0.0, ""dolma3_cc/crime_and_law_high"": 0.0, ""dolma3_cc/crime_and_law_low"": 0.0, ""dolma3_cc/education_and_jobs_high"": 0.0, ""dolma3_cc/education_and_jobs_low"": 0.0, ""dolma3_cc/electronics_and_hardware_high"": 0.09619140625, ""dolma3_cc/electronics_and_hardware_low"": 0.0, ""dolma3_cc/entertainment_high"": 0.1005859375, ""dolma3_cc/entertainment_low"": 0.0, ""dolma3_cc/finance_and_business_high"": 0.001953125, ""dolma3_cc/finance_and_business_low"": 0.08056640625, ""dolma3_cc/food_and_dining_high"": 0.0, ""dolma3_cc/food_and_dining_low"": 0.0, ""dolma3_cc/games_high"": 0.0, ""dolma3_cc/games_low"": 0.0, ""dolma3_cc/health_high"": 0.0546875, ""dolma3_cc/health_low"": 0.0, ""dolma3_cc/history_and_geography_high"": 0.0, ""dolma3_cc/history_and_geography_low"": 0.0, ""dolma3_cc/industrial_high"": 0.0, ""dolma3_cc/industrial_low"": 0.0, ""dolma3_cc/literature_high"": 0.0, ""dolma3_cc/literature_low"": 0.0, ""dolma3_cc/science_math_and_technology_high"": 0.04052734375, ""dolma3_cc/science_math_and_technology_low"": 0.03857421875, ""dolma3_finemath_3plus"": 0.0, ""dolma3_stack_edu"": 0.201171875, ""dolma3_wikipedia"": 0.0, ""dolmino_common_crawl_hq"": 0.18798828125, ""dolmino_olmocr_pdfs_hq"": 0.0, ""dolmino_stack_edu_fim"": 0.1455078125, ""dolmino_stem_heavy_crawl"": 0.0, ""dolmino_synth_code"": 0.0, ""dolmino_synth_instruction"": 0.0, ""dolmino_synth_math"": 0.0, ""dolmino_synth_qa"": 0.05224609375, ""dolmino_synth_thinking"": 0.0}"
fit_wave1_extension_19,wave1_extension_stratified_maximin,True,dirichlet,100.0,0.24658203125,0.2648568162670681,5.784640890408611,13.626375775970768,"{""dolma3_arxiv"": 0.0009765625, ""dolma3_cc/art_and_design_high"": 0.0087890625, ""dolma3_cc/art_and_design_low"": 0.041015625, ""dolma3_cc/crime_and_law_high"": 0.0185546875, ""dolma3_cc/crime_and_law_low"": 0.0126953125, ""dolma3_cc/education_and_jobs_high"": 0.0166015625, ""dolma3_cc/education_and_jobs_low"": 0.02099609375, ""dolma3_cc/electronics_and_hardware_high"": 0.0234375, ""dolma3_cc/electronics_and_hardware_low"": 0.00341796875, ""dolma3_cc/entertainment_high"": 0.03564453125, ""dolma3_cc/entertainment_low"": 0.01416015625, ""dolma3_cc/finance_and_business_high"": 0.10498046875, ""dolma3_cc/finance_and_business_low"": 0.01953125, ""dolma3_cc/food_and_dining_high"": 0.01123046875, ""dolma3_cc/food_and_dining_low"": 0.01025390625, ""dolma3_cc/games_high"": 0.02587890625, ""dolma3_cc/games_low"": 0.0283203125, ""dolma3_cc/health_high"": 0.0810546875, ""dolma3_cc/health_low"": 0.0029296875, ""dolma3_cc/history_and_geography_high"": 0.00390625, ""dolma3_cc/history_and_geography_low"": 0.01171875, ""dolma3_cc/industrial_high"": 0.009765625, ""dolma3_cc/industrial_low"": 0.0, ""dolma3_cc/literature_high"": 0.046875, ""dolma3_cc/literature_low"": 0.009765625, ""dolma3_cc/science_math_and_technology_high"": 0.0322265625, ""dolma3_cc/science_math_and_technology_low"": 0.025390625, ""dolma3_finemath_3plus"": 0.00146484375, ""dolma3_stack_edu"": 0.02587890625, ""dolma3_wikipedia"": 0.0, ""dolmino_common_crawl_hq"": 0.1240234375, ""dolmino_olmocr_pdfs_hq"": 0.03662109375, ""dolmino_stack_edu_fim"": 0.0205078125, ""dolmino_stem_heavy_crawl"": 0.00048828125, ""dolmino_synth_code"": 0.08544921875, ""dolmino_synth_instruction"": 0.00048828125, ""dolmino_synth_math"": 0.01904296875, ""dolmino_synth_qa"": 0.06201171875, ""dolmino_synth_thinking"": 0.00390625}"
fit_wave1_extension_20,wave1_extension_stratified_maximin,True,dirichlet,20.0,0.4287109375,0.4515706297873009,5.190196413737499,9.405571234274813,"{""dolma3_arxiv"": 0.0, ""dolma3_cc/art_and_design_high"": 0.00146484375, ""dolma3_cc/art_and_design_low"": 0.10009765625, ""dolma3_cc/crime_and_law_high"": 0.00390625, ""dolma3_cc/crime_and_law_low"": 0.0, ""dolma3_cc/education_and_jobs_high"": 0.01806640625, ""dolma3_cc/education_and_jobs_low"": 0.0029296875, ""dolma3_cc/electronics_and_hardware_high"": 0.00146484375, ""dolma3_cc/electronics_and_hardware_low"": 0.0, ""dolma3_cc/entertainment_high"": 0.03271484375, ""dolma3_cc/entertainment_low"": 0.0009765625, ""dolma3_cc/finance_and_business_high"": 0.03271484375, ""dolma3_cc/finance_and_business_low"": 0.00439453125, ""dolma3_cc/food_and_dining_high"": 0.048828125, ""dolma3_cc/food_and_dining_low"": 0.01513671875, ""dolma3_cc/games_high"": 0.03955078125, ""dolma3_cc/games_low"": 0.00537109375, ""dolma3_cc/health_high"": 0.04052734375, ""dolma3_cc/health_low"": 0.0185546875, ""dolma3_cc/history_and_geography_high"": 0.00537109375, ""dolma3_cc/history_and_geography_low"": 0.0, ""dolma3_cc/industrial_high"": 0.00146484375, ""dolma3_cc/industrial_low"": 0.17578125, ""dolma3_cc/literature_high"": 0.02685546875, ""dolma3_cc/literature_low"": 0.01513671875, ""dolma3_cc/science_math_and_technology_high"": 0.01806640625, ""dolma3_cc/science_math_and_technology_low"": 0.0, ""dolma3_finemath_3plus"": 0.0, ""dolma3_stack_edu"": 0.11083984375, ""dolma3_wikipedia"": 0.0, ""dolmino_common_crawl_hq"": 0.19921875, ""dolmino_olmocr_pdfs_hq"": 0.0, ""dolmino_stack_edu_fim"": 0.04150390625, ""dolmino_stem_heavy_crawl"": 0.0009765625, ""dolmino_synth_code"": 0.00048828125, ""dolmino_synth_instruction"": 0.0, ""dolmino_synth_math"": 0.0, ""dolmino_synth_qa"": 0.03076171875, ""dolmino_synth_thinking"": 0.0068359375}"
fit_wave1_extension_21,wave1_extension_stratified_maximin,True,dirichlet,5.0,0.5244140625,0.5605058442050062,5.4691085948348945,9.405571234274813,"{""dolma3_arxiv"": 0.0, ""dolma3_cc/art_and_design_high"": 0.072265625, ""dolma3_cc/art_and_design_low"": 0.0, ""dolma3_cc/crime_and_law_high"": 0.0, ""dolma3_cc/crime_and_law_low"": 0.0, ""dolma3_cc/education_and_jobs_high"": 0.04736328125, ""dolma3_cc/education_and_jobs_low"": 0.00341796875, ""dolma3_cc/electronics_and_hardware_high"": 0.01416015625, ""dolma3_cc/electronics_and_hardware_low"": 0.0, ""dolma3_cc/entertainment_high"": 0.00390625, ""dolma3_cc/entertainment_low"": 0.07568359375, ""dolma3_cc/finance_and_business_high"": 0.00830078125, ""dolma3_cc/finance_and_business_low"": 0.00146484375, ""dolma3_cc/food_and_dining_high"": 0.0, ""dolma3_cc/food_and_dining_low"": 0.0, ""dolma3_cc/games_high"": 0.0, ""dolma3_cc/games_low"": 0.0, ""dolma3_cc/health_high"": 0.00390625, ""dolma3_cc/health_low"": 0.0205078125, ""dolma3_cc/history_and_geography_high"": 0.0, ""dolma3_cc/history_and_geography_low"": 0.0, ""dolma3_cc/industrial_high"": 0.0, ""dolma3_cc/industrial_low"": 0.0556640625, ""dolma3_cc/literature_high"": 0.001953125, ""dolma3_cc/literature_low"": 0.0, ""dolma3_cc/science_math_and_technology_high"": 0.0556640625, ""dolma3_cc/science_math_and_technology_low"": 0.1171875, ""dolma3_finemath_3plus"": 0.0, ""dolma3_stack_edu"": 0.0, ""dolma3_wikipedia"": 0.0, ""dolmino_common_crawl_hq"": 0.18310546875, ""dolmino_olmocr_pdfs_hq"": 0.0, ""dolmino_stack_edu_fim"": 0.04443359375, ""dolmino_stem_heavy_crawl"": 0.0, ""dolmino_synth_code"": 0.0, ""dolmino_synth_instruction"": 0.0, ""dolmino_synth_math"": 0.00439453125, ""dolmino_synth_qa"": 0.11572265625, ""dolmino_synth_thinking"": 0.1708984375}"
fit_wave1_extension_22,wave1_extension_stratified_maximin,True,dirichlet,5.0,0.48291015625,0.5308748091127314,20.926001098475663,25.181135235703945,"{""dolma3_arxiv"": 0.0, ""dolma3_cc/art_and_design_high"": 0.0, ""dolma3_cc/art_and_design_low"": 0.0, ""dolma3_cc/crime_and_law_high"": 0.0, ""dolma3_cc/crime_and_law_low"": 0.04150390625, ""dolma3_cc/education_and_jobs_high"": 0.05712890625, ""dolma3_cc/education_and_jobs_low"": 0.0, ""dolma3_cc/electronics_and_hardware_high"": 0.029296875, ""dolma3_cc/electronics_and_hardware_low"": 0.0, ""dolma3_cc/entertainment_high"": 0.0078125, ""dolma3_cc/entertainment_low"": 0.00048828125, ""dolma3_cc/finance_and_business_high"": 0.0810546875, ""dolma3_cc/finance_and_business_low"": 0.11572265625, ""dolma3_cc/food_and_dining_high"": 0.00048828125, ""dolma3_cc/food_and_dining_low"": 0.0, ""dolma3_cc/games_high"": 0.0, ""dolma3_cc/games_low"": 0.00390625, ""dolma3_cc/health_high"": 0.033203125, ""dolma3_cc/health_low"": 0.0, ""dolma3_cc/history_and_geography_high"": 0.11328125, ""dolma3_cc/history_and_geography_low"": 0.00146484375, ""dolma3_cc/industrial_high"": 0.0, ""dolma3_cc/industrial_low"": 0.0, ""dolma3_cc/literature_high"": 0.02197265625, ""dolma3_cc/literature_low"": 0.0, ""dolma3_cc/science_math_and_technology_high"": 0.0009765625, ""dolma3_cc/science_math_and_technology_low"": 0.0, ""dolma3_finemath_3plus"": 0.103515625, ""dolma3_stack_edu"": 0.0, ""dolma3_wikipedia"": 0.0, ""dolmino_common_crawl_hq"": 0.14697265625, ""dolmino_olmocr_pdfs_hq"": 0.0, ""dolmino_stack_edu_fim"": 0.0439453125, ""dolmino_stem_heavy_crawl"": 0.08544921875, ""dolmino_synth_code"": 0.0, ""dolmino_synth_instruction"": 0.0, ""dolmino_synth_math"": 0.0, ""dolmino_synth_qa"": 0.11181640625, ""dolmino_synth_thinking"": 0.0}"
fit_wave1_extension_23,wave1_extension_stratified_maximin,True,dirichlet,20.0,0.50732421875,0.5218027146540768,17.81699522098785,22.07212935821613,"{""dolma3_arxiv"": 0.0, ""dolma3_cc/art_and_design_high"": 0.03466796875, ""dolma3_cc/art_and_design_low"": 0.1416015625, ""dolma3_cc/crime_and_law_high"": 0.19091796875, ""dolma3_cc/crime_and_law_low"": 0.0, ""dolma3_cc/education_and_jobs_high"": 0.01708984375, ""dolma3_cc/education_and_jobs_low"": 0.00439453125, ""dolma3_cc/electronics_and_hardware_high"": 0.0283203125, ""dolma3_cc/electronics_and_hardware_low"": 0.0068359375, ""dolma3_cc/entertainment_high"": 0.00439453125, ""dolma3_cc/entertainment_low"": 0.00048828125, ""dolma3_cc/finance_and_business_high"": 0.02490234375, ""dolma3_cc/finance_and_business_low"": 0.00244140625, ""dolma3_cc/food_and_dining_high"": 0.0009765625, ""dolma3_cc/food_and_dining_low"": 0.01220703125, ""dolma3_cc/games_high"": 0.0, ""dolma3_cc/games_low"": 0.03369140625, ""dolma3_cc/health_high"": 0.07470703125, ""dolma3_cc/health_low"": 0.05810546875, ""dolma3_cc/history_and_geography_high"": 0.0, ""dolma3_cc/history_and_geography_low"": 0.0, ""dolma3_cc/industrial_high"": 0.04150390625, ""dolma3_cc/industrial_low"": 0.0, ""dolma3_cc/literature_high"": 0.00048828125, ""dolma3_cc/literature_low"": 0.00537109375, ""dolma3_cc/science_math_and_technology_high"": 0.02734375, ""dolma3_cc/science_math_and_technology_low"": 0.00390625, ""dolma3_finemath_3plus"": 0.0, ""dolma3_stack_edu"": 0.01123046875, ""dolma3_wikipedia"": 0.0, ""dolmino_common_crawl_hq"": 0.1162109375, ""dolmino_olmocr_pdfs_hq"": 0.0, ""dolmino_stack_edu_fim"": 0.0, ""dolmino_stem_heavy_crawl"": 0.07275390625, ""dolmino_synth_code"": 0.0, ""dolmino_synth_instruction"": 0.0, ""dolmino_synth_math"": 0.0, ""dolmino_synth_qa"": 0.08447265625, ""dolmino_synth_thinking"": 0.0009765625}"
fit_wave1_extension_24,wave1_extension_stratified_maximin,True,dirichlet,20.0,0.34033203125,0.3859320034405172,27.52641195688034,36.931983191155155,"{""dolma3_arxiv"": 0.0, ""dolma3_cc/art_and_design_high"": 0.0234375, ""dolma3_cc/art_and_design_low"": 0.00048828125, ""dolma3_cc/crime_and_law_high"": 0.02099609375, ""dolma3_cc/crime_and_law_low"": 0.0, ""dolma3_cc/education_and_jobs_high"": 0.00244140625, ""dolma3_cc/education_and_jobs_low"": 0.03955078125, ""dolma3_cc/electronics_and_hardware_high"": 0.0068359375, ""dolma3_cc/electronics_and_hardware_low"": 0.0, ""dolma3_cc/entertainment_high"": 0.10546875, ""dolma3_cc/entertainment_low"": 0.01611328125, ""dolma3_cc/finance_and_business_high"": 0.06494140625, ""dolma3_cc/finance_and_business_low"": 0.05029296875, ""dolma3_cc/food_and_dining_high"": 0.04443359375, ""dolma3_cc/food_and_dining_low"": 0.00244140625, ""dolma3_cc/games_high"": 0.017578125, ""dolma3_cc/games_low"": 0.0, ""dolma3_cc/health_high"": 0.04443359375, ""dolma3_cc/health_low"": 0.01904296875, ""dolma3_cc/history_and_geography_high"": 0.02880859375, ""dolma3_cc/history_and_geography_low"": 0.00048828125, ""dolma3_cc/industrial_high"": 0.03125, ""dolma3_cc/industrial_low"": 0.0, ""dolma3_cc/literature_high"": 0.03515625, ""dolma3_cc/literature_low"": 0.0517578125, ""dolma3_cc/science_math_and_technology_high"": 0.0302734375, ""dolma3_cc/science_math_and_technology_low"": 0.0009765625, ""dolma3_finemath_3plus"": 0.0830078125, ""dolma3_stack_edu"": 0.0009765625, ""dolma3_wikipedia"": 0.0791015625, ""dolmino_common_crawl_hq"": 0.11181640625, ""dolmino_olmocr_pdfs_hq"": 0.001953125, ""dolmino_stack_edu_fim"": 0.00146484375, ""dolmino_stem_heavy_crawl"": 0.0, ""dolmino_synth_code"": 0.00537109375, ""dolmino_synth_instruction"": 0.0, ""dolmino_synth_math"": 0.0, ""dolmino_synth_qa"": 0.07861328125, ""dolmino_synth_thinking"": 0.00048828125}"
fit_wave1_extension_25,wave1_extension_stratified_maximin,True,dirichlet,5.0,0.5654296875,0.5623379378955525,27.52641195688034,36.931983191155155,"{""dolma3_arxiv"": 0.0, ""dolma3_cc/art_and_design_high"": 0.0, ""dolma3_cc/art_and_design_low"": 0.0, ""dolma3_cc/crime_and_law_high"": 0.1298828125, ""dolma3_cc/crime_and_law_low"": 0.06494140625, ""dolma3_cc/education_and_jobs_high"": 0.1357421875, ""dolma3_cc/education_and_jobs_low"": 0.0, ""dolma3_cc/electronics_and_hardware_high"": 0.0, ""dolma3_cc/electronics_and_hardware_low"": 0.0, ""dolma3_cc/entertainment_high"": 0.1787109375, ""dolma3_cc/entertainment_low"": 0.00244140625, ""dolma3_cc/finance_and_business_high"": 0.08251953125, ""dolma3_cc/finance_and_business_low"": 0.01806640625, ""dolma3_cc/food_and_dining_high"": 0.00048828125, ""dolma3_cc/food_and_dining_low"": 0.0, ""dolma3_cc/games_high"": 0.0, ""dolma3_cc/games_low"": 0.0, ""dolma3_cc/health_high"": 0.02978515625, ""dolma3_cc/health_low"": 0.095703125, ""dolma3_cc/history_and_geography_high"": 0.00244140625, ""dolma3_cc/history_and_geography_low"": 0.0, ""dolma3_cc/industrial_high"": 0.0, ""dolma3_cc/industrial_low"": 0.0, ""dolma3_cc/literature_high"": 0.0, ""dolma3_cc/literature_low"": 0.0, ""dolma3_cc/science_math_and_technology_high"": 0.0009765625, ""dolma3_cc/science_math_and_technology_low"": 0.02490234375, ""dolma3_finemath_3plus"": 0.0224609375, ""dolma3_stack_edu"": 0.0244140625, ""dolma3_wikipedia"": 0.0791015625, ""dolmino_common_crawl_hq"": 0.10205078125, ""dolmino_olmocr_pdfs_hq"": 0.0, ""dolmino_stack_edu_fim"": 0.0048828125, ""dolmino_stem_heavy_crawl"": 0.0, ""dolmino_synth_code"": 0.0, ""dolmino_synth_instruction"": 0.0, ""dolmino_synth_math"": 0.0, ""dolmino_synth_qa"": 0.0, ""dolmino_synth_thinking"": 0.00048828125}"
fit_wave1_extension_26,wave1_extension_stratified_maximin,True,dirichlet,20.0,0.44140625,0.48181983799793277,46.72693387742033,56.13250511169514,"{""dolma3_arxiv"": 0.00390625, ""dolma3_cc/art_and_design_high"": 0.0126953125, ""dolma3_cc/art_and_design_low"": 0.0009765625, ""dolma3_cc/crime_and_law_high"": 0.00244140625, ""dolma3_cc/crime_and_law_low"": 0.0, ""dolma3_cc/education_and_jobs_high"": 0.01025390625, ""dolma3_cc/education_and_jobs_low"": 0.0, ""dolma3_cc/electronics_and_hardware_high"": 0.03564453125, ""dolma3_cc/electronics_and_hardware_low"": 0.0, ""dolma3_cc/entertainment_high"": 0.05078125, ""dolma3_cc/entertainment_low"": 0.0, ""dolma3_cc/finance_and_business_high"": 0.00830078125, ""dolma3_cc/finance_and_business_low"": 0.001953125, ""dolma3_cc/food_and_dining_high"": 0.04296875, ""dolma3_cc/food_and_dining_low"": 0.00390625, ""dolma3_cc/games_high"": 0.11083984375, ""dolma3_cc/games_low"": 0.05322265625, ""dolma3_cc/health_high"": 0.0146484375, ""dolma3_cc/health_low"": 0.03759765625, ""dolma3_cc/history_and_geography_high"": 0.0, ""dolma3_cc/history_and_geography_low"": 0.0, ""dolma3_cc/industrial_high"": 0.001953125, ""dolma3_cc/industrial_low"": 0.0087890625, ""dolma3_cc/literature_high"": 0.07666015625, ""dolma3_cc/literature_low"": 0.0048828125, ""dolma3_cc/science_math_and_technology_high"": 0.0029296875, ""dolma3_cc/science_math_and_technology_low"": 0.0009765625, ""dolma3_finemath_3plus"": 0.0, ""dolma3_stack_edu"": 0.0, ""dolma3_wikipedia"": 0.13427734375, ""dolmino_common_crawl_hq"": 0.2001953125, ""dolmino_olmocr_pdfs_hq"": 0.03759765625, ""dolmino_stack_edu_fim"": 0.0234375, ""dolmino_stem_heavy_crawl"": 0.0, ""dolmino_synth_code"": 0.0, ""dolmino_synth_instruction"": 0.05615234375, ""dolmino_synth_math"": 0.0, ""dolmino_synth_qa"": 0.03466796875, ""dolmino_synth_thinking"": 0.02734375}"
fit_wave1_extension_27,wave1_extension_stratified_maximin,True,dirichlet,5.0,0.541015625,0.5669981628151983,37.211630978745646,46.61720221302046,"{""dolma3_arxiv"": 0.0, ""dolma3_cc/art_and_design_high"": 0.0, ""dolma3_cc/art_and_design_low"": 0.0, ""dolma3_cc/crime_and_law_high"": 0.0, ""dolma3_cc/crime_and_law_low"": 0.1279296875, ""dolma3_cc/education_and_jobs_high"": 0.0693359375, ""dolma3_cc/education_and_jobs_low"": 0.0009765625, ""dolma3_cc/electronics_and_hardware_high"": 0.072265625, ""dolma3_cc/electronics_and_hardware_low"": 0.09765625, ""dolma3_cc/entertainment_high"": 0.001953125, ""dolma3_cc/entertainment_low"": 0.06640625, ""dolma3_cc/finance_and_business_high"": 0.01513671875, ""dolma3_cc/finance_and_business_low"": 0.076171875, ""dolma3_cc/food_and_dining_high"": 0.0, ""dolma3_cc/food_and_dining_low"": 0.06640625, ""dolma3_cc/games_high"": 0.03564453125, ""dolma3_cc/games_low"": 0.00048828125, ""dolma3_cc/health_high"": 0.0556640625, ""dolma3_cc/health_low"": 0.0009765625, ""dolma3_cc/history_and_geography_high"": 0.00048828125, ""dolma3_cc/history_and_geography_low"": 0.0, ""dolma3_cc/industrial_high"": 0.00048828125, ""dolma3_cc/industrial_low"": 0.0, ""dolma3_cc/literature_high"": 0.00244140625, ""dolma3_cc/literature_low"": 0.0, ""dolma3_cc/science_math_and_technology_high"": 0.00048828125, ""dolma3_cc/science_math_and_technology_low"": 0.0, ""dolma3_finemath_3plus"": 0.0, ""dolma3_stack_edu"": 0.0009765625, ""dolma3_wikipedia"": 0.10693359375, ""dolmino_common_crawl_hq"": 0.1845703125, ""dolmino_olmocr_pdfs_hq"": 0.00927734375, ""dolmino_stack_edu_fim"": 0.0, ""dolmino_stem_heavy_crawl"": 0.0, ""dolmino_synth_code"": 0.0, ""dolmino_synth_instruction"": 0.0, ""dolmino_synth_math"": 0.0, ""dolmino_synth_qa"": 0.00732421875, ""dolmino_synth_thinking"": 0.0}"
fit_wave1_extension_28,wave1_extension_stratified_maximin,True,dirichlet,20.0,0.24169921875,0.2975088595268498,1.182211405351319,9.405571234274813,"{""dolma3_arxiv"": 0.0, ""dolma3_cc/art_and_design_high"": 0.0, ""dolma3_cc/art_and_design_low"": 0.0, ""dolma3_cc/crime_and_law_high"": 0.0029296875, ""dolma3_cc/crime_and_law_low"": 0.0, ""dolma3_cc/education_and_jobs_high"": 0.044921875, ""dolma3_cc/education_and_jobs_low"": 0.00390625, ""dolma3_cc/electronics_and_hardware_high"": 0.00537109375, ""dolma3_cc/electronics_and_hardware_low"": 0.0, ""dolma3_cc/entertainment_high"": 0.0654296875, ""dolma3_cc/entertainment_low"": 0.0234375, ""dolma3_cc/finance_and_business_high"": 0.111328125, ""dolma3_cc/finance_and_business_low"": 0.056640625, ""dolma3_cc/food_and_dining_high"": 0.0703125, ""dolma3_cc/food_and_dining_low"": 0.0126953125, ""dolma3_cc/games_high"": 0.02099609375, ""dolma3_cc/games_low"": 0.00048828125, ""dolma3_cc/health_high"": 0.0751953125, ""dolma3_cc/health_low"": 0.01123046875, ""dolma3_cc/history_and_geography_high"": 0.0283203125, ""dolma3_cc/history_and_geography_low"": 0.0, ""dolma3_cc/industrial_high"": 0.00244140625, ""dolma3_cc/industrial_low"": 0.0400390625, ""dolma3_cc/literature_high"": 0.0625, ""dolma3_cc/literature_low"": 0.00048828125, ""dolma3_cc/science_math_and_technology_high"": 0.013671875, ""dolma3_cc/science_math_and_technology_low"": 0.01953125, ""dolma3_finemath_3plus"": 0.0, ""dolma3_stack_edu"": 0.00048828125, ""dolma3_wikipedia"": 0.0, ""dolmino_common_crawl_hq"": 0.19091796875, ""dolmino_olmocr_pdfs_hq"": 0.01708984375, ""dolmino_stack_edu_fim"": 0.0029296875, ""dolmino_stem_heavy_crawl"": 0.0, ""dolmino_synth_code"": 0.00048828125, ""dolmino_synth_instruction"": 0.0, ""dolmino_synth_math"": 0.0, ""dolmino_synth_qa"": 0.1162109375, ""dolmino_synth_thinking"": 0.0}"
fit_wave1_extension_29,wave1_extension_stratified_maximin,True,dirichlet,5.0,0.45361328125,0.5115779967458973,1.8208994269994452,9.405571234274813,"{""dolma3_arxiv"": 0.00048828125, ""dolma3_cc/art_and_design_high"": 0.0, ""dolma3_cc/art_and_design_low"": 0.0, ""dolma3_cc/crime_and_law_high"": 0.00390625, ""dolma3_cc/crime_and_law_low"": 0.0, ""dolma3_cc/education_and_jobs_high"": 0.0, ""dolma3_cc/education_and_jobs_low"": 0.00537109375, ""dolma3_cc/electronics_and_hardware_high"": 0.0, ""dolma3_cc/electronics_and_hardware_low"": 0.0888671875, ""dolma3_cc/entertainment_high"": 0.0810546875, ""dolma3_cc/entertainment_low"": 0.00048828125, ""dolma3_cc/finance_and_business_high"": 0.12841796875, ""dolma3_cc/finance_and_business_low"": 0.0, ""dolma3_cc/food_and_dining_high"": 0.01416015625, ""dolma3_cc/food_and_dining_low"": 0.09130859375, ""dolma3_cc/games_high"": 0.00341796875, ""dolma3_cc/games_low"": 0.0, ""dolma3_cc/health_high"": 0.09033203125, ""dolma3_cc/health_low"": 0.0595703125, ""dolma3_cc/history_and_geography_high"": 0.00146484375, ""dolma3_cc/history_and_geography_low"": 0.0, ""dolma3_cc/industrial_high"": 0.0, ""dolma3_cc/industrial_low"": 0.0, ""dolma3_cc/literature_high"": 0.0, ""dolma3_cc/literature_low"": 0.0, ""dolma3_cc/science_math_and_technology_high"": 0.0, ""dolma3_cc/science_math_and_technology_low"": 0.0, ""dolma3_finemath_3plus"": 0.0, ""dolma3_stack_edu"": 0.0, ""dolma3_wikipedia"": 0.0, ""dolmino_common_crawl_hq"": 0.1640625, ""dolmino_olmocr_pdfs_hq"": 0.16064453125, ""dolmino_stack_edu_fim"": 0.0, ""dolmino_stem_heavy_crawl"": 0.0, ""dolmino_synth_code"": 0.0, ""dolmino_synth_instruction"": 0.0, ""dolmino_synth_math"": 0.0, ""dolmino_synth_qa"": 0.1064453125, ""dolmino_synth_thinking"": 0.0}"
fit_wave1_extension_30,wave1_extension_stratified_maximin,True,dirichlet,100.0,0.19775390625,0.2412808152157412,5.0243738019549085,12.866108687517064,"{""dolma3_arxiv"": 0.0, ""dolma3_cc/art_and_design_high"": 0.0029296875, ""dolma3_cc/art_and_design_low"": 0.00048828125, ""dolma3_cc/crime_and_law_high"": 0.01171875, ""dolma3_cc/crime_and_law_low"": 0.00048828125, ""dolma3_cc/education_and_jobs_high"": 0.06298828125, ""dolma3_cc/education_and_jobs_low"": 0.0380859375, ""dolma3_cc/electronics_and_hardware_high"": 0.009765625, ""dolma3_cc/electronics_and_hardware_low"": 0.01220703125, ""dolma3_cc/entertainment_high"": 0.04296875, ""dolma3_cc/entertainment_low"": 0.0087890625, ""dolma3_cc/finance_and_business_high"": 0.04931640625, ""dolma3_cc/finance_and_business_low"": 0.03369140625, ""dolma3_cc/food_and_dining_high"": 0.03173828125, ""dolma3_cc/food_and_dining_low"": 0.00634765625, ""dolma3_cc/games_high"": 0.0341796875, ""dolma3_cc/games_low"": 0.00439453125, ""dolma3_cc/health_high"": 0.05322265625, ""dolma3_cc/health_low"": 0.02099609375, ""dolma3_cc/history_and_geography_high"": 0.021484375, ""dolma3_cc/history_and_geography_low"": 0.0, ""dolma3_cc/industrial_high"": 0.00146484375, ""dolma3_cc/industrial_low"": 0.0166015625, ""dolma3_cc/literature_high"": 0.0361328125, ""dolma3_cc/literature_low"": 0.0302734375, ""dolma3_cc/science_math_and_technology_high"": 0.03271484375, ""dolma3_cc/science_math_and_technology_low"": 0.02099609375, ""dolma3_finemath_3plus"": 0.0009765625, ""dolma3_stack_edu"": 0.0224609375, ""dolma3_wikipedia"": 0.0, ""dolmino_common_crawl_hq"": 0.203125, ""dolmino_olmocr_pdfs_hq"": 0.013671875, ""dolmino_stack_edu_fim"": 0.02734375, ""dolmino_stem_heavy_crawl"": 0.0, ""dolmino_synth_code"": 0.07421875, ""dolmino_synth_instruction"": 0.0009765625, ""dolmino_synth_math"": 0.00146484375, ""dolmino_synth_qa"": 0.0634765625, ""dolmino_synth_thinking"": 0.00830078125}"
fit_wave1_extension_31,wave1_extension_stratified_maximin,True,dirichlet,5.0,0.4716796875,0.5667876328889625,5.094084005474787,10.09680634298002,"{""dolma3_arxiv"": 0.0, ""dolma3_cc/art_and_design_high"": 0.0, ""dolma3_cc/art_and_design_low"": 0.0, ""dolma3_cc/crime_and_law_high"": 0.0, ""dolma3_cc/crime_and_law_low"": 0.0, ""dolma3_cc/education_and_jobs_high"": 0.00830078125, ""dolma3_cc/education_and_jobs_low"": 0.0, ""dolma3_cc/electronics_and_hardware_high"": 0.1064453125, ""dolma3_cc/electronics_and_hardware_low"": 0.0, ""dolma3_cc/entertainment_high"": 0.0, ""dolma3_cc/entertainment_low"": 0.0, ""dolma3_cc/finance_and_business_high"": 0.0849609375, ""dolma3_cc/finance_and_business_low"": 0.0, ""dolma3_cc/food_and_dining_high"": 0.00048828125, ""dolma3_cc/food_and_dining_low"": 0.0, ""dolma3_cc/games_high"": 0.06298828125, ""dolma3_cc/games_low"": 0.0, ""dolma3_cc/health_high"": 0.048828125, ""dolma3_cc/health_low"": 0.0, ""dolma3_cc/history_and_geography_high"": 0.0146484375, ""dolma3_cc/history_and_geography_low"": 0.1337890625, ""dolma3_cc/industrial_high"": 0.0, ""dolma3_cc/industrial_low"": 0.0, ""dolma3_cc/literature_high"": 0.02099609375, ""dolma3_cc/literature_low"": 0.0, ""dolma3_cc/science_math_and_technology_high"": 0.0009765625, ""dolma3_cc/science_math_and_technology_low"": 0.0, ""dolma3_finemath_3plus"": 0.0, ""dolma3_stack_edu"": 0.0, ""dolma3_wikipedia"": 0.0, ""dolmino_common_crawl_hq"": 0.197265625, ""dolmino_olmocr_pdfs_hq"": 0.07373046875, ""dolmino_stack_edu_fim"": 0.00048828125, ""dolmino_stem_heavy_crawl"": 0.0, ""dolmino_synth_code"": 0.0, ""dolmino_synth_instruction"": 0.0, ""dolmino_synth_math"": 0.0, ""dolmino_synth_qa"": 0.0869140625, ""dolmino_synth_thinking"": 0.1591796875}"
fit_wave1_extension_32,wave1_extension_stratified_maximin,True,dirichlet,20.0,0.41015625,0.42590074783318077,20.899683152446183,30.305254386720996,"{""dolma3_arxiv"": 0.00048828125, ""dolma3_cc/art_and_design_high"": 0.00048828125, ""dolma3_cc/art_and_design_low"": 0.0625, ""dolma3_cc/crime_and_law_high"": 0.00048828125, ""dolma3_cc/crime_and_law_low"": 0.0, ""dolma3_cc/education_and_jobs_high"": 0.017578125, ""dolma3_cc/education_and_jobs_low"": 0.02880859375, ""dolma3_cc/electronics_and_hardware_high"": 0.00048828125, ""dolma3_cc/electronics_and_hardware_low"": 0.0009765625, ""dolma3_cc/entertainment_high"": 0.080078125, ""dolma3_cc/entertainment_low"": 0.02880859375, ""dolma3_cc/finance_and_business_high"": 0.1083984375, ""dolma3_cc/finance_and_business_low"": 0.08203125, ""dolma3_cc/food_and_dining_high"": 0.00390625, ""dolma3_cc/food_and_dining_low"": 0.0, ""dolma3_cc/games_high"": 0.0166015625, ""dolma3_cc/games_low"": 0.001953125, ""dolma3_cc/health_high"": 0.03857421875, ""dolma3_cc/health_low"": 0.0, ""dolma3_cc/history_and_geography_high"": 0.0283203125, ""dolma3_cc/history_and_geography_low"": 0.0634765625, ""dolma3_cc/industrial_high"": 0.0, ""dolma3_cc/industrial_low"": 0.0009765625, ""dolma3_cc/literature_high"": 0.0751953125, ""dolma3_cc/literature_low"": 0.0, ""dolma3_cc/science_math_and_technology_high"": 0.02978515625, ""dolma3_cc/science_math_and_technology_low"": 0.00048828125, ""dolma3_finemath_3plus"": 0.0, ""dolma3_stack_edu"": 0.00048828125, ""dolma3_wikipedia"": 0.06005859375, ""dolmino_common_crawl_hq"": 0.1162109375, ""dolmino_olmocr_pdfs_hq"": 0.09619140625, ""dolmino_stack_edu_fim"": 0.0, ""dolmino_stem_heavy_crawl"": 0.0, ""dolmino_synth_code"": 0.0126953125, ""dolmino_synth_instruction"": 0.00146484375, ""dolmino_synth_math"": 0.0, ""dolmino_synth_qa"": 0.04150390625, ""dolmino_synth_thinking"": 0.0009765625}"
fit_wave1_extension_33,wave1_extension_stratified_maximin,True,dirichlet,5.0,0.53271484375,0.5570761316072136,18.414880966658583,22.670015103886865,"{""dolma3_arxiv"": 0.0, ""dolma3_cc/art_and_design_high"": 0.0, ""dolma3_cc/art_and_design_low"": 0.0, ""dolma3_cc/crime_and_law_high"": 0.19384765625, ""dolma3_cc/crime_and_law_low"": 0.00048828125, ""dolma3_cc/education_and_jobs_high"": 0.0, ""dolma3_cc/education_and_jobs_low"": 0.01318359375, ""dolma3_cc/electronics_and_hardware_high"": 0.0, ""dolma3_cc/electronics_and_hardware_low"": 0.0009765625, ""dolma3_cc/entertainment_high"": 0.001953125, ""dolma3_cc/entertainment_low"": 0.00927734375, ""dolma3_cc/finance_and_business_high"": 0.00439453125, ""dolma3_cc/finance_and_business_low"": 0.0, ""dolma3_cc/food_and_dining_high"": 0.00244140625, ""dolma3_cc/food_and_dining_low"": 0.07861328125, ""dolma3_cc/games_high"": 0.0, ""dolma3_cc/games_low"": 0.01806640625, ""dolma3_cc/health_high"": 0.04736328125, ""dolma3_cc/health_low"": 0.0244140625, ""dolma3_cc/history_and_geography_high"": 0.0, ""dolma3_cc/history_and_geography_low"": 0.0, ""dolma3_cc/industrial_high"": 0.0, ""dolma3_cc/industrial_low"": 0.05126953125, ""dolma3_cc/literature_high"": 0.00927734375, ""dolma3_cc/literature_low"": 0.0, ""dolma3_cc/science_math_and_technology_high"": 0.0068359375, ""dolma3_cc/science_math_and_technology_low"": 0.09619140625, ""dolma3_finemath_3plus"": 0.0, ""dolma3_stack_edu"": 0.0, ""dolma3_wikipedia"": 0.0, ""dolmino_common_crawl_hq"": 0.166015625, ""dolmino_olmocr_pdfs_hq"": 0.09326171875, ""dolmino_stack_edu_fim"": 0.005859375, ""dolmino_stem_heavy_crawl"": 0.0751953125, ""dolmino_synth_code"": 0.0, ""dolmino_synth_instruction"": 0.0, ""dolmino_synth_math"": 0.0, ""dolmino_synth_qa"": 0.10107421875, ""dolmino_synth_thinking"": 0.0}"
fit_wave1_extension_34,wave1_extension_stratified_maximin,True,dirichlet,20.0,0.44189453125,0.4632430905206686,29.735321558358393,39.14089279263321,"{""dolma3_arxiv"": 0.0, ""dolma3_cc/art_and_design_high"": 0.06494140625, ""dolma3_cc/art_and_design_low"": 0.0, ""dolma3_cc/crime_and_law_high"": 0.0, ""dolma3_cc/crime_and_law_low"": 0.0, ""dolma3_cc/education_and_jobs_high"": 0.109375, ""dolma3_cc/education_and_jobs_low"": 0.001953125, ""dolma3_cc/electronics_and_hardware_high"": 0.00048828125, ""dolma3_cc/electronics_and_hardware_low"": 0.083984375, ""dolma3_cc/entertainment_high"": 0.025390625, ""dolma3_cc/entertainment_low"": 0.00341796875, ""dolma3_cc/finance_and_business_high"": 0.048828125, ""dolma3_cc/finance_and_business_low"": 0.03857421875, ""dolma3_cc/food_and_dining_high"": 0.0, ""dolma3_cc/food_and_dining_low"": 0.00927734375, ""dolma3_cc/games_high"": 0.021484375, ""dolma3_cc/games_low"": 0.015625, ""dolma3_cc/health_high"": 0.0048828125, ""dolma3_cc/health_low"": 0.017578125, ""dolma3_cc/history_and_geography_high"": 0.03759765625, ""dolma3_cc/history_and_geography_low"": 0.0, ""dolma3_cc/industrial_high"": 0.0, ""dolma3_cc/industrial_low"": 0.00048828125, ""dolma3_cc/literature_high"": 0.03125, ""dolma3_cc/literature_low"": 0.0, ""dolma3_cc/science_math_and_technology_high"": 0.0205078125, ""dolma3_cc/science_math_and_technology_low"": 0.00390625, ""dolma3_finemath_3plus"": 0.02685546875, ""dolma3_stack_edu"": 0.13037109375, ""dolma3_wikipedia"": 0.08544921875, ""dolmino_common_crawl_hq"": 0.1572265625, ""dolmino_olmocr_pdfs_hq"": 0.01318359375, ""dolmino_stack_edu_fim"": 0.0, ""dolmino_stem_heavy_crawl"": 0.0, ""dolmino_synth_code"": 0.0, ""dolmino_synth_instruction"": 0.0, ""dolmino_synth_math"": 0.00634765625, ""dolmino_synth_qa"": 0.041015625, ""dolmino_synth_thinking"": 0.0}"
fit_wave1_extension_35,wave1_extension_stratified_maximin,True,dirichlet,5.0,0.67626953125,0.65980838466738,30.61175017834154,34.86688431556982,"{""dolma3_arxiv"": 0.0, ""dolma3_cc/art_and_design_high"": 0.0, ""dolma3_cc/art_and_design_low"": 0.0, ""dolma3_cc/crime_and_law_high"": 0.15869140625, ""dolma3_cc/crime_and_law_low"": 0.00048828125, ""dolma3_cc/education_and_jobs_high"": 0.0, ""dolma3_cc/education_and_jobs_low"": 0.23291015625, ""dolma3_cc/electronics_and_hardware_high"": 0.0, ""dolma3_cc/electronics_and_hardware_low"": 0.0, ""dolma3_cc/entertainment_high"": 0.09423828125, ""dolma3_cc/entertainment_low"": 0.0, ""dolma3_cc/finance_and_business_high"": 0.05712890625, ""dolma3_cc/finance_and_business_low"": 0.0009765625, ""dolma3_cc/food_and_dining_high"": 0.0009765625, ""dolma3_cc/food_and_dining_low"": 0.00341796875, ""dolma3_cc/games_high"": 0.0, ""dolma3_cc/games_low"": 0.0, ""dolma3_cc/health_high"": 0.087890625, ""dolma3_cc/health_low"": 0.0185546875, ""dolma3_cc/history_and_geography_high"": 0.1337890625, ""dolma3_cc/history_and_geography_low"": 0.0, ""dolma3_cc/industrial_high"": 0.0, ""dolma3_cc/industrial_low"": 0.0, ""dolma3_cc/literature_high"": 0.01025390625, ""dolma3_cc/literature_low"": 0.0, ""dolma3_cc/science_math_and_technology_high"": 0.0, ""dolma3_cc/science_math_and_technology_low"": 0.0, ""dolma3_finemath_3plus"": 0.0, ""dolma3_stack_edu"": 0.00048828125, ""dolma3_wikipedia"": 0.0, ""dolmino_common_crawl_hq"": 0.0029296875, ""dolmino_olmocr_pdfs_hq"": 0.05615234375, ""dolmino_stack_edu_fim"": 0.0, ""dolmino_stem_heavy_crawl"": 0.125, ""dolmino_synth_code"": 0.0, ""dolmino_synth_instruction"": 0.0, ""dolmino_synth_math"": 0.0, ""dolmino_synth_qa"": 0.01611328125, ""dolmino_synth_thinking"": 0.0}"
fit_wave1_extension_36,wave1_extension_stratified_maximin,True,dirichlet,20.0,0.4599609375,0.4790490489023968,48.59601123251714,58.00158246679196,"{""dolma3_arxiv"": 0.00341796875, ""dolma3_cc/art_and_design_high"": 0.0, ""dolma3_cc/art_and_design_low"": 0.0, ""dolma3_cc/crime_and_law_high"": 0.001953125, ""dolma3_cc/crime_and_law_low"": 0.0302734375, ""dolma3_cc/education_and_jobs_high"": 0.01318359375, ""dolma3_cc/education_and_jobs_low"": 0.0, ""dolma3_cc/electronics_and_hardware_high"": 0.0078125, ""dolma3_cc/electronics_and_hardware_low"": 0.0009765625, ""dolma3_cc/entertainment_high"": 0.00634765625, ""dolma3_cc/entertainment_low"": 0.041015625, ""dolma3_cc/finance_and_business_high"": 0.08447265625, ""dolma3_cc/finance_and_business_low"": 0.01806640625, ""dolma3_cc/food_and_dining_high"": 0.0322265625, ""dolma3_cc/food_and_dining_low"": 0.0810546875, ""dolma3_cc/games_high"": 0.0302734375, ""dolma3_cc/games_low"": 0.0, ""dolma3_cc/health_high"": 0.07470703125, ""dolma3_cc/health_low"": 0.01611328125, ""dolma3_cc/history_and_geography_high"": 0.00048828125, ""dolma3_cc/history_and_geography_low"": 0.00146484375, ""dolma3_cc/industrial_high"": 0.0, ""dolma3_cc/industrial_low"": 0.09716796875, ""dolma3_cc/literature_high"": 0.02099609375, ""dolma3_cc/literature_low"": 0.00146484375, ""dolma3_cc/science_math_and_technology_high"": 0.0068359375, ""dolma3_cc/science_math_and_technology_low"": 0.009765625, ""dolma3_finemath_3plus"": 0.0693359375, ""dolma3_stack_edu"": 0.0185546875, ""dolma3_wikipedia"": 0.1396484375, ""dolmino_common_crawl_hq"": 0.09423828125, ""dolmino_olmocr_pdfs_hq"": 0.05810546875, ""dolmino_stack_edu_fim"": 0.0205078125, ""dolmino_stem_heavy_crawl"": 0.0, ""dolmino_synth_code"": 0.0, ""dolmino_synth_instruction"": 0.0, ""dolmino_synth_math"": 0.0, ""dolmino_synth_qa"": 0.0185546875, ""dolmino_synth_thinking"": 0.0009765625}"
fit_wave1_extension_37,wave1_extension_stratified_maximin,True,dirichlet,20.0,0.52587890625,0.4855768016679761,35.03610469630497,39.29123883353325,"{""dolma3_arxiv"": 0.0, ""dolma3_cc/art_and_design_high"": 0.0, ""dolma3_cc/art_and_design_low"": 0.001953125, ""dolma3_cc/crime_and_law_high"": 0.009765625, ""dolma3_cc/crime_and_law_low"": 0.00390625, ""dolma3_cc/education_and_jobs_high"": 0.00390625, ""dolma3_cc/education_and_jobs_low"": 0.02685546875, ""dolma3_cc/electronics_and_hardware_high"": 0.01806640625, ""dolma3_cc/electronics_and_hardware_low"": 0.0, ""dolma3_cc/entertainment_high"": 0.03173828125, ""dolma3_cc/entertainment_low"": 0.03564453125, ""dolma3_cc/finance_and_business_high"": 0.02001953125, ""dolma3_cc/finance_and_business_low"": 0.07568359375, ""dolma3_cc/food_and_dining_high"": 0.03759765625, ""dolma3_cc/food_and_dining_low"": 0.0, ""dolma3_cc/games_high"": 0.0322265625, ""dolma3_cc/games_low"": 0.00146484375, ""dolma3_cc/health_high"": 0.02490234375, ""dolma3_cc/health_low"": 0.00439453125, ""dolma3_cc/history_and_geography_high"": 0.15966796875, ""dolma3_cc/history_and_geography_low"": 0.0, ""dolma3_cc/industrial_high"": 0.00146484375, ""dolma3_cc/industrial_low"": 0.04248046875, ""dolma3_cc/literature_high"": 0.06005859375, ""dolma3_cc/literature_low"": 0.03076171875, ""dolma3_cc/science_math_and_technology_high"": 0.0849609375, ""dolma3_cc/science_math_and_technology_low"": 0.00341796875, ""dolma3_finemath_3plus"": 0.02734375, ""dolma3_stack_edu"": 0.00146484375, ""dolma3_wikipedia"": 0.0, ""dolmino_common_crawl_hq"": 0.04248046875, ""dolmino_olmocr_pdfs_hq"": 0.04541015625, ""dolmino_stack_edu_fim"": 0.01806640625, ""dolmino_stem_heavy_crawl"": 0.14306640625, ""dolmino_synth_code"": 0.0009765625, ""dolmino_synth_instruction"": 0.0, ""dolmino_synth_math"": 0.0, ""dolmino_synth_qa"": 0.009765625, ""dolmino_synth_thinking"": 0.00048828125}"
fit_wave1_extension_38,wave1_extension_stratified_maximin,True,dirichlet,20.0,0.4365234375,0.46898987617495697,5.475490865892629,11.324317267786759,"{""dolma3_arxiv"": 0.12109375, ""dolma3_cc/art_and_design_high"": 0.01904296875, ""dolma3_cc/art_and_design_low"": 0.00048828125, ""dolma3_cc/crime_and_law_high"": 0.0126953125, ""dolma3_cc/crime_and_law_low"": 0.0, ""dolma3_cc/education_and_jobs_high"": 0.07275390625, ""dolma3_cc/education_and_jobs_low"": 0.0087890625, ""dolma3_cc/electronics_and_hardware_high"": 0.0, ""dolma3_cc/electronics_and_hardware_low"": 0.01025390625, ""dolma3_cc/entertainment_high"": 0.02587890625, ""dolma3_cc/entertainment_low"": 0.0654296875, ""dolma3_cc/finance_and_business_high"": 0.0859375, ""dolma3_cc/finance_and_business_low"": 0.0029296875, ""dolma3_cc/food_and_dining_high"": 0.00390625, ""dolma3_cc/food_and_dining_low"": 0.1396484375, ""dolma3_cc/games_high"": 0.0263671875, ""dolma3_cc/games_low"": 0.0, ""dolma3_cc/health_high"": 0.04052734375, ""dolma3_cc/health_low"": 0.0, ""dolma3_cc/history_and_geography_high"": 0.0, ""dolma3_cc/history_and_geography_low"": 0.0, ""dolma3_cc/industrial_high"": 0.00244140625, ""dolma3_cc/industrial_low"": 0.001953125, ""dolma3_cc/literature_high"": 0.00537109375, ""dolma3_cc/literature_low"": 0.03662109375, ""dolma3_cc/science_math_and_technology_high"": 0.02001953125, ""dolma3_cc/science_math_and_technology_low"": 0.0, ""dolma3_finemath_3plus"": 0.0, ""dolma3_stack_edu"": 0.0830078125, ""dolma3_wikipedia"": 0.0, ""dolmino_common_crawl_hq"": 0.17041015625, ""dolmino_olmocr_pdfs_hq"": 0.02392578125, ""dolmino_stack_edu_fim"": 0.0009765625, ""dolmino_stem_heavy_crawl"": 0.0, ""dolmino_synth_code"": 0.0, ""dolmino_synth_instruction"": 0.0107421875, ""dolmino_synth_math"": 0.0, ""dolmino_synth_qa"": 0.0087890625, ""dolmino_synth_thinking"": 0.0}"
fit_wave1_extension_39,wave1_extension_stratified_maximin,True,dirichlet,20.0,0.44140625,0.4538706213611714,18.520857427777514,27.926428662052327,"{""dolma3_arxiv"": 0.00048828125, ""dolma3_cc/art_and_design_high"": 0.06591796875, ""dolma3_cc/art_and_design_low"": 0.0, ""dolma3_cc/crime_and_law_high"": 0.00048828125, ""dolma3_cc/crime_and_law_low"": 0.01611328125, ""dolma3_cc/education_and_jobs_high"": 0.00390625, ""dolma3_cc/education_and_jobs_low"": 0.00537109375, ""dolma3_cc/electronics_and_hardware_high"": 0.01513671875, ""dolma3_cc/electronics_and_hardware_low"": 0.0087890625, ""dolma3_cc/entertainment_high"": 0.04052734375, ""dolma3_cc/entertainment_low"": 0.00537109375, ""dolma3_cc/finance_and_business_high"": 0.02392578125, ""dolma3_cc/finance_and_business_low"": 0.0419921875, ""dolma3_cc/food_and_dining_high"": 0.05810546875, ""dolma3_cc/food_and_dining_low"": 0.00048828125, ""dolma3_cc/games_high"": 0.00048828125, ""dolma3_cc/games_low"": 0.0, ""dolma3_cc/health_high"": 0.04296875, ""dolma3_cc/health_low"": 0.00634765625, ""dolma3_cc/history_and_geography_high"": 0.0, ""dolma3_cc/history_and_geography_low"": 0.0, ""dolma3_cc/industrial_high"": 0.0068359375, ""dolma3_cc/industrial_low"": 0.0, ""dolma3_cc/literature_high"": 0.0048828125, ""dolma3_cc/literature_low"": 0.0, ""dolma3_cc/science_math_and_technology_high"": 0.11181640625, ""dolma3_cc/science_math_and_technology_low"": 0.0048828125, ""dolma3_finemath_3plus"": 0.0009765625, ""dolma3_stack_edu"": 0.01416015625, ""dolma3_wikipedia"": 0.05322265625, ""dolmino_common_crawl_hq"": 0.13525390625, ""dolmino_olmocr_pdfs_hq"": 0.08447265625, ""dolmino_stack_edu_fim"": 0.001953125, ""dolmino_stem_heavy_crawl"": 0.0, ""dolmino_synth_code"": 0.0, ""dolmino_synth_instruction"": 0.0, ""dolmino_synth_math"": 0.001953125, ""dolmino_synth_qa"": 0.0830078125, ""dolmino_synth_thinking"": 0.16015625}"
fit_wave1_extension_40,wave1_extension_stratified_maximin,True,dirichlet,20.0,0.45166015625,0.4710378845458989,27.383167151719583,31.638301288947865,"{""dolma3_arxiv"": 0.0, ""dolma3_cc/art_and_design_high"": 0.00048828125, ""dolma3_cc/art_and_design_low"": 0.00048828125, ""dolma3_cc/crime_and_law_high"": 0.0, ""dolma3_cc/crime_and_law_low"": 0.0, ""dolma3_cc/education_and_jobs_high"": 0.0029296875, ""dolma3_cc/education_and_jobs_low"": 0.0048828125, ""dolma3_cc/electronics_and_hardware_high"": 0.0283203125, ""dolma3_cc/electronics_and_hardware_low"": 0.0537109375, ""dolma3_cc/entertainment_high"": 0.1513671875, ""dolma3_cc/entertainment_low"": 0.0009765625, ""dolma3_cc/finance_and_business_high"": 0.00244140625, ""dolma3_cc/finance_and_business_low"": 0.03662109375, ""dolma3_cc/food_and_dining_high"": 0.0068359375, ""dolma3_cc/food_and_dining_low"": 0.111328125, ""dolma3_cc/games_high"": 0.0888671875, ""dolma3_cc/games_low"": 0.00048828125, ""dolma3_cc/health_high"": 0.017578125, ""dolma3_cc/health_low"": 0.00244140625, ""dolma3_cc/history_and_geography_high"": 0.0078125, ""dolma3_cc/history_and_geography_low"": 0.00048828125, ""dolma3_cc/industrial_high"": 0.00390625, ""dolma3_cc/industrial_low"": 0.0, ""dolma3_cc/literature_high"": 0.04052734375, ""dolma3_cc/literature_low"": 0.0, ""dolma3_cc/science_math_and_technology_high"": 0.02392578125, ""dolma3_cc/science_math_and_technology_low"": 0.0361328125, ""dolma3_finemath_3plus"": 0.0, ""dolma3_stack_edu"": 0.00390625, ""dolma3_wikipedia"": 0.0, ""dolmino_common_crawl_hq"": 0.17138671875, ""dolmino_olmocr_pdfs_hq"": 0.037109375, ""dolmino_stack_edu_fim"": 0.02783203125, ""dolmino_stem_heavy_crawl"": 0.11181640625, ""dolmino_synth_code"": 0.0, ""dolmino_synth_instruction"": 0.0, ""dolmino_synth_math"": 0.0, ""dolmino_synth_qa"": 0.025390625, ""dolmino_synth_thinking"": 0.0}"
fit_wave1_extension_41,wave1_extension_stratified_maximin,True,dirichlet,20.0,0.54833984375,0.5129661393986963,33.12287031015862,37.3780044473869,"{""dolma3_arxiv"": 0.00537109375, ""dolma3_cc/art_and_design_high"": 0.00244140625, ""dolma3_cc/art_and_design_low"": 0.0, ""dolma3_cc/crime_and_law_high"": 0.00634765625, ""dolma3_cc/crime_and_law_low"": 0.00048828125, ""dolma3_cc/education_and_jobs_high"": 0.07666015625, ""dolma3_cc/education_and_jobs_low"": 0.0, ""dolma3_cc/electronics_and_hardware_high"": 0.03076171875, ""dolma3_cc/electronics_and_hardware_low"": 0.01416015625, ""dolma3_cc/entertainment_high"": 0.00537109375, ""dolma3_cc/entertainment_low"": 0.0341796875, ""dolma3_cc/finance_and_business_high"": 0.0390625, ""dolma3_cc/finance_and_business_low"": 0.0078125, ""dolma3_cc/food_and_dining_high"": 0.01611328125, ""dolma3_cc/food_and_dining_low"": 0.0, ""dolma3_cc/games_high"": 0.1416015625, ""dolma3_cc/games_low"": 0.0, ""dolma3_cc/health_high"": 0.10205078125, ""dolma3_cc/health_low"": 0.00048828125, ""dolma3_cc/history_and_geography_high"": 0.0478515625, ""dolma3_cc/history_and_geography_low"": 0.0, ""dolma3_cc/industrial_high"": 0.044921875, ""dolma3_cc/industrial_low"": 0.009765625, ""dolma3_cc/literature_high"": 0.005859375, ""dolma3_cc/literature_low"": 0.001953125, ""dolma3_cc/science_math_and_technology_high"": 0.0244140625, ""dolma3_cc/science_math_and_technology_low"": 0.001953125, ""dolma3_finemath_3plus"": 0.00048828125, ""dolma3_stack_edu"": 0.00146484375, ""dolma3_wikipedia"": 0.0, ""dolmino_common_crawl_hq"": 0.07470703125, ""dolmino_olmocr_pdfs_hq"": 0.0, ""dolmino_stack_edu_fim"": 0.00048828125, ""dolmino_stem_heavy_crawl"": 0.13525390625, ""dolmino_synth_code"": 0.0, ""dolmino_synth_instruction"": 0.0, ""dolmino_synth_math"": 0.0087890625, ""dolmino_synth_qa"": 0.0302734375, ""dolmino_synth_thinking"": 0.12890625}"
fit_wave1_extension_42,wave1_extension_stratified_maximin,True,historical_panel,,0.603515625,0.5455699827964815,40.270121196176795,49.675692430451605,"{""dolma3_arxiv"": 0.01171875, ""dolma3_cc/art_and_design_high"": 0.0068359375, ""dolma3_cc/art_and_design_low"": 0.0458984375, ""dolma3_cc/crime_and_law_high"": 0.00634765625, ""dolma3_cc/crime_and_law_low"": 0.0009765625, ""dolma3_cc/education_and_jobs_high"": 0.0087890625, ""dolma3_cc/education_and_jobs_low"": 0.0244140625, ""dolma3_cc/electronics_and_hardware_high"": 0.0068359375, ""dolma3_cc/electronics_and_hardware_low"": 0.00146484375, ""dolma3_cc/entertainment_high"": 0.01904296875, ""dolma3_cc/entertainment_low"": 0.06005859375, ""dolma3_cc/finance_and_business_high"": 0.03466796875, ""dolma3_cc/finance_and_business_low"": 0.01953125, ""dolma3_cc/food_and_dining_high"": 0.021484375, ""dolma3_cc/food_and_dining_low"": 0.01513671875, ""dolma3_cc/games_high"": 0.01708984375, ""dolma3_cc/games_low"": 0.005859375, ""dolma3_cc/health_high"": 0.005859375, ""dolma3_cc/health_low"": 0.0029296875, ""dolma3_cc/history_and_geography_high"": 0.00830078125, ""dolma3_cc/history_and_geography_low"": 0.00048828125, ""dolma3_cc/industrial_high"": 0.009765625, ""dolma3_cc/industrial_low"": 0.03076171875, ""dolma3_cc/literature_high"": 0.02197265625, ""dolma3_cc/literature_low"": 0.005859375, ""dolma3_cc/science_math_and_technology_high"": 0.0244140625, ""dolma3_cc/science_math_and_technology_low"": 0.01611328125, ""dolma3_finemath_3plus"": 0.0234375, ""dolma3_stack_edu"": 0.0458984375, ""dolma3_wikipedia"": 0.11572265625, ""dolmino_common_crawl_hq"": 0.01123046875, ""dolmino_olmocr_pdfs_hq"": 0.0029296875, ""dolmino_stack_edu_fim"": 0.134765625, ""dolmino_stem_heavy_crawl"": 0.06201171875, ""dolmino_synth_code"": 0.07373046875, ""dolmino_synth_instruction"": 0.01708984375, ""dolmino_synth_math"": 0.05224609375, ""dolmino_synth_qa"": 0.01025390625, ""dolmino_synth_thinking"": 0.01806640625}"
fit_wave1_extension_43,wave1_extension_stratified_maximin,True,dirichlet,20.0,0.427734375,0.46834644134713843,21.643463993280545,25.898598130508827,"{""dolma3_arxiv"": 0.0, ""dolma3_cc/art_and_design_high"": 0.0, ""dolma3_cc/art_and_design_low"": 0.0, ""dolma3_cc/crime_and_law_high"": 0.01806640625, ""dolma3_cc/crime_and_law_low"": 0.00146484375, ""dolma3_cc/education_and_jobs_high"": 0.044921875, ""dolma3_cc/education_and_jobs_low"": 0.0, ""dolma3_cc/electronics_and_hardware_high"": 0.00732421875, ""dolma3_cc/electronics_and_hardware_low"": 0.03173828125, ""dolma3_cc/entertainment_high"": 0.09423828125, ""dolma3_cc/entertainment_low"": 0.01123046875, ""dolma3_cc/finance_and_business_high"": 0.03369140625, ""dolma3_cc/finance_and_business_low"": 0.01416015625, ""dolma3_cc/food_and_dining_high"": 0.1572265625, ""dolma3_cc/food_and_dining_low"": 0.00048828125, ""dolma3_cc/games_high"": 0.0, ""dolma3_cc/games_low"": 0.00390625, ""dolma3_cc/health_high"": 0.0771484375, ""dolma3_cc/health_low"": 0.01123046875, ""dolma3_cc/history_and_geography_high"": 0.017578125, ""dolma3_cc/history_and_geography_low"": 0.0, ""dolma3_cc/industrial_high"": 0.0, ""dolma3_cc/industrial_low"": 0.0, ""dolma3_cc/literature_high"": 0.00390625, ""dolma3_cc/literature_low"": 0.0, ""dolma3_cc/science_math_and_technology_high"": 0.0341796875, ""dolma3_cc/science_math_and_technology_low"": 0.00390625, ""dolma3_finemath_3plus"": 0.0009765625, ""dolma3_stack_edu"": 0.00390625, ""dolma3_wikipedia"": 0.0, ""dolmino_common_crawl_hq"": 0.16455078125, ""dolmino_olmocr_pdfs_hq"": 0.0068359375, ""dolmino_stack_edu_fim"": 0.03173828125, ""dolmino_stem_heavy_crawl"": 0.08837890625, ""dolmino_synth_code"": 0.0, ""dolmino_synth_instruction"": 0.0, ""dolmino_synth_math"": 0.11767578125, ""dolmino_synth_qa"": 0.01953125, ""dolmino_synth_thinking"": 0.0}"
fit_wave1_extension_44,wave1_extension_stratified_maximin,True,dirichlet,20.0,0.42041015625,0.42081803980253324,25.997166848164767,35.40273808243958,"{""dolma3_arxiv"": 0.0126953125, ""dolma3_cc/art_and_design_high"": 0.03466796875, ""dolma3_cc/art_and_design_low"": 0.00341796875, ""dolma3_cc/crime_and_law_high"": 0.0126953125, ""dolma3_cc/crime_and_law_low"": 0.00830078125, ""dolma3_cc/education_and_jobs_high"": 0.0126953125, ""dolma3_cc/education_and_jobs_low"": 0.15380859375, ""dolma3_cc/electronics_and_hardware_high"": 0.05712890625, ""dolma3_cc/electronics_and_hardware_low"": 0.0, ""dolma3_cc/entertainment_high"": 0.10400390625, ""dolma3_cc/entertainment_low"": 0.005859375, ""dolma3_cc/finance_and_business_high"": 0.03125, ""dolma3_cc/finance_and_business_low"": 0.0576171875, ""dolma3_cc/food_and_dining_high"": 0.0380859375, ""dolma3_cc/food_and_dining_low"": 0.0, ""dolma3_cc/games_high"": 0.04931640625, ""dolma3_cc/games_low"": 0.02294921875, ""dolma3_cc/health_high"": 0.0146484375, ""dolma3_cc/health_low"": 0.00244140625, ""dolma3_cc/history_and_geography_high"": 0.0029296875, ""dolma3_cc/history_and_geography_low"": 0.03759765625, ""dolma3_cc/industrial_high"": 0.0029296875, ""dolma3_cc/industrial_low"": 0.0, ""dolma3_cc/literature_high"": 0.03564453125, ""dolma3_cc/literature_low"": 0.0009765625, ""dolma3_cc/science_math_and_technology_high"": 0.02783203125, ""dolma3_cc/science_math_and_technology_low"": 0.0, ""dolma3_finemath_3plus"": 0.0, ""dolma3_stack_edu"": 0.0126953125, ""dolma3_wikipedia"": 0.07470703125, ""dolmino_common_crawl_hq"": 0.13134765625, ""dolmino_olmocr_pdfs_hq"": 0.02783203125, ""dolmino_stack_edu_fim"": 0.0, ""dolmino_stem_heavy_crawl"": 0.0, ""dolmino_synth_code"": 0.0, ""dolmino_synth_instruction"": 0.0, ""dolmino_synth_math"": 0.009765625, ""dolmino_synth_qa"": 0.01416015625, ""dolmino_synth_thinking"": 0.0}"
fit_wave1_extension_45,wave1_extension_stratified_maximin,True,dirichlet,5.0,0.6005859375,0.5832277868055067,31.927098818817154,36.18223295604544,"{""dolma3_arxiv"": 0.0, ""dolma3_cc/art_and_design_high"": 0.0, ""dolma3_cc/art_and_design_low"": 0.0, ""dolma3_cc/crime_and_law_high"": 0.00390625, ""dolma3_cc/crime_and_law_low"": 0.0, ""dolma3_cc/education_and_jobs_high"": 0.00244140625, ""dolma3_cc/education_and_jobs_low"": 0.1865234375, ""dolma3_cc/electronics_and_hardware_high"": 0.00390625, ""dolma3_cc/electronics_and_hardware_low"": 0.0, ""dolma3_cc/entertainment_high"": 0.00146484375, ""dolma3_cc/entertainment_low"": 0.0, ""dolma3_cc/finance_and_business_high"": 0.0400390625, ""dolma3_cc/finance_and_business_low"": 0.01611328125, ""dolma3_cc/food_and_dining_high"": 0.0, ""dolma3_cc/food_and_dining_low"": 0.0, ""dolma3_cc/games_high"": 0.0, ""dolma3_cc/games_low"": 0.0, ""dolma3_cc/health_high"": 0.08642578125, ""dolma3_cc/health_low"": 0.0, ""dolma3_cc/history_and_geography_high"": 0.0, ""dolma3_cc/history_and_geography_low"": 0.0, ""dolma3_cc/industrial_high"": 0.00341796875, ""dolma3_cc/industrial_low"": 0.0, ""dolma3_cc/literature_high"": 0.01123046875, ""dolma3_cc/literature_low"": 0.0, ""dolma3_cc/science_math_and_technology_high"": 0.10302734375, ""dolma3_cc/science_math_and_technology_low"": 0.033203125, ""dolma3_finemath_3plus"": 0.0, ""dolma3_stack_edu"": 0.1142578125, ""dolma3_wikipedia"": 0.0, ""dolmino_common_crawl_hq"": 0.13134765625, ""dolmino_olmocr_pdfs_hq"": 0.00634765625, ""dolmino_stack_edu_fim"": 0.11669921875, ""dolmino_stem_heavy_crawl"": 0.13037109375, ""dolmino_synth_code"": 0.0, ""dolmino_synth_instruction"": 0.0, ""dolmino_synth_math"": 0.0, ""dolmino_synth_qa"": 0.00927734375, ""dolmino_synth_thinking"": 0.0}"
fit_wave1_extension_46,wave1_extension_stratified_maximin,True,historical_panel,,0.51806640625,0.4947803941426408,37.06891623158546,41.324050368813744,"{""dolma3_arxiv"": 0.0146484375, ""dolma3_cc/art_and_design_high"": 0.0146484375, ""dolma3_cc/art_and_design_low"": 0.0302734375, ""dolma3_cc/crime_and_law_high"": 0.01513671875, ""dolma3_cc/crime_and_law_low"": 0.0380859375, ""dolma3_cc/education_and_jobs_high"": 0.0185546875, ""dolma3_cc/education_and_jobs_low"": 0.00634765625, ""dolma3_cc/electronics_and_hardware_high"": 0.02783203125, ""dolma3_cc/electronics_and_hardware_low"": 0.02001953125, ""dolma3_cc/entertainment_high"": 0.03515625, ""dolma3_cc/entertainment_low"": 0.01220703125, ""dolma3_cc/finance_and_business_high"": 0.0439453125, ""dolma3_cc/finance_and_business_low"": 0.00537109375, ""dolma3_cc/food_and_dining_high"": 0.02734375, ""dolma3_cc/food_and_dining_low"": 0.03125, ""dolma3_cc/games_high"": 0.03662109375, ""dolma3_cc/games_low"": 0.00390625, ""dolma3_cc/health_high"": 0.0, ""dolma3_cc/health_low"": 0.05908203125, ""dolma3_cc/history_and_geography_high"": 0.0234375, ""dolma3_cc/history_and_geography_low"": 0.02197265625, ""dolma3_cc/industrial_high"": 0.03125, ""dolma3_cc/industrial_low"": 0.06787109375, ""dolma3_cc/literature_high"": 0.00927734375, ""dolma3_cc/literature_low"": 0.0107421875, ""dolma3_cc/science_math_and_technology_high"": 0.0166015625, ""dolma3_cc/science_math_and_technology_low"": 0.0009765625, ""dolma3_finemath_3plus"": 0.02880859375, ""dolma3_stack_edu"": 0.01123046875, ""dolma3_wikipedia"": 0.01806640625, ""dolmino_common_crawl_hq"": 0.0224609375, ""dolmino_olmocr_pdfs_hq"": 0.00048828125, ""dolmino_stack_edu_fim"": 0.0419921875, ""dolmino_stem_heavy_crawl"": 0.1513671875, ""dolmino_synth_code"": 0.00537109375, ""dolmino_synth_instruction"": 0.01806640625, ""dolmino_synth_math"": 0.02294921875, ""dolmino_synth_qa"": 0.02978515625, ""dolmino_synth_thinking"": 0.02685546875}"
fit_wave1_extension_47,wave1_extension_stratified_maximin,True,dirichlet,20.0,0.49609375,0.4777869227365699,19.880186413302468,29.28575764757728,"{""dolma3_arxiv"": 0.0, ""dolma3_cc/art_and_design_high"": 0.0, ""dolma3_cc/art_and_design_low"": 0.03515625, ""dolma3_cc/crime_and_law_high"": 0.08056640625, ""dolma3_cc/crime_and_law_low"": 0.00048828125, ""dolma3_cc/education_and_jobs_high"": 0.0830078125, ""dolma3_cc/education_and_jobs_low"": 0.0, ""dolma3_cc/electronics_and_hardware_high"": 0.05029296875, ""dolma3_cc/electronics_and_hardware_low"": 0.0, ""dolma3_cc/entertainment_high"": 0.07861328125, ""dolma3_cc/entertainment_low"": 0.00537109375, ""dolma3_cc/finance_and_business_high"": 0.1044921875, ""dolma3_cc/finance_and_business_low"": 0.02099609375, ""dolma3_cc/food_and_dining_high"": 0.021484375, ""dolma3_cc/food_and_dining_low"": 0.0, ""dolma3_cc/games_high"": 0.01220703125, ""dolma3_cc/games_low"": 0.0, ""dolma3_cc/health_high"": 0.03466796875, ""dolma3_cc/health_low"": 0.0, ""dolma3_cc/history_and_geography_high"": 0.1435546875, ""dolma3_cc/history_and_geography_low"": 0.01171875, ""dolma3_cc/industrial_high"": 0.0009765625, ""dolma3_cc/industrial_low"": 0.09912109375, ""dolma3_cc/literature_high"": 0.0009765625, ""dolma3_cc/literature_low"": 0.001953125, ""dolma3_cc/science_math_and_technology_high"": 0.02099609375, ""dolma3_cc/science_math_and_technology_low"": 0.00146484375, ""dolma3_finemath_3plus"": 0.0, ""dolma3_stack_edu"": 0.025390625, ""dolma3_wikipedia"": 0.05712890625, ""dolmino_common_crawl_hq"": 0.0693359375, ""dolmino_olmocr_pdfs_hq"": 0.013671875, ""dolmino_stack_edu_fim"": 0.0, ""dolmino_stem_heavy_crawl"": 0.0, ""dolmino_synth_code"": 0.0, ""dolmino_synth_instruction"": 0.0, ""dolmino_synth_math"": 0.0, ""dolmino_synth_qa"": 0.02587890625, ""dolmino_synth_thinking"": 0.00048828125}"
fit_wave1_extension_48,wave1_extension_stratified_maximin,True,historical_panel,,0.52490234375,0.48987472070954796,47.916346739754665,57.321917974029475,"{""dolma3_arxiv"": 0.00048828125, ""dolma3_cc/art_and_design_high"": 0.0009765625, ""dolma3_cc/art_and_design_low"": 0.01318359375, ""dolma3_cc/crime_and_law_high"": 0.0634765625, ""dolma3_cc/crime_and_law_low"": 0.02978515625, ""dolma3_cc/education_and_jobs_high"": 0.02880859375, ""dolma3_cc/education_and_jobs_low"": 0.048828125, ""dolma3_cc/electronics_and_hardware_high"": 0.0302734375, ""dolma3_cc/electronics_and_hardware_low"": 0.01171875, ""dolma3_cc/entertainment_high"": 0.02001953125, ""dolma3_cc/entertainment_low"": 0.041015625, ""dolma3_cc/finance_and_business_high"": 0.02587890625, ""dolma3_cc/finance_and_business_low"": 0.03662109375, ""dolma3_cc/food_and_dining_high"": 0.0126953125, ""dolma3_cc/food_and_dining_low"": 0.017578125, ""dolma3_cc/games_high"": 0.06103515625, ""dolma3_cc/games_low"": 0.001953125, ""dolma3_cc/health_high"": 0.02099609375, ""dolma3_cc/health_low"": 0.02001953125, ""dolma3_cc/history_and_geography_high"": 0.0009765625, ""dolma3_cc/history_and_geography_low"": 0.06591796875, ""dolma3_cc/industrial_high"": 0.0263671875, ""dolma3_cc/industrial_low"": 0.0439453125, ""dolma3_cc/literature_high"": 0.0302734375, ""dolma3_cc/literature_low"": 0.00732421875, ""dolma3_cc/science_math_and_technology_high"": 0.00927734375, ""dolma3_cc/science_math_and_technology_low"": 0.02783203125, ""dolma3_finemath_3plus"": 0.0146484375, ""dolma3_stack_edu"": 0.0048828125, ""dolma3_wikipedia"": 0.1376953125, ""dolmino_common_crawl_hq"": 0.017578125, ""dolmino_olmocr_pdfs_hq"": 0.00390625, ""dolmino_stack_edu_fim"": 0.015625, ""dolmino_stem_heavy_crawl"": 0.00732421875, ""dolmino_synth_code"": 0.00634765625, ""dolmino_synth_instruction"": 0.0419921875, ""dolmino_synth_math"": 0.0341796875, ""dolmino_synth_qa"": 0.00634765625, ""dolmino_synth_thinking"": 0.01220703125}"
fit_wave1_extension_49,wave1_extension_stratified_maximin,True,historical_panel,,0.53857421875,0.517621222861355,54.71299166737944,64.11856290165426,"{""dolma3_arxiv"": 0.0546875, ""dolma3_cc/art_and_design_high"": 0.00146484375, ""dolma3_cc/art_and_design_low"": 0.001953125, ""dolma3_cc/crime_and_law_high"": 0.017578125, ""dolma3_cc/crime_and_law_low"": 0.01318359375, ""dolma3_cc/education_and_jobs_high"": 0.02099609375, ""dolma3_cc/education_and_jobs_low"": 0.0078125, ""dolma3_cc/electronics_and_hardware_high"": 0.0087890625, ""dolma3_cc/electronics_and_hardware_low"": 0.10498046875, ""dolma3_cc/entertainment_high"": 0.01806640625, ""dolma3_cc/entertainment_low"": 0.00244140625, ""dolma3_cc/finance_and_business_high"": 0.04736328125, ""dolma3_cc/finance_and_business_low"": 0.00390625, ""dolma3_cc/food_and_dining_high"": 0.05322265625, ""dolma3_cc/food_and_dining_low"": 0.025390625, ""dolma3_cc/games_high"": 0.01220703125, ""dolma3_cc/games_low"": 0.013671875, ""dolma3_cc/health_high"": 0.0390625, ""dolma3_cc/health_low"": 0.00341796875, ""dolma3_cc/history_and_geography_high"": 0.02001953125, ""dolma3_cc/history_and_geography_low"": 0.00634765625, ""dolma3_cc/industrial_high"": 0.03662109375, ""dolma3_cc/industrial_low"": 0.02587890625, ""dolma3_cc/literature_high"": 0.00146484375, ""dolma3_cc/literature_low"": 0.017578125, ""dolma3_cc/science_math_and_technology_high"": 0.0087890625, ""dolma3_cc/science_math_and_technology_low"": 0.06005859375, ""dolma3_finemath_3plus"": 0.00244140625, ""dolma3_stack_edu"": 0.025390625, ""dolma3_wikipedia"": 0.1572265625, ""dolmino_common_crawl_hq"": 0.01171875, ""dolmino_olmocr_pdfs_hq"": 0.04150390625, ""dolmino_stack_edu_fim"": 0.0, ""dolmino_stem_heavy_crawl"": 0.03125, ""dolmino_synth_code"": 0.001953125, ""dolmino_synth_instruction"": 0.00537109375, ""dolmino_synth_math"": 0.0146484375, ""dolmino_synth_qa"": 0.048828125, ""dolmino_synth_thinking"": 0.03271484375}"
control_proportional,operator_control,False,fixed_control,,0.0,0.0,0.2391542982682933,9.575487357465432,"{""dolma3_arxiv"": 0.00390625, ""dolma3_cc/art_and_design_high"": 0.01611328125, ""dolma3_cc/art_and_design_low"": 0.0068359375, ""dolma3_cc/crime_and_law_high"": 0.02197265625, ""dolma3_cc/crime_and_law_low"": 0.009765625, ""dolma3_cc/education_and_jobs_high"": 0.0361328125, ""dolma3_cc/education_and_jobs_low"": 0.017578125, ""dolma3_cc/electronics_and_hardware_high"": 0.01904296875, ""dolma3_cc/electronics_and_hardware_low"": 0.0087890625, ""dolma3_cc/entertainment_high"": 0.060546875, ""dolma3_cc/entertainment_low"": 0.02197265625, ""dolma3_cc/finance_and_business_high"": 0.07763671875, ""dolma3_cc/finance_and_business_low"": 0.037109375, ""dolma3_cc/food_and_dining_high"": 0.0244140625, ""dolma3_cc/food_and_dining_low"": 0.01220703125, ""dolma3_cc/games_high"": 0.0322265625, ""dolma3_cc/games_low"": 0.01220703125, ""dolma3_cc/health_high"": 0.0625, ""dolma3_cc/health_low"": 0.0263671875, ""dolma3_cc/history_and_geography_high"": 0.01953125, ""dolma3_cc/history_and_geography_low"": 0.00537109375, ""dolma3_cc/industrial_high"": 0.01171875, ""dolma3_cc/industrial_low"": 0.00634765625, ""dolma3_cc/literature_high"": 0.037109375, ""dolma3_cc/literature_low"": 0.009765625, ""dolma3_cc/science_math_and_technology_high"": 0.03466796875, ""dolma3_cc/science_math_and_technology_low"": 0.01611328125, ""dolma3_finemath_3plus"": 0.0048828125, ""dolma3_stack_edu"": 0.01904296875, ""dolma3_wikipedia"": 0.00048828125, ""dolmino_common_crawl_hq"": 0.1884765625, ""dolmino_olmocr_pdfs_hq"": 0.029296875, ""dolmino_stack_edu_fim"": 0.01904296875, ""dolmino_stem_heavy_crawl"": 0.0009765625, ""dolmino_synth_code"": 0.0029296875, ""dolmino_synth_instruction"": 0.00244140625, ""dolmino_synth_math"": 0.0029296875, ""dolmino_synth_qa"": 0.07568359375, ""dolmino_synth_thinking"": 0.005859375}"
control_wave1a_anchor_fit_maximin_00,cross_wave_anchor,False,fixed_control,,0.04931640625,0.0537134265754898,0.245092608426493,9.405571234274813,"{""dolma3_arxiv"": 0.0048828125, ""dolma3_cc/art_and_design_high"": 0.01953125, ""dolma3_cc/art_and_design_low"": 0.0087890625, ""dolma3_cc/crime_and_law_high"": 0.01904296875, ""dolma3_cc/crime_and_law_low"": 0.01025390625, ""dolma3_cc/education_and_jobs_high"": 0.0390625, ""dolma3_cc/education_and_jobs_low"": 0.015625, ""dolma3_cc/electronics_and_hardware_high"": 0.0185546875, ""dolma3_cc/electronics_and_hardware_low"": 0.00927734375, ""dolma3_cc/entertainment_high"": 0.0517578125, ""dolma3_cc/entertainment_low"": 0.029296875, ""dolma3_cc/finance_and_business_high"": 0.07275390625, ""dolma3_cc/finance_and_business_low"": 0.03759765625, ""dolma3_cc/food_and_dining_high"": 0.0263671875, ""dolma3_cc/food_and_dining_low"": 0.01171875, ""dolma3_cc/games_high"": 0.03515625, ""dolma3_cc/games_low"": 0.01171875, ""dolma3_cc/health_high"": 0.0517578125, ""dolma3_cc/health_low"": 0.03076171875, ""dolma3_cc/history_and_geography_high"": 0.02197265625, ""dolma3_cc/history_and_geography_low"": 0.0029296875, ""dolma3_cc/industrial_high"": 0.01171875, ""dolma3_cc/industrial_low"": 0.00830078125, ""dolma3_cc/literature_high"": 0.03271484375, ""dolma3_cc/literature_low"": 0.0078125, ""dolma3_cc/science_math_and_technology_high"": 0.03857421875, ""dolma3_cc/science_math_and_technology_low"": 0.01416015625, ""dolma3_finemath_3plus"": 0.005859375, ""dolma3_stack_edu"": 0.01904296875, ""dolma3_wikipedia"": 0.0, ""dolmino_common_crawl_hq"": 0.1962890625, ""dolmino_olmocr_pdfs_hq"": 0.02685546875, ""dolmino_stack_edu_fim"": 0.0234375, ""dolmino_stem_heavy_crawl"": 0.0, ""dolmino_synth_code"": 0.001953125, ""dolmino_synth_instruction"": 0.00244140625, ""dolmino_synth_math"": 0.0029296875, ""dolmino_synth_qa"": 0.076171875, ""dolmino_synth_thinking"": 0.0029296875}"
control_incumbent_planned,historical_incumbent_control,False,fixed_control,,0.48486328125,0.4229910496848952,2.7502744300853728,10.425067973418528,"{""dolma3_arxiv"": 0.0517578125, ""dolma3_cc/art_and_design_high"": 0.02001953125, ""dolma3_cc/art_and_design_low"": 0.02294921875, ""dolma3_cc/crime_and_law_high"": 0.00830078125, ""dolma3_cc/crime_and_law_low"": 0.0283203125, ""dolma3_cc/education_and_jobs_high"": 0.04150390625, ""dolma3_cc/education_and_jobs_low"": 0.00390625, ""dolma3_cc/electronics_and_hardware_high"": 0.00244140625, ""dolma3_cc/electronics_and_hardware_low"": 0.06591796875, ""dolma3_cc/entertainment_high"": 0.01220703125, ""dolma3_cc/entertainment_low"": 0.05810546875, ""dolma3_cc/finance_and_business_high"": 0.0048828125, ""dolma3_cc/finance_and_business_low"": 0.0146484375, ""dolma3_cc/food_and_dining_high"": 0.00048828125, ""dolma3_cc/food_and_dining_low"": 0.0107421875, ""dolma3_cc/games_high"": 0.0029296875, ""dolma3_cc/games_low"": 0.009765625, ""dolma3_cc/health_high"": 0.05517578125, ""dolma3_cc/health_low"": 0.03857421875, ""dolma3_cc/history_and_geography_high"": 0.05615234375, ""dolma3_cc/history_and_geography_low"": 0.0029296875, ""dolma3_cc/industrial_high"": 0.03125, ""dolma3_cc/industrial_low"": 0.005859375, ""dolma3_cc/literature_high"": 0.0244140625, ""dolma3_cc/literature_low"": 0.0576171875, ""dolma3_cc/science_math_and_technology_high"": 0.095703125, ""dolma3_cc/science_math_and_technology_low"": 0.0009765625, ""dolma3_finemath_3plus"": 0.0126953125, ""dolma3_stack_edu"": 0.00634765625, ""dolma3_wikipedia"": 0.0029296875, ""dolmino_common_crawl_hq"": 0.056640625, ""dolmino_olmocr_pdfs_hq"": 0.02880859375, ""dolmino_stack_edu_fim"": 0.07275390625, ""dolmino_stem_heavy_crawl"": 0.01123046875, ""dolmino_synth_code"": 0.03125, ""dolmino_synth_instruction"": 0.00048828125, ""dolmino_synth_math"": 0.013671875, ""dolmino_synth_qa"": 0.0205078125, ""dolmino_synth_thinking"": 0.01513671875}"
