direction_id,direction_family,direction_outcome_status,radii_json,clr_direction_dolma3_arxiv,clr_direction_dolma3_cc/art_and_design_high,clr_direction_dolma3_cc/art_and_design_low,clr_direction_dolma3_cc/crime_and_law_high,clr_direction_dolma3_cc/crime_and_law_low,clr_direction_dolma3_cc/education_and_jobs_high,clr_direction_dolma3_cc/education_and_jobs_low,clr_direction_dolma3_cc/electronics_and_hardware_high,clr_direction_dolma3_cc/electronics_and_hardware_low,clr_direction_dolma3_cc/entertainment_high,clr_direction_dolma3_cc/entertainment_low,clr_direction_dolma3_cc/finance_and_business_high,clr_direction_dolma3_cc/finance_and_business_low,clr_direction_dolma3_cc/food_and_dining_high,clr_direction_dolma3_cc/food_and_dining_low,clr_direction_dolma3_cc/games_high,clr_direction_dolma3_cc/games_low,clr_direction_dolma3_cc/health_high,clr_direction_dolma3_cc/health_low,clr_direction_dolma3_cc/history_and_geography_high,clr_direction_dolma3_cc/history_and_geography_low,clr_direction_dolma3_cc/industrial_high,clr_direction_dolma3_cc/industrial_low,clr_direction_dolma3_cc/literature_high,clr_direction_dolma3_cc/literature_low,clr_direction_dolma3_cc/science_math_and_technology_high,clr_direction_dolma3_cc/science_math_and_technology_low,clr_direction_dolma3_finemath_3plus,clr_direction_dolma3_stack_edu,clr_direction_dolma3_wikipedia,clr_direction_dolmino_common_crawl_hq,clr_direction_dolmino_olmocr_pdfs_hq,clr_direction_dolmino_stack_edu_fim,clr_direction_dolmino_stem_heavy_crawl,clr_direction_dolmino_synth_code,clr_direction_dolmino_synth_instruction,clr_direction_dolmino_synth_math,clr_direction_dolmino_synth_qa,clr_direction_dolmino_synth_thinking
historical_frontier,historical_ray,historical outcome-selected reference,"[0.08, 0.15, 0.23]",0.005869193542427517,-0.08224438602932489,-0.3029331442076738,-0.03679830631587507,0.03517012491399993,0.23678796977727146,-0.25920525879509654,-0.14417970972137556,0.051744599039830516,0.3921751355242322,-0.052750744166148035,-0.00820873511378054,0.069238532144895,-0.04141064128052635,-0.008440427236302662,0.16869696569002848,0.1713012461276165,0.18598176747727485,0.05323701674672992,0.2076929563123852,-0.18431354631963737,-0.03128572813237398,-0.4007202749801124,0.08169605003465889,-0.20477907873713072,0.20742739695186838,-0.04719197616625124,-0.1125461848543886,0.07504661017494527,0.010541283097224498,0.20324321442446966,-0.0006531836672845325,0.04227777042650122,0.07015581569487757,0.06252257445711205,0.011214035007909719,-0.04238300187612881,-0.10175070218537137,-0.28022522778147635
proportional,historical_ray,operator-defined control reference,"[0.08, 0.15, 0.23]",-0.24602261765881833,0.09301339450153681,0.015689369801857173,0.0068709166801521485,-0.004470485981390058,0.20499795326978262,0.02088646923519211,-0.05019572006371592,0.11925680689904797,0.27524341120921925,0.09756151481456432,0.10280730800956317,0.260747071485686,0.11590462290711752,0.1983854375964036,0.1754942091908228,0.25917096020120595,0.24709935434664249,0.14440146114527352,0.1235843624365611,-0.044929610211279905,-0.031023377519069577,-0.07560989800913377,-0.03712700576403306,-0.13338273660214497,0.053454812161395165,-0.13085978706230778,-0.20023526807561928,-0.1852522739126781,-0.3071628191024221,0.14891049401294496,-0.11913812784101489,-0.17445602464081772,-0.17210626525345984,-0.2671244189253853,-0.13153782116074048,-0.22181452440022972,-0.06048561665783849,-0.07054553106286937
sparse_00,sparse_geometry,outcome-blind deterministic geometry,"[0.08, 0.15]",0.0,0.0,-0.3535533905932738,-0.3535533905932738,0.3535533905932738,0.0,0.0,0.0,0.0,0.0,0.0,0.0,0.0,0.0,0.0,0.0,0.0,0.0,0.3535533905932738,0.0,0.0,0.0,0.3535533905932738,0.0,0.0,-0.3535533905932738,0.0,0.0,0.0,0.0,0.0,0.0,0.0,0.0,0.0,0.0,0.0,0.3535533905932738,-0.3535533905932738
sparse_01,sparse_geometry,outcome-blind deterministic geometry,"[0.08, 0.15]",0.0,-0.3535533905932738,0.0,0.0,0.0,0.0,0.0,0.0,0.0,0.0,0.0,0.0,0.0,0.0,0.0,0.0,0.0,0.0,0.0,0.0,0.3535533905932738,0.3535533905932738,0.0,0.0,-0.3535533905932738,0.0,0.0,0.3535533905932738,0.0,0.0,0.0,0.3535533905932738,0.0,0.0,0.0,-0.3535533905932738,-0.3535533905932738,0.0,0.0
sparse_02,sparse_geometry,outcome-blind deterministic geometry,"[0.08, 0.15]",0.0,0.0,0.0,0.0,0.0,0.0,0.0,0.0,0.0,-0.3535533905932738,0.3535533905932738,-0.3535533905932738,0.0,0.0,0.0,0.0,0.0,0.3535533905932738,0.0,0.3535533905932738,0.0,0.0,0.0,-0.3535533905932738,0.0,0.0,-0.3535533905932738,0.0,0.0,0.0,0.0,0.0,0.0,0.0,0.3535533905932738,0.0,0.0,0.0,0.0
sparse_03,sparse_geometry,outcome-blind deterministic geometry,"[0.08, 0.15]",0.0,0.0,0.3535533905932738,0.0,-0.3535533905932738,0.0,0.0,0.0,0.0,0.0,0.0,-0.3535533905932738,0.0,0.0,0.0,0.0,0.0,0.0,0.0,0.0,0.0,0.0,0.0,0.3535533905932738,0.0,0.0,0.0,0.0,0.0,0.0,0.0,0.0,0.0,0.0,0.0,0.3535533905932738,-0.3535533905932738,0.3535533905932738,-0.3535533905932738
sparse_04,sparse_geometry,outcome-blind deterministic geometry,"[0.08, 0.15]",-0.3535533905932738,0.0,0.0,0.0,0.0,0.3535533905932738,0.0,-0.3535533905932738,0.0,0.0,0.0,0.0,0.0,0.0,0.0,0.0,0.0,0.0,0.0,-0.3535533905932738,0.0,0.3535533905932738,0.0,-0.3535533905932738,0.0,0.0,0.0,0.0,0.0,0.3535533905932738,0.0,0.0,0.0,0.0,0.0,0.3535533905932738,0.0,0.0,0.0
sparse_05,sparse_geometry,outcome-blind deterministic geometry,"[0.08, 0.15]",0.0,0.0,0.0,0.3535533905932738,0.0,0.0,-0.3535533905932738,0.0,0.0,0.0,0.0,0.0,0.0,0.0,0.0,0.3535533905932738,0.0,0.0,0.0,0.0,0.0,0.0,0.0,0.0,0.0,-0.3535533905932738,0.3535533905932738,0.0,-0.3535533905932738,0.0,0.0,0.0,-0.3535533905932738,0.0,0.3535533905932738,0.0,0.0,0.0,0.0
sparse_06,sparse_geometry,outcome-blind deterministic geometry,"[0.08, 0.15]",0.3535533905932738,0.0,0.0,0.0,0.0,0.0,0.3535533905932738,0.0,0.0,0.0,0.0,0.0,0.0,0.0,0.0,0.3535533905932738,0.0,0.0,0.0,-0.3535533905932738,0.0,0.0,-0.3535533905932738,0.0,0.0,-0.3535533905932738,-0.3535533905932738,0.0,0.0,0.0,0.3535533905932738,0.0,0.0,0.0,0.0,0.0,0.0,0.0,0.0
sparse_07,sparse_geometry,outcome-blind deterministic geometry,"[0.08, 0.15]",0.0,-0.3535533905932738,0.0,0.0,0.0,0.0,0.0,0.0,0.0,0.0,0.0,0.0,0.0,0.3535533905932738,0.0,0.0,0.0,0.0,0.0,0.0,0.0,-0.3535533905932738,0.0,0.0,0.0,0.0,0.0,0.3535533905932738,0.3535533905932738,0.3535533905932738,0.0,-0.3535533905932738,-0.3535533905932738,0.0,0.0,0.0,0.0,0.0,0.0
dense_00,dense_geometry,outcome-blind deterministic geometry,[0.15],0.10003440855434383,0.027635777753675837,-0.08032110295451787,0.1352332719122873,0.02419778017688743,0.08944057136894928,0.12691477556261266,-0.0963382492070631,0.0835611852449723,-0.18380752156410624,-0.15732586653646888,0.0017902912633998998,0.3539599857314049,-0.14370503198482773,-0.18982319419215596,0.04862174765761236,0.0338765147268126,0.08196065299314946,0.07228175908303248,-0.00724349384232662,-0.020337370300719675,-0.011366565466656755,-0.1636732843178892,-0.20667667981873322,0.2826893967882484,0.2983890889879339,0.154160609453901,0.4371387521814463,-0.06102774643699898,-0.20025342808161006,-0.20226200353124293,-0.10111362422369782,-0.08317161738597587,0.05797108988275757,-0.038990099109053725,-0.006444677249625268,-0.112604076739996,-0.038960053185732695,-0.304411973194029
dense_01,dense_geometry,outcome-blind deterministic geometry,[0.15],-0.1036678081876743,-0.11363254434223342,0.06532352620662712,0.11809051943596054,0.053271768724896834,0.11812438918291049,0.04922991747822757,-0.00559752925510233,-0.004166557608802427,-0.09099938721082873,-0.03158797273374335,0.015354087500109333,0.1860456911631598,-0.36268334508326394,0.05491413527458379,0.11499998084700053,0.16747644215490212,-0.141948986810141,0.17519055457199248,0.05693051014523224,-0.6098069160222804,0.09314843546035384,0.25385004115143306,0.12234623525814628,-0.09904391650784992,-0.11117376613068024,-0.1224961241589487,0.11093276013931548,0.09470321037866415,0.1057762727390417,-0.20671376700379573,-0.136598651488698,0.05501645936255896,-0.021220550289632503,-0.07180404076051787,-0.007140439430520568,-0.08007485911904225,0.08127229808134355,0.22835992688729578
dense_02,dense_geometry,outcome-blind deterministic geometry,[0.15],-0.02666972391312752,-0.16891953248969618,-0.1606728843519402,0.13623479038552697,-0.18570812284670313,-0.1520605613872206,0.24093855966261765,0.1743735909326852,0.3193720924961014,0.003306444022964783,0.18088780131898288,0.08977651218653811,0.100304684078915,0.08624763590629982,0.33185645924241736,-0.18971467116154608,-0.007467439091089933,-0.26499076141357797,-0.09129191598359282,0.11202759167509212,-0.22152068086765353,-0.1584991826062161,-0.14936920719414506,-0.16253084960239597,-0.0018912584917000173,-0.06899954973329991,0.17043957844340724,-0.23413209186572337,0.030747350852011992,0.02916142887025436,-0.19665181510529933,0.26393502285990456,-0.08340015307078594,0.04773130739168156,0.16707954476058348,0.0803198921564162,-0.03376413981771832,0.08702819734950505,-0.09351394359847372
dense_03,dense_geometry,outcome-blind deterministic geometry,[0.15],0.11503544331663466,0.0522730899497457,0.029517628607113773,-0.1518002309236982,0.19730308714912162,-0.20623452615935065,0.11409409539836009,-0.4030781040218803,-0.12694810434599785,0.2755323440659906,0.052388458704270856,-0.3888449100628278,0.1663458994186277,-0.07276456939575374,0.32271241942874357,-0.1898756860521571,0.2776324442196577,-0.036829271305964764,0.03323659129328236,0.029422291749381116,0.03599857191293602,-0.09329483994251728,-0.08295459643375755,-0.0808121206347093,0.22362457359134574,0.046925019584983414,0.08620292644857663,0.003744864132969134,0.02840420088456023,0.10993745893360642,-0.10670712741689252,0.06267257884910468,-0.09909719865336028,-0.04330980077758519,0.1042893277396346,-0.16614729591969216,0.05048374172270147,-0.1970747974305016,0.027996122375298364
dense_04,dense_geometry,outcome-blind deterministic geometry,[0.15],-0.01680415558291767,-0.009362387858772593,-0.3204510294201041,0.09638727869721313,-0.1020411623510218,-0.18298123879676662,-0.17091755991114116,-0.0965064898074152,0.05959277230506008,0.13063436343722284,0.03293872022939744,-0.03968122265926147,0.07964334276277209,0.07444322879307975,-0.07511101618927857,0.14228379466886154,0.050402626341857416,-0.3528302208630551,-0.2758294146706476,0.2729944642618401,0.10752334059293205,0.028927153748537437,0.07363325642482162,0.12469910635447555,0.2075917671369395,-0.14191861987413001,-0.32071539754508027,0.24370590575581824,-0.05653038758636443,-0.0717532981557354,0.25949786755867665,0.17903340865355605,-0.09341086393039463,-0.07611920305969938,-0.060101984954974395,0.20981128785281303,0.0895217687203868,0.12193644387732988,-0.12213624495683055
dense_05,dense_geometry,outcome-blind deterministic geometry,[0.15],-0.07600043540755279,0.07245325092346354,0.036296471981926204,-0.03220136613957337,0.10863915198773265,-0.16809215007297199,0.16995435775534276,-0.19174622902782187,0.24049942741966635,0.07760684578644461,0.38840464880532766,0.08907920829197195,-0.03918653660047941,-0.40857829418157,-0.20133717264346165,-0.11114799597531316,0.004064558684020729,0.006868256354650325,-0.014826282138560201,0.013016327540590544,-0.20145912161110352,-0.10518633775395492,-0.22212103143724835,0.16610311361986263,-0.0537567751367933,-0.006463098866370221,0.2454765953552224,0.23083124726573237,-0.30028739063154825,0.08805115928272561,0.2423167605319974,-0.097107952108232,-0.030948302191405475,0.013950169567304155,0.0807186680288035,0.042173162542200444,-0.06599581834059445,-0.07074273336909562,0.08068164190866467
dense_06,dense_geometry,outcome-blind deterministic geometry,[0.15],0.15458574003945946,-0.16418866677342722,0.08044194872809013,-0.13156131681213856,0.1690520677131875,0.07764506588115686,-0.20471563782965332,0.014256231729105957,0.1486649235283106,-0.31198829139840084,0.18086894099610917,-0.04186501278501461,0.013936078364728094,-0.008696513969195482,0.15659880921851987,0.12650942975897042,0.27350671967426454,0.019770307269679453,-0.35684159633227774,0.14077733190708475,-0.06363463015889283,0.3134431561419979,-0.15508311788118556,0.20704266447140454,0.017900637940286093,0.03290593895836988,-0.02748043526641655,-0.2841134023192243,-0.029294677239451252,0.12680843253191143,-0.2105173038915921,0.03445113054899289,-0.09214572155537662,0.24752467527560112,-0.1002989341694549,-0.11808102871903003,-0.031465118635985466,-0.12835583696213498,-0.0763629879783782
dense_07,dense_geometry,outcome-blind deterministic geometry,[0.15],-0.18645180038748863,-0.02581162434401519,0.09408595982554457,0.037885074442110304,0.22116198955958394,0.22028396849850146,0.10836848738513179,-0.058889311679708005,0.3230223966038153,0.050640782176888395,-0.25463557307697765,0.05049675227999239,-0.12362071081453395,-0.1242627927328496,0.16625163751573444,0.20865091386208676,-0.0955829247060223,0.1712609771872089,-0.33721210149698383,0.0022113170083921225,-0.007208328366867519,-0.2021306942921524,0.025885197413685737,-0.05126846228671903,-0.07278977516795464,0.10037359101367879,-0.11309710091263901,-0.03864919276682817,0.09914299213431799,-0.0035008614789873976,-0.18201172694605347,0.1180159806833514,-0.2775060413358887,-0.07547258088242867,0.1434015815288889,-0.23150204909542618,0.27274485267398896,0.18213158168046847,-0.13441238070284645
dense_08,dense_geometry,outcome-blind deterministic geometry,[0.15],-0.11806277479164949,-0.28476729603959583,0.18536079324357405,-0.041423637836841956,0.2683887849787899,0.3055840070164219,0.08715354772768355,0.28005898748958324,-0.3066434246463405,-0.08651267953892869,-0.055925570089735054,0.04605324180775985,0.0930783972423187,-0.08384847459654862,-0.22092046539954768,0.022755706106542376,0.0854992253758683,-0.037716958910403435,-0.07952553671674549,0.057478924664715624,-0.03567216718538539,-0.23739547064158664,-0.23228247334531235,-0.12211022171225334,0.326908933321798,0.031489927060095076,-0.1995844585160731,-0.07015529964571468,-0.15185418820731586,0.17671688431660307,-0.004251119053357077,-0.03757777551313064,0.20036898845811904,0.043034764643405304,0.07552964747278883,0.1437615305881299,-0.1336590080711146,0.06303661907734079,0.04763008986604307
dense_09,dense_geometry,outcome-blind deterministic geometry,[0.15],-0.10885191866581613,0.014588874541167283,0.02031121297941211,0.19234259043390609,0.09534836364039768,0.1649471920674375,0.12284090746442577,-0.027178968600699797,-0.3569186372306292,-0.08962735210567946,0.050973361213594554,0.2501713955759697,0.0024388644895587687,-0.1721449944542485,0.015228271853373086,-0.38044710442385693,0.03616030325461772,0.022179272899813893,-0.20293432755880653,0.14172930909665657,-0.013699938978590585,0.24228320142558993,-0.2113762980885056,0.16885742831732847,-0.13270766463503778,-0.1086596306636621,0.19867266226160502,0.1215566933109073,0.07377588701194608,-0.22072571244292435,-0.03724295669423375,0.18677075381391256,-0.22380182165702955,-0.1302047491752155,0.09459876014685159,0.23654614117807876,0.10550426202755246,-0.04972150805497566,-0.09158212557419135
dense_10,dense_geometry,outcome-blind deterministic geometry,[0.15],0.26035584391934286,0.05452179290278144,0.026131345680367436,-0.09697040039933333,-0.2968726828297669,-0.03525501758129062,0.09459862004399577,-0.263735038783771,-0.05846559308061118,0.3932154649630293,-0.15115190501851383,0.3307939658244192,-0.16163207111965514,-0.05877223182700266,0.043595028705290056,-0.02327633514221688,0.10083776405483379,0.08649205254680412,0.04178733734959213,0.04896141539060277,0.002370831369010863,0.08174081631076253,-0.14304932604225057,-0.14109523402466276,-0.01968185838242117,-0.06284687065355142,-0.24809404810366656,0.007727232604924626,-0.07097247472001089,0.1438839997207235,-0.43431470984872905,-0.008745774258000138,0.023479025598334344,0.12820885287819825,0.005033251620227511,0.04563777479330307,0.08871173098572946,0.040873551305064856,0.2259738732481162
dense_11,dense_geometry,outcome-blind deterministic geometry,[0.15],-0.03986880071718162,-0.17315393815151955,0.012082276425796307,0.20218188507986304,0.006123881607572994,0.12369941748564241,0.025290675159104,-0.08015908488066417,0.018229350968089815,-0.12636947209258179,-0.10220690712740998,-0.05739181504562747,0.29750700206110464,0.23577837151217648,0.10970769418830778,-0.16784844708284996,-0.4841012369471034,0.09446185491281657,0.22966726222441702,0.0062244244249238636,-0.17728453068759115,0.04229937117208126,-0.006034477996573247,0.21334529402588998,-0.04202730926009782,-0.2590755402936644,-0.09938083752432036,0.06686199784263495,-0.22112148341425686,-0.011242118350125415,0.15427013679462534,0.1170383961327066,-0.18295671612489722,0.12463314114961759,-0.11928608322685945,-0.05009732904293792,0.256055895528483,-0.04759487214755138,0.11174267141795945
dense_12,dense_geometry,outcome-blind deterministic geometry,[0.15],0.1798260867270996,0.032918334472418265,-0.0025126410039555108,-0.21257998597692473,-0.03187768498787068,-0.3238264583908275,0.052847462733346874,0.07435141114462375,0.017217442016317173,-0.19371171765719816,-0.503886760809545,-0.07565475674504758,0.27650678863371964,0.09004909866799507,-0.05574131955681206,0.11633288800380176,0.13343306185330278,0.1411178129989872,-0.37011439646693073,-0.03603347201740305,-0.0352157155036925,0.1116070986347819,0.13344126634781192,-0.020389743514954997,-0.09040358688634431,0.038085979841636725,0.05573777739881728,0.05545785553700157,-0.16386333136934836,0.07076888706573392,0.20329145971549256,0.22449874253457977,-0.13410548267838868,0.096269191421746,-0.011461389877986361,0.10901505633788335,0.04655195373016834,-0.0984242471389088,0.1004770347648736
dense_13,dense_geometry,outcome-blind deterministic geometry,[0.15],-0.12099981403785771,-0.34017738565848216,-0.15357467083756662,-0.12114272668405399,0.1616270362423181,0.07603409907254775,-0.10053873292961278,-0.09331569410339051,0.01936232223222962,-0.14035429750516715,0.33515904900087684,0.0370692857838837,0.018223412606287306,0.0251891948582092,-0.06293344519766418,-0.0017602687586240114,0.21014571565010348,0.06759475077861059,0.13644991746282403,-0.23178526739054303,0.020061069395188025,0.0771548417603972,-0.021590234975484776,0.15387749879073387,-0.025697207594716106,0.2009385586794421,-0.2936441184357459,0.18327015620471654,0.055665388732628725,-0.2264112310994684,-0.1312931595181344,0.11958617049696205,-0.2519010103649572,-0.07321156420177291,0.07792894687536774,0.038628235943815044,0.39126962758186357,0.07633636439339633,-0.09124081324915999
dense_14,dense_geometry,outcome-blind deterministic geometry,[0.15],0.16428469181455704,-0.028364620708031637,-0.056168358925320294,-0.3325592173894694,-0.13920655305967472,0.14925404142495072,-0.21443609708654598,-0.08960984994702498,-0.18762660582188942,-0.18729949203487284,0.33188980362121007,0.06687233888209408,0.07459277683406863,-0.25395618045248064,0.1542888151393035,0.13491852464275164,-0.27202331689390924,0.06626560118145956,0.007732115592963975,-0.22120673284735717,-0.04574478792964843,0.04756145584258166,-0.09457807375838924,-0.051008208290922286,-0.12509836509337321,0.2707689262006511,0.027881026306373204,0.2325590864400656,0.22020470055971036,0.10637813218142583,0.10421441210794043,-0.07349748580037385,0.19221652780978038,-0.08122166627127847,0.11543943146457818,-0.013371606986962393,-0.08834623233206587,0.17421316297496628,-0.08621211939184212
dense_15,dense_geometry,outcome-blind deterministic geometry,[0.15],0.20606528974328314,0.11624128534486382,-0.0021777653853135583,0.05795144094269709,-0.06625067454978896,0.04886415631615262,-0.041856985667391655,-0.19385454378087275,-0.014769505788162265,-0.21770544628770672,0.0692790559128065,0.11615335389798684,0.42943729283138904,0.0781699470639296,-0.1593577124781612,0.11631684863798611,-0.3226167865754886,-0.05674520977454166,-0.24424065748831483,0.19677091551300532,0.1885820318507453,-0.0825619148304472,0.3301449005378584,0.14682984817485703,-0.16905026924783814,-0.11409262443216538,-0.04556464039803239,-0.15990011770529616,0.004114791866229173,-0.03790740726421366,-0.08640625436550821,-0.04390004786380324,6.877717671805818e-06,-0.23011781784342472,0.17297373065887012,0.1416084249776163,-0.10815484426203631,-0.12434217785219678,0.10206321185275612
dense_16,dense_geometry,outcome-blind deterministic geometry,[0.15],-0.40277877975353615,-0.07717424567952827,-0.21792442410514007,0.04404721563307223,0.03777358049826423,-0.36038524828807844,0.07518914608331392,0.11132663002651882,-0.25948990624922186,0.24105798295521638,-0.10428116871548579,0.26764949926565035,0.021142294263108187,-0.07475124613418761,0.21509475870365666,0.04601292585590968,0.1593090580751082,0.008172013365339735,0.14867795523282729,0.010389520374736219,0.10185537095352702,0.2318670597617929,-0.05225704174173152,0.1438625912061086,-0.11542150626857293,0.11259029216934274,-0.1467688327616705,-0.07936718669663569,-0.057437758405554706,0.05225195222561828,-0.05037361693730076,-0.12660561590681135,-0.0014592389570445767,-0.040081784249544665,0.2662942008675292,0.20651923518821347,-0.15733407116205744,-0.06236336219507141,-0.11482824849768038
dense_17,dense_geometry,outcome-blind deterministic geometry,[0.15],0.16305023685675163,0.083662181740949,0.13176364959379971,0.33218807348636525,-0.10370021383960704,-0.08473626998984284,0.008806478879780082,-0.10972920964870543,0.18445775972445305,0.015534933363896573,0.0017503576146429807,0.2606251566349293,-0.013365766363274608,0.035368240909761255,0.14131062955080598,-0.09398750795024585,-0.10958585537557342,0.20044883970704586,-0.05117038276248117,-0.12044766919696673,0.08625358102946698,0.2047920179889945,-0.03156599207501275,0.021845536626052892,-0.011415064436031479,0.05806980613024086,-0.1381136066448811,-0.08523504734555051,-0.1035228674865474,0.35167327795751013,-0.019263199044477066,-0.19988637722767913,0.07583779763833642,-0.43268982432265574,-0.1723714609871061,0.047907979888297356,-0.13569362645625635,-0.06696082672621664,-0.32190576744296845
referee_00,referee_geometry,sealed outcome-blind deterministic geometry,[0.15],0.00671454571212191,0.036888538086971345,0.1615402741950295,-0.15917902754476074,0.07600255242268944,0.08357669827523162,0.047402220959706885,-0.09419567317685498,-0.027879274104569484,-0.055145933730830064,0.1402080542472356,0.02849169524697488,-0.4015749209910051,0.33823926650426006,-0.2998699086322163,0.14646535365916225,-0.05924686726323154,0.10161911250184162,0.09057693463861319,-0.021598385143775652,-0.07290819145883654,0.19341020735730777,-0.10481758547287723,0.02397889494313321,-0.056905889738384084,0.188564677543257,0.021048722903307435,-0.08815129259153945,-0.12470976527392358,-0.02200031546296872,-0.100031558642965,0.07289903421521267,0.170949100140694,-0.4719852436971044,0.2379662535862165,-0.1614886351171844,0.09497196183384736,0.10512314834633654,-0.044948779276123584
referee_01,referee_geometry,sealed outcome-blind deterministic geometry,[0.15],0.07972233261667143,0.11900538862970624,-0.04900360518195434,-0.11908874341729052,-0.1372627341224852,0.05505258661319353,0.1065033746957817,0.15963525696910627,0.19587469662710008,-0.1132628945359024,-0.24636791964639965,0.13991087236048202,-0.0019371504058089209,-0.07706503459152014,-0.04506625698896465,0.014195930190012047,0.2090790992922817,0.038451899750676144,0.1229374466940127,-0.3605059504640495,-0.07405192030232154,0.026274239283189137,0.22447449694093025,0.08706275695331381,0.0735126235543634,0.19372148617342164,-0.14944489894325116,-0.18753419404093022,0.1309226950065382,-0.04169547245410382,0.02550405899200408,-0.03495098691427083,-0.40957869128163915,-0.23074889490652686,0.31827583746084426,-0.08377097148936812,-0.135735270027987,-0.024572220121257857,0.20152673103240304
referee_02,referee_geometry,sealed outcome-blind deterministic geometry,[0.15],-0.1559820693453311,-0.1512147275165214,-0.13174828845441494,0.24770468661574663,0.22336726277327087,-0.20435510190742073,-0.05055811355872526,0.047994942771687664,0.20482652294573508,-0.061498097980053235,0.26303281624064656,0.13675518730567132,-0.16594011876501658,-0.1476209414799406,0.27419469518927153,0.2849931660702994,-0.08309191552727448,0.006393483962185815,-0.1135382626363883,-0.1507174006277577,0.1809193708991687,-0.15377058280065187,0.24498415257096656,-0.06577626304004007,0.07864269260142445,0.01848787427007603,-0.16587818701200388,0.11710421914230582,-0.16886906062961937,-0.30133022004182675,-0.013434963641714195,-0.19205519834708526,0.07598461911663633,0.20671258709824317,0.0784776233978083,-0.004655068568124642,-0.039070759793141084,-0.07383969040210032,-0.09563087089599248
referee_03,referee_geometry,sealed outcome-blind deterministic geometry,[0.15],-0.05504977525547217,0.2504074319839238,-0.11398291077839436,0.01298511036482017,-0.12035391627612266,0.06223220444402741,0.16454664481830258,0.12452408386866252,-0.031231996281583567,-0.18650987967280194,0.3133656686116744,0.21369026554778972,-0.3365955193417234,-0.07928254854867939,-0.014603383628029943,0.08383592881035876,0.1328073688393836,0.19085512701743074,-0.13824557551396216,-0.021232733727840035,-0.14560588984309042,-0.4012784215478728,0.05299176766817177,0.025459157693070424,0.012542795572477438,0.19342991007136376,-0.2722091563140236,-0.10985574608367872,-0.0346287215348712,0.18475972967194013,0.1345397899336869,0.2191045471677237,-0.0757400526691413,0.0559266654796155,-0.17800546765666628,-0.07653680957584924,-0.06149242066394,-0.0845820689515107,0.10901879630083042
