run_order,run_id,row_id,prefix_state_id,prefix_candidate_id,prefix_repeat_seed,continuation_id,action_id,role,fit_budget,data_seed,trainer_seed
0,1010000,screen10__p00__local_anchor_fit079,observed_cap10_best,observed_cap10_best,0,local_anchor_fit079,local_anchor_fit079,validated_frontier_anchor,True,974000,0
1,1010001,screen10__p00__local_plus_37,observed_cap10_best,observed_cap10_best,0,local_plus_37,local_plus_37,local_interior_forward,True,974000,0
2,1010002,screen10__p00__local_minus_37,observed_cap10_best,observed_cap10_best,0,local_minus_37,local_minus_37,local_interior_reverse,True,974000,0
3,1010003,screen10__p00__local_plus_32,observed_cap10_best,observed_cap10_best,0,local_plus_32,local_plus_32,local_interior_forward,True,974000,0
4,1010004,screen10__p00__local_minus_32,observed_cap10_best,observed_cap10_best,0,local_minus_32,local_minus_32,local_interior_reverse,True,974000,0
5,1010005,screen10__p00__local_plus_24,observed_cap10_best,observed_cap10_best,0,local_plus_24,local_plus_24,local_interior_forward,True,974000,0
6,1010006,screen10__p00__local_minus_24,observed_cap10_best,observed_cap10_best,0,local_minus_24,local_minus_24,local_interior_reverse,True,974000,0
7,1010007,screen10__p00__local_plus_30,observed_cap10_best,observed_cap10_best,0,local_plus_30,local_plus_30,local_boundary_activation,True,974000,0
8,1010008,screen10__p00__local_plus_10,observed_cap10_best,observed_cap10_best,0,local_plus_10,local_plus_10,local_boundary_activation,True,974000,0
9,1010009,screen10__p00__local_plus_20,observed_cap10_best,observed_cap10_best,0,local_plus_20,local_plus_20,local_boundary_activation,True,974000,0
10,1010010,screen10__p00__control_tied,observed_cap10_best,observed_cap10_best,0,control_tied,control_tied,prefix_tied_control,False,974000,0
11,1010011,screen10__p00__control_anchor_repeat,observed_cap10_best,observed_cap10_best,0,control_anchor_repeat,local_anchor_fit079,anchor_exposure_noise_control,False,974001,0
12,1010012,screen10__p00__control_local_sentinel_repeat,observed_cap10_best,observed_cap10_best,0,control_local_sentinel_repeat,local_plus_24,local_action_exposure_noise_control,False,974002,0
13,1010013,screen10__p01__local_anchor_fit079,shared_bounded_ensemble_kl0p05,shared_bounded_ensemble_kl0p05,0,local_anchor_fit079,local_anchor_fit079,validated_frontier_anchor,True,974000,0
14,1010014,screen10__p01__local_plus_37,shared_bounded_ensemble_kl0p05,shared_bounded_ensemble_kl0p05,0,local_plus_37,local_plus_37,local_interior_forward,True,974000,0
15,1010015,screen10__p01__local_minus_37,shared_bounded_ensemble_kl0p05,shared_bounded_ensemble_kl0p05,0,local_minus_37,local_minus_37,local_interior_reverse,True,974000,0
16,1010016,screen10__p01__local_plus_32,shared_bounded_ensemble_kl0p05,shared_bounded_ensemble_kl0p05,0,local_plus_32,local_plus_32,local_interior_forward,True,974000,0
17,1010017,screen10__p01__local_minus_32,shared_bounded_ensemble_kl0p05,shared_bounded_ensemble_kl0p05,0,local_minus_32,local_minus_32,local_interior_reverse,True,974000,0
18,1010018,screen10__p01__local_plus_24,shared_bounded_ensemble_kl0p05,shared_bounded_ensemble_kl0p05,0,local_plus_24,local_plus_24,local_interior_forward,True,974000,0
19,1010019,screen10__p01__local_minus_24,shared_bounded_ensemble_kl0p05,shared_bounded_ensemble_kl0p05,0,local_minus_24,local_minus_24,local_interior_reverse,True,974000,0
20,1010020,screen10__p01__local_plus_30,shared_bounded_ensemble_kl0p05,shared_bounded_ensemble_kl0p05,0,local_plus_30,local_plus_30,local_boundary_activation,True,974000,0
21,1010021,screen10__p01__local_plus_10,shared_bounded_ensemble_kl0p05,shared_bounded_ensemble_kl0p05,0,local_plus_10,local_plus_10,local_boundary_activation,True,974000,0
22,1010022,screen10__p01__local_plus_20,shared_bounded_ensemble_kl0p05,shared_bounded_ensemble_kl0p05,0,local_plus_20,local_plus_20,local_boundary_activation,True,974000,0
23,1010023,screen10__p01__control_tied,shared_bounded_ensemble_kl0p05,shared_bounded_ensemble_kl0p05,0,control_tied,control_tied,prefix_tied_control,False,974000,0
24,1010024,screen10__p01__control_anchor_repeat,shared_bounded_ensemble_kl0p05,shared_bounded_ensemble_kl0p05,0,control_anchor_repeat,local_anchor_fit079,anchor_exposure_noise_control,False,974001,0
25,1010025,screen10__p01__control_local_sentinel_repeat,shared_bounded_ensemble_kl0p05,shared_bounded_ensemble_kl0p05,0,control_local_sentinel_repeat,local_plus_24,local_action_exposure_noise_control,False,974002,0
26,1010026,screen10__p02__local_anchor_fit079,shared_bounded_ensemble_kl0p2,shared_bounded_ensemble_kl0p2,0,local_anchor_fit079,local_anchor_fit079,validated_frontier_anchor,True,974000,0
27,1010027,screen10__p02__local_plus_37,shared_bounded_ensemble_kl0p2,shared_bounded_ensemble_kl0p2,0,local_plus_37,local_plus_37,local_interior_forward,True,974000,0
28,1010028,screen10__p02__local_minus_37,shared_bounded_ensemble_kl0p2,shared_bounded_ensemble_kl0p2,0,local_minus_37,local_minus_37,local_interior_reverse,True,974000,0
29,1010029,screen10__p02__local_plus_32,shared_bounded_ensemble_kl0p2,shared_bounded_ensemble_kl0p2,0,local_plus_32,local_plus_32,local_interior_forward,True,974000,0
30,1010030,screen10__p02__local_minus_32,shared_bounded_ensemble_kl0p2,shared_bounded_ensemble_kl0p2,0,local_minus_32,local_minus_32,local_interior_reverse,True,974000,0
31,1010031,screen10__p02__local_plus_24,shared_bounded_ensemble_kl0p2,shared_bounded_ensemble_kl0p2,0,local_plus_24,local_plus_24,local_interior_forward,True,974000,0
32,1010032,screen10__p02__local_minus_24,shared_bounded_ensemble_kl0p2,shared_bounded_ensemble_kl0p2,0,local_minus_24,local_minus_24,local_interior_reverse,True,974000,0
33,1010033,screen10__p02__local_plus_30,shared_bounded_ensemble_kl0p2,shared_bounded_ensemble_kl0p2,0,local_plus_30,local_plus_30,local_boundary_activation,True,974000,0
34,1010034,screen10__p02__local_plus_10,shared_bounded_ensemble_kl0p2,shared_bounded_ensemble_kl0p2,0,local_plus_10,local_plus_10,local_boundary_activation,True,974000,0
35,1010035,screen10__p02__local_plus_20,shared_bounded_ensemble_kl0p2,shared_bounded_ensemble_kl0p2,0,local_plus_20,local_plus_20,local_boundary_activation,True,974000,0
36,1010036,screen10__p02__control_tied,shared_bounded_ensemble_kl0p2,shared_bounded_ensemble_kl0p2,0,control_tied,control_tied,prefix_tied_control,False,974000,0
37,1010037,screen10__p02__control_anchor_repeat,shared_bounded_ensemble_kl0p2,shared_bounded_ensemble_kl0p2,0,control_anchor_repeat,local_anchor_fit079,anchor_exposure_noise_control,False,974001,0
38,1010038,screen10__p02__control_local_sentinel_repeat,shared_bounded_ensemble_kl0p2,shared_bounded_ensemble_kl0p2,0,control_local_sentinel_repeat,local_plus_24,local_action_exposure_noise_control,False,974002,0
39,1010039,screen10__p03__local_anchor_fit079,shared_bounded_ensemble_kl0p5,shared_bounded_ensemble_kl0p5,0,local_anchor_fit079,local_anchor_fit079,validated_frontier_anchor,True,974000,0
40,1010040,screen10__p03__local_plus_37,shared_bounded_ensemble_kl0p5,shared_bounded_ensemble_kl0p5,0,local_plus_37,local_plus_37,local_interior_forward,True,974000,0
41,1010041,screen10__p03__local_minus_37,shared_bounded_ensemble_kl0p5,shared_bounded_ensemble_kl0p5,0,local_minus_37,local_minus_37,local_interior_reverse,True,974000,0
42,1010042,screen10__p03__local_plus_32,shared_bounded_ensemble_kl0p5,shared_bounded_ensemble_kl0p5,0,local_plus_32,local_plus_32,local_interior_forward,True,974000,0
43,1010043,screen10__p03__local_minus_32,shared_bounded_ensemble_kl0p5,shared_bounded_ensemble_kl0p5,0,local_minus_32,local_minus_32,local_interior_reverse,True,974000,0
44,1010044,screen10__p03__local_plus_24,shared_bounded_ensemble_kl0p5,shared_bounded_ensemble_kl0p5,0,local_plus_24,local_plus_24,local_interior_forward,True,974000,0
45,1010045,screen10__p03__local_minus_24,shared_bounded_ensemble_kl0p5,shared_bounded_ensemble_kl0p5,0,local_minus_24,local_minus_24,local_interior_reverse,True,974000,0
46,1010046,screen10__p03__local_plus_30,shared_bounded_ensemble_kl0p5,shared_bounded_ensemble_kl0p5,0,local_plus_30,local_plus_30,local_boundary_activation,True,974000,0
47,1010047,screen10__p03__local_plus_10,shared_bounded_ensemble_kl0p5,shared_bounded_ensemble_kl0p5,0,local_plus_10,local_plus_10,local_boundary_activation,True,974000,0
48,1010048,screen10__p03__local_plus_20,shared_bounded_ensemble_kl0p5,shared_bounded_ensemble_kl0p5,0,local_plus_20,local_plus_20,local_boundary_activation,True,974000,0
49,1010049,screen10__p03__control_tied,shared_bounded_ensemble_kl0p5,shared_bounded_ensemble_kl0p5,0,control_tied,control_tied,prefix_tied_control,False,974000,0
50,1010050,screen10__p03__control_anchor_repeat,shared_bounded_ensemble_kl0p5,shared_bounded_ensemble_kl0p5,0,control_anchor_repeat,local_anchor_fit079,anchor_exposure_noise_control,False,974001,0
51,1010051,screen10__p03__control_local_sentinel_repeat,shared_bounded_ensemble_kl0p5,shared_bounded_ensemble_kl0p5,0,control_local_sentinel_repeat,local_plus_24,local_action_exposure_noise_control,False,974002,0
52,1010052,screen10__p04__local_anchor_fit079,cap4_shared_bounded_ensemble_kl0,cap4_shared_bounded_ensemble_kl0,0,local_anchor_fit079,local_anchor_fit079,validated_frontier_anchor,True,974000,0
53,1010053,screen10__p04__local_plus_37,cap4_shared_bounded_ensemble_kl0,cap4_shared_bounded_ensemble_kl0,0,local_plus_37,local_plus_37,local_interior_forward,True,974000,0
54,1010054,screen10__p04__local_minus_37,cap4_shared_bounded_ensemble_kl0,cap4_shared_bounded_ensemble_kl0,0,local_minus_37,local_minus_37,local_interior_reverse,True,974000,0
55,1010055,screen10__p04__local_plus_32,cap4_shared_bounded_ensemble_kl0,cap4_shared_bounded_ensemble_kl0,0,local_plus_32,local_plus_32,local_interior_forward,True,974000,0
56,1010056,screen10__p04__local_minus_32,cap4_shared_bounded_ensemble_kl0,cap4_shared_bounded_ensemble_kl0,0,local_minus_32,local_minus_32,local_interior_reverse,True,974000,0
57,1010057,screen10__p04__local_plus_24,cap4_shared_bounded_ensemble_kl0,cap4_shared_bounded_ensemble_kl0,0,local_plus_24,local_plus_24,local_interior_forward,True,974000,0
58,1010058,screen10__p04__local_minus_24,cap4_shared_bounded_ensemble_kl0,cap4_shared_bounded_ensemble_kl0,0,local_minus_24,local_minus_24,local_interior_reverse,True,974000,0
59,1010059,screen10__p04__local_plus_30,cap4_shared_bounded_ensemble_kl0,cap4_shared_bounded_ensemble_kl0,0,local_plus_30,local_plus_30,local_boundary_activation,True,974000,0
60,1010060,screen10__p04__local_plus_10,cap4_shared_bounded_ensemble_kl0,cap4_shared_bounded_ensemble_kl0,0,local_plus_10,local_plus_10,local_boundary_activation,True,974000,0
61,1010061,screen10__p04__local_plus_20,cap4_shared_bounded_ensemble_kl0,cap4_shared_bounded_ensemble_kl0,0,local_plus_20,local_plus_20,local_boundary_activation,True,974000,0
62,1010062,screen10__p04__control_tied,cap4_shared_bounded_ensemble_kl0,cap4_shared_bounded_ensemble_kl0,0,control_tied,control_tied,prefix_tied_control,False,974000,0
63,1010063,screen10__p04__control_anchor_repeat,cap4_shared_bounded_ensemble_kl0,cap4_shared_bounded_ensemble_kl0,0,control_anchor_repeat,local_anchor_fit079,anchor_exposure_noise_control,False,974001,0
64,1010064,screen10__p04__control_local_sentinel_repeat,cap4_shared_bounded_ensemble_kl0,cap4_shared_bounded_ensemble_kl0,0,control_local_sentinel_repeat,local_plus_24,local_action_exposure_noise_control,False,974002,0
65,1010065,screen10__p05__local_anchor_fit079,cap4_shared_bounded_ensemble_kl0p05,cap4_shared_bounded_ensemble_kl0p05,0,local_anchor_fit079,local_anchor_fit079,validated_frontier_anchor,True,974000,0
66,1010066,screen10__p05__local_plus_37,cap4_shared_bounded_ensemble_kl0p05,cap4_shared_bounded_ensemble_kl0p05,0,local_plus_37,local_plus_37,local_interior_forward,True,974000,0
67,1010067,screen10__p05__local_minus_37,cap4_shared_bounded_ensemble_kl0p05,cap4_shared_bounded_ensemble_kl0p05,0,local_minus_37,local_minus_37,local_interior_reverse,True,974000,0
68,1010068,screen10__p05__local_plus_32,cap4_shared_bounded_ensemble_kl0p05,cap4_shared_bounded_ensemble_kl0p05,0,local_plus_32,local_plus_32,local_interior_forward,True,974000,0
69,1010069,screen10__p05__local_minus_32,cap4_shared_bounded_ensemble_kl0p05,cap4_shared_bounded_ensemble_kl0p05,0,local_minus_32,local_minus_32,local_interior_reverse,True,974000,0
70,1010070,screen10__p05__local_plus_24,cap4_shared_bounded_ensemble_kl0p05,cap4_shared_bounded_ensemble_kl0p05,0,local_plus_24,local_plus_24,local_interior_forward,True,974000,0
71,1010071,screen10__p05__local_minus_24,cap4_shared_bounded_ensemble_kl0p05,cap4_shared_bounded_ensemble_kl0p05,0,local_minus_24,local_minus_24,local_interior_reverse,True,974000,0
72,1010072,screen10__p05__local_plus_30,cap4_shared_bounded_ensemble_kl0p05,cap4_shared_bounded_ensemble_kl0p05,0,local_plus_30,local_plus_30,local_boundary_activation,True,974000,0
73,1010073,screen10__p05__local_plus_10,cap4_shared_bounded_ensemble_kl0p05,cap4_shared_bounded_ensemble_kl0p05,0,local_plus_10,local_plus_10,local_boundary_activation,True,974000,0
74,1010074,screen10__p05__local_plus_20,cap4_shared_bounded_ensemble_kl0p05,cap4_shared_bounded_ensemble_kl0p05,0,local_plus_20,local_plus_20,local_boundary_activation,True,974000,0
75,1010075,screen10__p05__control_tied,cap4_shared_bounded_ensemble_kl0p05,cap4_shared_bounded_ensemble_kl0p05,0,control_tied,control_tied,prefix_tied_control,False,974000,0
76,1010076,screen10__p05__control_anchor_repeat,cap4_shared_bounded_ensemble_kl0p05,cap4_shared_bounded_ensemble_kl0p05,0,control_anchor_repeat,local_anchor_fit079,anchor_exposure_noise_control,False,974001,0
77,1010077,screen10__p05__control_local_sentinel_repeat,cap4_shared_bounded_ensemble_kl0p05,cap4_shared_bounded_ensemble_kl0p05,0,control_local_sentinel_repeat,local_plus_24,local_action_exposure_noise_control,False,974002,0
78,1010078,screen10__p06__local_anchor_fit079,cap4_shared_bounded_ensemble_kl0p2,cap4_shared_bounded_ensemble_kl0p2,0,local_anchor_fit079,local_anchor_fit079,validated_frontier_anchor,True,974000,0
79,1010079,screen10__p06__local_plus_37,cap4_shared_bounded_ensemble_kl0p2,cap4_shared_bounded_ensemble_kl0p2,0,local_plus_37,local_plus_37,local_interior_forward,True,974000,0
80,1010080,screen10__p06__local_minus_37,cap4_shared_bounded_ensemble_kl0p2,cap4_shared_bounded_ensemble_kl0p2,0,local_minus_37,local_minus_37,local_interior_reverse,True,974000,0
81,1010081,screen10__p06__local_plus_32,cap4_shared_bounded_ensemble_kl0p2,cap4_shared_bounded_ensemble_kl0p2,0,local_plus_32,local_plus_32,local_interior_forward,True,974000,0
82,1010082,screen10__p06__local_minus_32,cap4_shared_bounded_ensemble_kl0p2,cap4_shared_bounded_ensemble_kl0p2,0,local_minus_32,local_minus_32,local_interior_reverse,True,974000,0
83,1010083,screen10__p06__local_plus_24,cap4_shared_bounded_ensemble_kl0p2,cap4_shared_bounded_ensemble_kl0p2,0,local_plus_24,local_plus_24,local_interior_forward,True,974000,0
84,1010084,screen10__p06__local_minus_24,cap4_shared_bounded_ensemble_kl0p2,cap4_shared_bounded_ensemble_kl0p2,0,local_minus_24,local_minus_24,local_interior_reverse,True,974000,0
85,1010085,screen10__p06__local_plus_30,cap4_shared_bounded_ensemble_kl0p2,cap4_shared_bounded_ensemble_kl0p2,0,local_plus_30,local_plus_30,local_boundary_activation,True,974000,0
86,1010086,screen10__p06__local_plus_10,cap4_shared_bounded_ensemble_kl0p2,cap4_shared_bounded_ensemble_kl0p2,0,local_plus_10,local_plus_10,local_boundary_activation,True,974000,0
87,1010087,screen10__p06__local_plus_20,cap4_shared_bounded_ensemble_kl0p2,cap4_shared_bounded_ensemble_kl0p2,0,local_plus_20,local_plus_20,local_boundary_activation,True,974000,0
88,1010088,screen10__p06__control_tied,cap4_shared_bounded_ensemble_kl0p2,cap4_shared_bounded_ensemble_kl0p2,0,control_tied,control_tied,prefix_tied_control,False,974000,0
89,1010089,screen10__p06__control_anchor_repeat,cap4_shared_bounded_ensemble_kl0p2,cap4_shared_bounded_ensemble_kl0p2,0,control_anchor_repeat,local_anchor_fit079,anchor_exposure_noise_control,False,974001,0
90,1010090,screen10__p06__control_local_sentinel_repeat,cap4_shared_bounded_ensemble_kl0p2,cap4_shared_bounded_ensemble_kl0p2,0,control_local_sentinel_repeat,local_plus_24,local_action_exposure_noise_control,False,974002,0
91,1010091,screen10__p07__local_anchor_fit079,cap4_shared_bounded_ensemble_kl0__seed1,cap4_shared_bounded_ensemble_kl0,1,local_anchor_fit079,local_anchor_fit079,validated_frontier_anchor,True,974000,0
92,1010092,screen10__p07__local_plus_37,cap4_shared_bounded_ensemble_kl0__seed1,cap4_shared_bounded_ensemble_kl0,1,local_plus_37,local_plus_37,local_interior_forward,True,974000,0
93,1010093,screen10__p07__local_minus_37,cap4_shared_bounded_ensemble_kl0__seed1,cap4_shared_bounded_ensemble_kl0,1,local_minus_37,local_minus_37,local_interior_reverse,True,974000,0
94,1010094,screen10__p07__local_plus_32,cap4_shared_bounded_ensemble_kl0__seed1,cap4_shared_bounded_ensemble_kl0,1,local_plus_32,local_plus_32,local_interior_forward,True,974000,0
95,1010095,screen10__p07__local_minus_32,cap4_shared_bounded_ensemble_kl0__seed1,cap4_shared_bounded_ensemble_kl0,1,local_minus_32,local_minus_32,local_interior_reverse,True,974000,0
96,1010096,screen10__p07__local_plus_24,cap4_shared_bounded_ensemble_kl0__seed1,cap4_shared_bounded_ensemble_kl0,1,local_plus_24,local_plus_24,local_interior_forward,True,974000,0
97,1010097,screen10__p07__local_minus_24,cap4_shared_bounded_ensemble_kl0__seed1,cap4_shared_bounded_ensemble_kl0,1,local_minus_24,local_minus_24,local_interior_reverse,True,974000,0
98,1010098,screen10__p07__local_plus_30,cap4_shared_bounded_ensemble_kl0__seed1,cap4_shared_bounded_ensemble_kl0,1,local_plus_30,local_plus_30,local_boundary_activation,True,974000,0
99,1010099,screen10__p07__local_plus_10,cap4_shared_bounded_ensemble_kl0__seed1,cap4_shared_bounded_ensemble_kl0,1,local_plus_10,local_plus_10,local_boundary_activation,True,974000,0
100,1010100,screen10__p07__local_plus_20,cap4_shared_bounded_ensemble_kl0__seed1,cap4_shared_bounded_ensemble_kl0,1,local_plus_20,local_plus_20,local_boundary_activation,True,974000,0
101,1010101,screen10__p07__control_tied,cap4_shared_bounded_ensemble_kl0__seed1,cap4_shared_bounded_ensemble_kl0,1,control_tied,control_tied,prefix_tied_control,False,974000,0
102,1010102,screen10__p07__control_anchor_repeat,cap4_shared_bounded_ensemble_kl0__seed1,cap4_shared_bounded_ensemble_kl0,1,control_anchor_repeat,local_anchor_fit079,anchor_exposure_noise_control,False,974001,0
103,1010103,screen10__p07__control_local_sentinel_repeat,cap4_shared_bounded_ensemble_kl0__seed1,cap4_shared_bounded_ensemble_kl0,1,control_local_sentinel_repeat,local_plus_24,local_action_exposure_noise_control,False,974002,0
104,1010104,screen10__p08__local_anchor_fit079,shared_bounded_ensemble_kl0p05__v6e_bridge,shared_bounded_ensemble_kl0p05,0,local_anchor_fit079,local_anchor_fit079,validated_frontier_anchor,True,974000,0
105,1010105,screen10__p08__local_plus_37,shared_bounded_ensemble_kl0p05__v6e_bridge,shared_bounded_ensemble_kl0p05,0,local_plus_37,local_plus_37,local_interior_forward,True,974000,0
106,1010106,screen10__p08__local_minus_37,shared_bounded_ensemble_kl0p05__v6e_bridge,shared_bounded_ensemble_kl0p05,0,local_minus_37,local_minus_37,local_interior_reverse,True,974000,0
107,1010107,screen10__p08__local_plus_32,shared_bounded_ensemble_kl0p05__v6e_bridge,shared_bounded_ensemble_kl0p05,0,local_plus_32,local_plus_32,local_interior_forward,True,974000,0
108,1010108,screen10__p08__local_minus_32,shared_bounded_ensemble_kl0p05__v6e_bridge,shared_bounded_ensemble_kl0p05,0,local_minus_32,local_minus_32,local_interior_reverse,True,974000,0
109,1010109,screen10__p08__local_plus_24,shared_bounded_ensemble_kl0p05__v6e_bridge,shared_bounded_ensemble_kl0p05,0,local_plus_24,local_plus_24,local_interior_forward,True,974000,0
110,1010110,screen10__p08__local_minus_24,shared_bounded_ensemble_kl0p05__v6e_bridge,shared_bounded_ensemble_kl0p05,0,local_minus_24,local_minus_24,local_interior_reverse,True,974000,0
111,1010111,screen10__p08__local_plus_30,shared_bounded_ensemble_kl0p05__v6e_bridge,shared_bounded_ensemble_kl0p05,0,local_plus_30,local_plus_30,local_boundary_activation,True,974000,0
112,1010112,screen10__p08__local_plus_10,shared_bounded_ensemble_kl0p05__v6e_bridge,shared_bounded_ensemble_kl0p05,0,local_plus_10,local_plus_10,local_boundary_activation,True,974000,0
113,1010113,screen10__p08__local_plus_20,shared_bounded_ensemble_kl0p05__v6e_bridge,shared_bounded_ensemble_kl0p05,0,local_plus_20,local_plus_20,local_boundary_activation,True,974000,0
114,1010114,screen10__p08__control_tied,shared_bounded_ensemble_kl0p05__v6e_bridge,shared_bounded_ensemble_kl0p05,0,control_tied,control_tied,prefix_tied_control,False,974000,0
115,1010115,screen10__p08__control_anchor_repeat,shared_bounded_ensemble_kl0p05__v6e_bridge,shared_bounded_ensemble_kl0p05,0,control_anchor_repeat,local_anchor_fit079,anchor_exposure_noise_control,False,974001,0
116,1010116,screen10__p08__control_local_sentinel_repeat,shared_bounded_ensemble_kl0p05__v6e_bridge,shared_bounded_ensemble_kl0p05,0,control_local_sentinel_repeat,local_plus_24,local_action_exposure_noise_control,False,974002,0
