launch,candidate_id,target,epoch_cap,status,eval_metrics_uri,uncheatable_bpb,uncheatable_macro_bpb,uncheatable_ao3_english_bpb,uncheatable_arxiv_computer_science_bpb,uncheatable_arxiv_physics_bpb,uncheatable_bbc_news_bpb,uncheatable_github_cpp_bpb,uncheatable_github_python_bpb,uncheatable_wikipedia_english_bpb,table9_macro_bpb,table9_wandb_url
kl_ablation,lwspu_u_kl0p005_cap06,uncheatable,6,measured,gs://marin-us-east5/pinlin_calvin_xu/data_mixture/delphi_kl_ablation_3e18_20260908/uncheatable_seed666200/lwspukl_uncheatable_seed666200_lwspu_u_kl0p005_cap06-1f910e/checkpoints/eval_metrics.jsonl,0.982944130897522,0.9868168234825134,1.2380506992340088,0.9699920415878296,1.0334913730621338,1.0783110857009888,0.7489218711853027,0.7285997867584229,1.1103501319885254,1.0920654619433752,https://wandb.ai/marin-community/marin-eval/runs/6usczemg
kl_ablation,lwspu_u_kl0p01_cap06,uncheatable,6,measured,gs://marin-us-east5/pinlin_calvin_xu/data_mixture/delphi_kl_ablation_3e18_20260908/uncheatable_seed666200/lwspukl_uncheatable_seed666200_lwspu_u_kl0p01_cap06-492f15/checkpoints/eval_metrics.jsonl,0.9848459362983704,0.9882691502571106,1.240315556526184,0.9732043743133545,1.0382317304611206,1.0737426280975342,0.7531411647796631,0.7307584881782532,1.108490228652954,1.0941228615221892,https://wandb.ai/marin-community/marin-eval/runs/674mvkrd
kl_ablation,lwspu_u_kl0p025_cap06,uncheatable,6,measured,gs://marin-us-east5/pinlin_calvin_xu/data_mixture/delphi_kl_ablation_3e18_20260908/uncheatable_seed666200/lwspukl_uncheatable_seed666200_lwspu_u_kl0p025_cap06-09f0d5/checkpoints/eval_metrics.jsonl,0.9899393320083618,0.9926432967185974,1.2440351247787476,0.9790887832641602,1.0489193201065063,1.0664072036743164,0.76454758644104,0.7370885014533997,1.1084163188934326,1.0977339015414636,https://wandb.ai/marin-community/marin-eval/runs/iuyyy67y
kl_ablation,lwspu_u_kl0p05_cap06,uncheatable,6,measured,gs://marin-us-east5/pinlin_calvin_xu/data_mixture/delphi_kl_ablation_3e18_20260908/uncheatable_seed666200/lwspukl_uncheatable_seed666200_lwspu_u_kl0p05_cap06-524393/checkpoints/eval_metrics.jsonl,0.993861973285675,0.9960494637489319,1.2441728115081787,0.9831156134605408,1.0573405027389526,1.0612401962280273,0.773321807384491,0.7454508543014526,1.1077041625976562,1.1040727495397555,https://wandb.ai/marin-community/marin-eval/runs/x5h0azbx
kl_ablation,lwspu_u_kl0p075_cap06,uncheatable,6,measured,gs://marin-us-east5/pinlin_calvin_xu/data_mixture/delphi_kl_ablation_3e18_20260908/uncheatable_seed666200/lwspukl_uncheatable_seed666200_lwspu_u_kl0p075_cap06-3e0c77/checkpoints/eval_metrics.jsonl,0.9972678422927856,0.9990953803062439,1.2437751293182373,0.9864341616630554,1.0627295970916748,1.0596492290496826,0.781732439994812,0.7528254985809326,1.1065219640731812,1.111143812669515,https://wandb.ai/marin-community/marin-eval/runs/5a8hh9tc
kl_ablation,lwspu_u_kl0p1_cap06,uncheatable,6,measured,gs://marin-us-east5/pinlin_calvin_xu/data_mixture/delphi_kl_ablation_3e18_20260908/uncheatable_seed666200/lwspukl_uncheatable_seed666200_lwspu_u_kl0p1_cap06-15b67a/checkpoints/eval_metrics.jsonl,0.9992032051086426,1.000645399093628,1.2424490451812744,0.9886612296104431,1.0673173666000366,1.055818796157837,0.7881122827529907,0.7579963803291321,1.104162573814392,1.1235753968483486,https://wandb.ai/marin-community/marin-eval/runs/3pfpj900
kl_ablation,lwspu_u_kl0p2_cap06,uncheatable,6,measured,gs://marin-us-east5/pinlin_calvin_xu/data_mixture/delphi_kl_ablation_3e18_20260908/uncheatable_seed666200/lwspukl_uncheatable_seed666200_lwspu_u_kl0p2_cap06-990815/checkpoints/eval_metrics.jsonl,1.0058088302612305,1.006667971611023,1.2408628463745117,0.9927027821540833,1.0755465030670166,1.051813006401062,0.8073306083679199,0.7747071981430054,1.1037131547927856,1.1319522064558205,https://wandb.ai/marin-community/marin-eval/runs/6qx3i6fs
kl_ablation,lwspu_u_kl0p5_cap06,uncheatable,6,measured,gs://marin-us-east5/pinlin_calvin_xu/data_mixture/delphi_kl_ablation_3e18_20260908/uncheatable_seed666200/lwspukl_uncheatable_seed666200_lwspu_u_kl0p5_cap06-75c946/checkpoints/eval_metrics.jsonl,1.0146889686584473,1.014817476272583,1.23802649974823,0.995856523513794,1.0836234092712402,1.0474858283996582,0.8356576561927795,0.8004673719406128,1.1026051044464111,1.1532007556926078,https://wandb.ai/marin-community/marin-eval/runs/hpc6p2ah
kl_ablation,lwspu_t9_kl0p005_cap08,table9,8,measured,gs://marin-us-east5/pinlin_calvin_xu/data_mixture/delphi_kl_ablation_3e18_20260908/table9_seed662009/lwspukl_table9_seed662009_lwspu_t9_kl0p005_cap08-8997af/checkpoints/eval_metrics.jsonl,0.9997135400772095,1.003751516342163,1.2628763914108276,1.0011184215545654,1.0692369937896729,1.0980983972549438,0.740558922290802,0.7189953327178955,1.1353759765625,1.073366038791488,https://wandb.ai/marin-community/marin-eval/runs/y7tat4kg
kl_ablation,lwspu_t9_kl0p01_cap08,table9,8,measured,gs://marin-us-east5/pinlin_calvin_xu/data_mixture/delphi_kl_ablation_3e18_20260908/table9_seed662009/lwspukl_table9_seed662009_lwspu_t9_kl0p01_cap08-a3a517/checkpoints/eval_metrics.jsonl,0.9974467158317566,1.0013749599456787,1.2604684829711914,0.9983324408531189,1.0677928924560547,1.0938479900360107,0.7393477559089661,0.717421293258667,1.1324135065078735,1.0657045275374049,https://wandb.ai/marin-community/marin-eval/runs/w8xmmiwd
kl_ablation,lwspu_t9_kl0p025_cap08,table9,8,measured,gs://marin-us-east5/pinlin_calvin_xu/data_mixture/delphi_kl_ablation_3e18_20260908/table9_seed662009/lwspukl_table9_seed662009_lwspu_t9_kl0p025_cap08-bd40bc/checkpoints/eval_metrics.jsonl,0.9974141716957092,1.000895380973816,1.257500171661377,0.9984010457992554,1.0699344873428345,1.0854806900024414,0.7439675331115723,0.7227792143821716,1.1282049417495728,1.0727112222564243,https://wandb.ai/marin-community/marin-eval/runs/3guk56db
kl_ablation,lwspu_t9_kl0p05_cap08,table9,8,measured,gs://marin-us-east5/pinlin_calvin_xu/data_mixture/delphi_kl_ablation_3e18_20260908/table9_seed662009/lwspukl_table9_seed662009_lwspu_t9_kl0p05_cap08-cdf3e2/checkpoints/eval_metrics.jsonl,0.9978950619697571,1.0008052587509155,1.2557523250579834,0.9978037476539612,1.0727524757385254,1.0754027366638184,0.75150465965271,0.7284333109855652,1.1239879131317139,1.0830216536192034,https://wandb.ai/marin-community/marin-eval/runs/ziw1kmfb
kl_ablation,lwspu_t9_kl0p075_cap08,table9,8,measured,gs://marin-us-east5/pinlin_calvin_xu/data_mixture/delphi_kl_ablation_3e18_20260908/table9_seed662009/lwspukl_table9_seed662009_lwspu_t9_kl0p075_cap08-b0944b/checkpoints/eval_metrics.jsonl,0.9980232119560242,1.0005260705947876,1.2539341449737549,0.9960384964942932,1.0744315385818481,1.0692832469940186,0.7570722103118896,0.7328884601593018,1.120034098625183,1.0776755804710318,https://wandb.ai/marin-community/marin-eval/runs/530rqpdb
kl_ablation,lwspu_t9_kl0p1_cap08,table9,8,measured,gs://marin-us-east5/pinlin_calvin_xu/data_mixture/delphi_kl_ablation_3e18_20260908/table9_seed662009/lwspukl_table9_seed662009_lwspu_t9_kl0p1_cap08-ec21ec/checkpoints/eval_metrics.jsonl,0.9991305470466614,1.0014317035675049,1.2528276443481445,0.9978641867637634,1.0763715505599976,1.0662317276000977,0.7598109841346741,0.7379837036132812,1.1189321279525757,1.0905708918487802,https://wandb.ai/marin-community/marin-eval/runs/g6ebhjro
kl_ablation,lwspu_t9_kl0p2_cap08,table9,8,measured,gs://marin-us-east5/pinlin_calvin_xu/data_mixture/delphi_kl_ablation_3e18_20260908/table9_seed662009/lwspukl_table9_seed662009_lwspu_t9_kl0p2_cap08-4dc634/checkpoints/eval_metrics.jsonl,1.002577304840088,1.0042369365692139,1.2483772039413452,0.9980047345161438,1.0789117813110352,1.0590147972106934,0.7784867286682129,0.7530025243759155,1.113860845565796,1.1052050236376605,https://wandb.ai/marin-community/marin-eval/runs/d1sugmcg
kl_ablation,lwspu_t9_kl0p5_cap08,table9,8,measured,gs://marin-us-east5/pinlin_calvin_xu/data_mixture/delphi_kl_ablation_3e18_20260908/table9_seed662009/lwspukl_table9_seed662009_lwspu_t9_kl0p5_cap08-40c2d1/checkpoints/eval_metrics.jsonl,1.0089654922485352,1.0097606182098389,1.2424845695495605,0.9981173872947693,1.0820808410644531,1.0514183044433594,0.8071005344390869,0.7796850800514221,1.1074376106262207,1.1255718790651346,https://wandb.ai/marin-community/marin-eval/runs/u6cvsr54
