run_name,kind,block,wave,source,seed_block,effective_buckets,nonzero_buckets,max_epochs,max_epochs_bucket,cc_share,synth_qa_share,stack_share,tv_to_proportional
apriori_swarm_000_baseline_proportional,baseline_proportional,reserved,pilot,reused_panel,0,22.877358719942645,39,0.9053530000000024,dolma3_cc/history_and_geography_high,0.6438412885086966,0.07545387599021865,0.038353502424764985,1.0502124343780839e-15
apriori_swarm_001_baseline_unimax,baseline_unimax,reserved,full,reused_panel,0,30.049087097256255,39,1.2500006255381229,dolma3_cc/literature_high,0.7683745493627865,0.05222377393208012,0.05295382245658203,0.20372279975207067
apriori_swarm_002_baseline_uniform,baseline_uniform,reserved,full,reused_panel,0,39.00000000000008,39,44.2022801683445,dolma3_wikipedia,0.666666666666667,0.02564102564102565,0.0512820512820513,0.3903549798571089
apriori_swarm_003_proportional_repeat_1,proportional_repeat_1,reserved,pilot,new,1,22.877358719942645,39,0.9053530000000024,dolma3_cc/history_and_geography_high,0.6438412885086966,0.07545387599021865,0.038353502424764985,1.0502124343780839e-15
apriori_swarm_004_proportional_repeat_2,proportional_repeat_2,reserved,pilot,new,2,22.877358719942645,39,0.9053530000000024,dolma3_cc/history_and_geography_high,0.6438412885086966,0.07545387599021865,0.038353502424764985,1.0502124343780839e-15
apriori_swarm_005_proportional_repeat_3,proportional_repeat_3,reserved,pilot,new,3,22.877358719942645,39,0.9053530000000024,dolma3_cc/history_and_geography_high,0.6438412885086966,0.07545387599021865,0.038353502424764985,1.0502124343780839e-15
apriori_swarm_006_pctrl_del_dolma3_cc_art_and_design_high,pctrl_del_dolma3_cc_art_and_design_high,reserved,full,reused_panel,0,22.138662495650824,38,0.9203937993736714,dolma3_cc/health_high,0.6379243569640671,0.0767074053988964,0.038990676361614296,0.016341700024386136
apriori_swarm_007_pctrl_del_dolma3_cc_art_and_design_low,pctrl_del_dolma3_cc_art_and_design_low,reserved,full,reused_panel,0,22.441286893265527,38,0.911398222599781,dolma3_cc/health_high,0.6414631457380701,0.07595769657332493,0.03860959641201507,0.0066329102360277075
apriori_swarm_008_pctrl_del_dolma3_cc_crime_and_law_high,pctrl_del_dolma3_cc_crime_and_law_high,reserved,full,reused_panel,0,22.031222680152997,38,0.9257151821302124,dolma3_cc/health_high,0.6358309670643022,0.07715089976474983,0.03921610629497306,0.02199616309992301
apriori_swarm_009_pctrl_del_dolma3_cc_crime_and_law_low,pctrl_del_dolma3_cc_crime_and_law_low,reserved,full,reused_panel,0,22.317659103454734,38,0.9143878911645406,dolmino_synth_qa,0.6402870337642753,0.07620686135340214,0.03873624785134076,0.0098808079720224
apriori_swarm_010_pctrl_del_dolma3_cc_education_and_jobs_high,pctrl_del_dolma3_cc_education_and_jobs_high,reserved,full,reused_panel,0,21.894667729293154,38,0.9391279103779236,dolmino_common_crawl_hq,0.6305545058273174,0.07826874256627957,0.03978431019485668,0.03596412161185861
apriori_swarm_011_pctrl_del_dolma3_cc_education_and_jobs_low,pctrl_del_dolma3_cc_education_and_jobs_low,reserved,full,reused_panel,0,22.111064738707544,38,0.9215877496906608,dolma3_cc/entertainment_high,0.637454666350037,0.07680691153534992,0.03904125572278916,0.017616064987961488
apriori_swarm_012_pctrl_del_dolma3_cc_electronics_and_hardware_high,pctrl_del_dolma3_cc_electronics_and_hardware_high,reserved,full,reused_panel,0,22.083907156173783,38,0.922864999554895,dolmino_common_crawl_hq,0.6369522063527783,0.07691336001772582,0.03909536390574656,0.01897568936230138
apriori_swarm_013_pctrl_del_dolma3_cc_electronics_and_hardware_low,pctrl_del_dolma3_cc_electronics_and_hardware_low,reserved,full,reused_panel,0,22.3513036095462,38,0.9135007480643109,dolmino_synth_qa,0.6406360288451841,0.07613292512579777,0.03869866577556938,0.008919257134243857
apriori_swarm_014_pctrl_del_dolma3_cc_entertainment_high,pctrl_del_dolma3_cc_entertainment_high,reserved,full,reused_panel,0,21.948746271991215,38,0.9637617739647212,dolmino_synth_qa,0.6208637386744759,0.08032177656322684,0.04082787546366077,0.06060499133975628
apriori_swarm_015_pctrl_del_dolma3_cc_entertainment_low,pctrl_del_dolma3_cc_entertainment_low,reserved,full,reused_panel,0,22.030295167894646,38,0.9257707931313608,dolma3_cc/art_and_design_high,0.6358090901361716,0.07715553449350687,0.039218462145859195,0.022054911737167008
apriori_swarm_016_pctrl_del_dolma3_cc_finance_and_business_high,pctrl_del_dolma3_cc_finance_and_business_high,reserved,full,reused_panel,0,22.149915885877427,38,0.9817956549488747,dolma3_cc/literature_high,0.6137693524908509,0.08182475520183574,0.04159184542681728,0.07786004609365887
apriori_swarm_017_pctrl_del_dolma3_cc_finance_and_business_low,pctrl_del_dolma3_cc_finance_and_business_low,reserved,full,reused_panel,0,21.889861806278873,38,0.9402354157941673,dolma3_cc/literature_high,0.6301188219537134,0.07836104421694588,0.03983122748752299,0.03709966164665528
apriori_swarm_018_pctrl_del_dolma3_cc_food_and_dining_high,pctrl_del_dolma3_cc_food_and_dining_high,reserved,full,reused_panel,0,21.99535064548881,38,0.9280465474265339,dolmino_common_crawl_hq,0.634913826391047,0.07734520027290145,0.03931487000873497,0.02445302715630116
apriori_swarm_019_pctrl_del_dolma3_cc_food_and_dining_low,pctrl_del_dolma3_cc_food_and_dining_low,reserved,full,reused_panel,0,22.249653108287227,38,0.916382776178755,dolma3_cc/health_high,0.6395022617734211,0.07637311894185354,0.03882075723854078,0.012036210703072063
apriori_swarm_020_pctrl_del_dolma3_cc_games_high,pctrl_del_dolma3_cc_games_high,reserved,full,reused_panel,0,21.915702290334256,38,0.9356108297479971,dolma3_cc/health_low,0.6319380975372533,0.07797562224117095,0.039635315978823776,0.03234018759289655
apriori_swarm_021_pctrl_del_dolma3_cc_games_low,pctrl_del_dolma3_cc_games_low,reserved,full,reused_panel,0,22.24705105847918,38,0.916465112505285,dolma3_cc/electronics_and_hardware_high,0.639469871313605,0.07637998101109227,0.03882424525536879,0.012124970556606579
apriori_swarm_022_pctrl_del_dolma3_cc_health_high,pctrl_del_dolma3_cc_health_high,reserved,full,reused_panel,0,21.963408509693544,38,0.9655353916295352,dolma3_cc/entertainment_high,0.6201660115092947,0.08046959330137747,0.040903011294003186,0.06233059103919937
apriori_swarm_023_pctrl_del_dolma3_cc_health_low,pctrl_del_dolma3_cc_health_low,reserved,full,reused_panel,0,21.96900402428638,38,0.9300603866170565,dolma3_stack_edu,0.6341215979771057,0.07751303753918976,0.039400182352402974,0.026565357446223906
apriori_swarm_024_pctrl_del_dolma3_cc_history_and_geography_high,pctrl_del_dolma3_cc_history_and_geography_high,reserved,full,reused_panel,0,22.077025440797403,38,0.9232070489077054,dolma3_cc/food_and_dining_high,0.6368176468419984,0.07694186707458597,0.03910985415505518,0.019339160082051225
apriori_swarm_025_pctrl_del_dolma3_cc_history_and_geography_low,pctrl_del_dolma3_cc_history_and_geography_low,reserved,full,reused_panel,0,22.500658674275083,38,0.9101971185501528,dolmino_common_crawl_hq,0.6419356505739542,0.07585759423091046,0.038558713997001476,0.005322054367594209
apriori_swarm_026_pctrl_del_dolma3_cc_industrial_high,pctrl_del_dolma3_cc_industrial_high,reserved,full,reused_panel,0,22.259939742918643,38,0.9160619107011898,dolma3_cc/food_and_dining_high,0.6396284877151824,0.07634637739026676,0.038807164402517975,0.011690160431396458
apriori_swarm_027_pctrl_del_dolma3_cc_industrial_low,pctrl_del_dolma3_cc_industrial_low,reserved,full,reused_panel,0,22.46064140235528,38,0.9109916659573484,dolmino_common_crawl_hq,0.6416230819065223,0.07592381335376183,0.03859237343802447,0.006189591154406142
apriori_swarm_028_pctrl_del_dolma3_cc_literature_high,pctrl_del_dolma3_cc_literature_high,reserved,full,reused_panel,0,21.89033954945502,38,0.9401161328236742,dolma3_cc/health_high,0.630165746931124,0.07835110294269894,0.03982617429865857,0.03697748779106755
apriori_swarm_029_pctrl_del_dolma3_cc_literature_low,pctrl_del_dolma3_cc_literature_low,reserved,full,reused_panel,0,22.318386792766443,38,0.9143680541731738,dolma3_cc/entertainment_high,0.6402948374798257,0.07620520810004502,0.038735407496146165,0.009859327578241737
apriori_swarm_030_pctrl_del_dolma3_cc_science_math_and_technology_high,pctrl_del_dolma3_cc_science_math_and_technology_high,reserved,full,reused_panel,0,21.900529790180094,38,0.9379826486074438,dolmino_common_crawl_hq,0.6310050427521345,0.07817329422777942,0.03973579342836776,0.034787049265661577
apriori_swarm_031_pctrl_del_dolma3_cc_science_math_and_technology_low,pctrl_del_dolma3_cc_science_math_and_technology_low,reserved,full,reused_panel,0,22.1492092484788,38,0.9199617984171594,dolma3_cc/literature_high,0.6380943027244879,0.07667140160081945,0.03897237548921088,0.015879788098042
apriori_swarm_032_pctrl_del_dolma3_stack_edu,pctrl_del_dolma3_stack_edu,reserved,full,reused_panel,0,22.079826886592226,38,0.9230668418644945,dolma3_cc/literature_high,0.6564384774178559,0.07693018194751233,0.01953824032524084,0.019190204935444353
apriori_swarm_033_pctrl_del_dolma3_arxiv,pctrl_del_dolma3_arxiv,reserved,full,reused_panel,0,22.56580144798888,38,0.909027080767169,dolma3_cc/literature_high,0.6464541090275635,0.07576008101144666,0.038509147643383874,0.004041772621412755
apriori_swarm_034_pctrl_del_dolma3_finemath_3plus,pctrl_del_dolma3_finemath_3plus,reserved,full,reused_panel,0,22.522915092061975,38,0.9097807587502742,dolmino_common_crawl_hq,0.6469900867111443,0.07582289399718128,0.038541075731491486,0.004866841497455679
apriori_swarm_035_pctrl_del_dolma3_wikipedia,pctrl_del_dolma3_wikipedia,reserved,full,reused_panel,0,22.81228099817897,38,0.9058287236616692,dolmino_common_crawl_hq,0.6441795991293073,0.07549352372339353,0.03837365552373437,0.0005251805879428554
apriori_swarm_036_pctrl_del_dolmino_common_crawl_hq,pctrl_del_dolmino_common_crawl_hq,reserved,full,reused_panel,0,26.074688056124362,38,1.1157804508306381,dolma3_cc/health_low,0.7934866545486798,0.0929913081077602,0.047267848260775694,0.18859216494964132
apriori_swarm_037_pctrl_del_dolmino_olmocr_pdfs_hq,pctrl_del_dolmino_olmocr_pdfs_hq,reserved,full,reused_panel,0,21.93894000825687,38,0.9328455947528853,dolma3_cc/industrial_high,0.6633926321615523,0.07774516219033444,0.039518172227060666,0.02947175278258923
apriori_swarm_038_pctrl_del_dolmino_stack_edu_fim,pctrl_del_dolmino_stack_edu_fim,reserved,full,reused_panel,0,22.080335714440857,38,0.9230415192279627,dolma3_cc/health_high,0.6564204692387995,0.07692807150984154,0.019565137485497534,0.019163297489322495
apriori_swarm_039_pctrl_del_dolmino_stem_heavy_crawl,pctrl_del_dolmino_stem_heavy_crawl,reserved,full,reused_panel,0,22.79090115685273,38,0.9060291409303686,dolmino_synth_qa,0.6443221257598244,0.07551022688750605,0.03838214580785679,0.000746268414361117
apriori_swarm_040_pctrl_del_dolmino_synth_code,pctrl_del_dolmino_synth_code,reserved,full,reused_panel,0,22.644273143110716,38,0.9078037379041463,dolma3_cc/literature_high,0.6455841294226841,0.07565812524316624,0.03845732312470087,0.002699634074875157
apriori_swarm_041_pctrl_del_dolmino_synth_instruction,pctrl_del_dolmino_synth_instruction,reserved,full,reused_panel,0,22.652330042325186,38,0.9076890488220272,dolmino_common_crawl_hq,0.6455025683449503,0.07564856683249144,0.03845246454689847,0.002573622349038803
apriori_swarm_042_pctrl_del_dolmino_synth_math,pctrl_del_dolmino_synth_math,reserved,full,reused_panel,0,22.61813772373633,38,0.9081895709163745,dolma3_cc/entertainment_high,0.6458585143573364,0.07569028131517083,0.038473668182783166,0.0031233246969695895
apriori_swarm_043_pctrl_del_dolmino_synth_qa,pctrl_del_dolmino_synth_qa,reserved,full,reused_panel,0,22.11482959849982,38,0.979240490537629,dolmino_common_crawl_hq,0.6963863368074483,0.0,0.04148360090292177,0.0754538759902196
apriori_swarm_044_pctrl_del_dolmino_synth_thinking,pctrl_del_dolmino_synth_thinking,reserved,full,reused_panel,0,22.48235896617986,38,0.9105529595281546,dolma3_cc/health_high,0.6475392368700524,0.07588725070857864,0.03857378850143517,0.005710771102043263
apriori_swarm_045_anchor_B_small_pools_forward,anchor_B_small_pools_forward,anchor,pilot,new,0,11.363408587827779,39,1.909343976871271,dolmino_stem_heavy_crawl,0.28932198140081156,0.15912843239434296,0.040442804545101574,0.35451930710788465
apriori_swarm_046_anchor_C_code_math_forward,anchor_C_code_math_forward,anchor,full,new,0,13.928282295951355,39,4.5000666933452385,dolma3_stack_edu,0.26668499636959897,0.12501476375416898,0.19063649077743236,0.3771562921390974
apriori_swarm_047_anchor_D_cc_half_no_low,anchor_D_cc_half_no_low,anchor,full,new,0,7.579088296214774,26,2.192848123778578,dolma3_arxiv,0.13735088715550717,0.18275621817895588,0.092895705688812,0.5064904013531891
apriori_swarm_048_anchor_B_small_pools_forward_repeat,anchor_B_small_pools_forward_repeat,anchor,pilot,new,1,11.363408587827779,39,1.909343976871271,dolmino_stem_heavy_crawl,0.28932198140081156,0.15912843239434296,0.040442804545101574,0.35451930710788465
apriori_swarm_049_subsample_A_proportional_dolmino_synth_qa_pool0.5_block0,subsample_A_proportional_dolmino_synth_qa_pool0.5_block0,subsampled_pool,pilot,new,0,22.877358719942645,39,1.8107060000000026,dolmino_synth_qa,0.6438412885086966,0.07545387599021865,0.038353502424764985,1.0502124343780839e-15
apriori_swarm_050_subsample_A_proportional_dolmino_synth_qa_pool0.25_block0,subsample_A_proportional_dolmino_synth_qa_pool0.25_block0,subsampled_pool,pilot,new,0,22.877358719942645,39,3.621412000000005,dolmino_synth_qa,0.6438412885086966,0.07545387599021865,0.038353502424764985,1.0502124343780839e-15
apriori_swarm_051_subsample_A_proportional_dolmino_olmocr_pdfs_hq_pool0.5_block0,subsample_A_proportional_dolmino_olmocr_pdfs_hq_pool0.5_block0,subsampled_pool,pilot,new,0,22.877358719942645,39,1.8107060000000008,dolmino_olmocr_pdfs_hq,0.6438412885086966,0.07545387599021865,0.038353502424764985,1.0502124343780839e-15
apriori_swarm_052_subsample_A_proportional_dolmino_olmocr_pdfs_hq_pool0.25_block0,subsample_A_proportional_dolmino_olmocr_pdfs_hq_pool0.25_block0,subsampled_pool,pilot,new,0,22.877358719942645,39,3.6214120000000016,dolmino_olmocr_pdfs_hq,0.6438412885086966,0.07545387599021865,0.038353502424764985,1.0502124343780839e-15
apriori_swarm_053_subsample_A_proportional_dolma3_stack_edu_pool0.5_block0,subsample_A_proportional_dolma3_stack_edu_pool0.5_block0,subsampled_pool,pilot,new,0,22.877358719942645,39,1.8107059999999968,dolma3_stack_edu,0.6438412885086966,0.07545387599021865,0.038353502424764985,1.0502124343780839e-15
apriori_swarm_054_subsample_A_proportional_dolma3_stack_edu_pool0.25_block0,subsample_A_proportional_dolma3_stack_edu_pool0.25_block0,subsampled_pool,pilot,new,0,22.877358719942645,39,3.6214119999999936,dolma3_stack_edu,0.6438412885086966,0.07545387599021865,0.038353502424764985,1.0502124343780839e-15
apriori_swarm_055_subsample_A_proportional_cc_high_group_pool0.5_block0,subsample_A_proportional_cc_high_group_pool0.5_block0,subsampled_pool,pilot,new,0,22.877358719942645,39,1.8107060000000048,dolma3_cc/history_and_geography_high,0.6438412885086966,0.07545387599021865,0.038353502424764985,1.0502124343780839e-15
apriori_swarm_056_subsample_A_proportional_cc_high_group_pool0.25_block0,subsample_A_proportional_cc_high_group_pool0.25_block0,subsampled_pool,pilot,new,0,22.877358719942645,39,3.6214120000000096,dolma3_cc/history_and_geography_high,0.6438412885086966,0.07545387599021865,0.038353502424764985,1.0502124343780839e-15
apriori_swarm_057_subsample_B_small_pools_forward_dolmino_synth_qa_pool0.5_block0,subsample_B_small_pools_forward_dolmino_synth_qa_pool0.5_block0,subsampled_pool,pilot,new,0,11.363408587827779,39,3.818687953742542,dolmino_synth_qa,0.28932198140081156,0.15912843239434296,0.040442804545101574,0.35451930710788465
apriori_swarm_058_subsample_B_small_pools_forward_dolmino_synth_qa_pool0.25_block0,subsample_B_small_pools_forward_dolmino_synth_qa_pool0.25_block0,subsampled_pool,pilot,new,0,11.363408587827779,39,7.637375907485084,dolmino_synth_qa,0.28932198140081156,0.15912843239434296,0.040442804545101574,0.35451930710788465
apriori_swarm_059_subsample_B_small_pools_forward_dolmino_olmocr_pdfs_hq_pool0.5_block0,subsample_B_small_pools_forward_dolmino_olmocr_pdfs_hq_pool0.5_block0,subsampled_pool,pilot,new,0,11.363408587827779,39,3.8186879537425416,dolmino_olmocr_pdfs_hq,0.28932198140081156,0.15912843239434296,0.040442804545101574,0.35451930710788465
apriori_swarm_060_subsample_B_small_pools_forward_dolmino_olmocr_pdfs_hq_pool0.25_block0,subsample_B_small_pools_forward_dolmino_olmocr_pdfs_hq_pool0.25_block0,subsampled_pool,pilot,new,0,11.363408587827779,39,7.637375907485083,dolmino_olmocr_pdfs_hq,0.28932198140081156,0.15912843239434296,0.040442804545101574,0.35451930710788465
apriori_swarm_061_subsample_B_small_pools_forward_dolma3_stack_edu_pool0.5_block0,subsample_B_small_pools_forward_dolma3_stack_edu_pool0.5_block0,subsampled_pool,pilot,new,0,11.363408587827779,39,1.909343976871271,dolmino_stem_heavy_crawl,0.28932198140081156,0.15912843239434296,0.040442804545101574,0.35451930710788465
apriori_swarm_062_subsample_B_small_pools_forward_dolma3_stack_edu_pool0.25_block0,subsample_B_small_pools_forward_dolma3_stack_edu_pool0.25_block0,subsampled_pool,pilot,new,0,11.363408587827779,39,3.8186879537425416,dolma3_stack_edu,0.28932198140081156,0.15912843239434296,0.040442804545101574,0.35451930710788465
apriori_swarm_063_subsample_B_small_pools_forward_cc_high_group_pool0.5_block0,subsample_B_small_pools_forward_cc_high_group_pool0.5_block0,subsampled_pool,pilot,new,0,11.363408587827779,39,1.909343976871271,dolmino_stem_heavy_crawl,0.28932198140081156,0.15912843239434296,0.040442804545101574,0.35451930710788465
apriori_swarm_064_subsample_B_small_pools_forward_cc_high_group_pool0.25_block0,subsample_B_small_pools_forward_cc_high_group_pool0.25_block0,subsampled_pool,pilot,new,0,11.363408587827779,39,1.909343976871271,dolmino_stem_heavy_crawl,0.28932198140081156,0.15912843239434296,0.040442804545101574,0.35451930710788465
apriori_swarm_065_subsample_A_proportional_dolmino_synth_qa_pool0.5_block1,subsample_A_proportional_dolmino_synth_qa_pool0.5_block1,subsampled_pool,pilot,new,1,22.877358719942645,39,1.8107060000000026,dolmino_synth_qa,0.6438412885086966,0.07545387599021865,0.038353502424764985,1.0502124343780839e-15
apriori_swarm_066_subsample_A_proportional_dolmino_synth_qa_pool0.25_block1,subsample_A_proportional_dolmino_synth_qa_pool0.25_block1,subsampled_pool,pilot,new,1,22.877358719942645,39,3.621412000000005,dolmino_synth_qa,0.6438412885086966,0.07545387599021865,0.038353502424764985,1.0502124343780839e-15
apriori_swarm_067_subsample_A_proportional_dolmino_olmocr_pdfs_hq_pool0.5_block1,subsample_A_proportional_dolmino_olmocr_pdfs_hq_pool0.5_block1,subsampled_pool,pilot,new,1,22.877358719942645,39,1.8107060000000008,dolmino_olmocr_pdfs_hq,0.6438412885086966,0.07545387599021865,0.038353502424764985,1.0502124343780839e-15
apriori_swarm_068_subsample_A_proportional_dolmino_olmocr_pdfs_hq_pool0.25_block1,subsample_A_proportional_dolmino_olmocr_pdfs_hq_pool0.25_block1,subsampled_pool,pilot,new,1,22.877358719942645,39,3.6214120000000016,dolmino_olmocr_pdfs_hq,0.6438412885086966,0.07545387599021865,0.038353502424764985,1.0502124343780839e-15
apriori_swarm_069_subsample_A_proportional_dolma3_stack_edu_pool0.5_block1,subsample_A_proportional_dolma3_stack_edu_pool0.5_block1,subsampled_pool,pilot,new,1,22.877358719942645,39,1.8107059999999968,dolma3_stack_edu,0.6438412885086966,0.07545387599021865,0.038353502424764985,1.0502124343780839e-15
apriori_swarm_070_subsample_A_proportional_dolma3_stack_edu_pool0.25_block1,subsample_A_proportional_dolma3_stack_edu_pool0.25_block1,subsampled_pool,pilot,new,1,22.877358719942645,39,3.6214119999999936,dolma3_stack_edu,0.6438412885086966,0.07545387599021865,0.038353502424764985,1.0502124343780839e-15
apriori_swarm_071_subsample_A_proportional_cc_high_group_pool0.5_block1,subsample_A_proportional_cc_high_group_pool0.5_block1,subsampled_pool,pilot,new,1,22.877358719942645,39,1.8107060000000048,dolma3_cc/history_and_geography_high,0.6438412885086966,0.07545387599021865,0.038353502424764985,1.0502124343780839e-15
apriori_swarm_072_subsample_A_proportional_cc_high_group_pool0.25_block1,subsample_A_proportional_cc_high_group_pool0.25_block1,subsampled_pool,pilot,new,1,22.877358719942645,39,3.6214120000000096,dolma3_cc/history_and_geography_high,0.6438412885086966,0.07545387599021865,0.038353502424764985,1.0502124343780839e-15
apriori_swarm_073_subsample_B_small_pools_forward_dolmino_synth_qa_pool0.5_block1,subsample_B_small_pools_forward_dolmino_synth_qa_pool0.5_block1,subsampled_pool,pilot,new,1,11.363408587827779,39,3.818687953742542,dolmino_synth_qa,0.28932198140081156,0.15912843239434296,0.040442804545101574,0.35451930710788465
apriori_swarm_074_subsample_B_small_pools_forward_dolmino_synth_qa_pool0.25_block1,subsample_B_small_pools_forward_dolmino_synth_qa_pool0.25_block1,subsampled_pool,pilot,new,1,11.363408587827779,39,7.637375907485084,dolmino_synth_qa,0.28932198140081156,0.15912843239434296,0.040442804545101574,0.35451930710788465
apriori_swarm_075_subsample_B_small_pools_forward_dolmino_olmocr_pdfs_hq_pool0.5_block1,subsample_B_small_pools_forward_dolmino_olmocr_pdfs_hq_pool0.5_block1,subsampled_pool,pilot,new,1,11.363408587827779,39,3.8186879537425416,dolmino_olmocr_pdfs_hq,0.28932198140081156,0.15912843239434296,0.040442804545101574,0.35451930710788465
apriori_swarm_076_subsample_B_small_pools_forward_dolmino_olmocr_pdfs_hq_pool0.25_block1,subsample_B_small_pools_forward_dolmino_olmocr_pdfs_hq_pool0.25_block1,subsampled_pool,pilot,new,1,11.363408587827779,39,7.637375907485083,dolmino_olmocr_pdfs_hq,0.28932198140081156,0.15912843239434296,0.040442804545101574,0.35451930710788465
apriori_swarm_077_subsample_B_small_pools_forward_dolma3_stack_edu_pool0.5_block1,subsample_B_small_pools_forward_dolma3_stack_edu_pool0.5_block1,subsampled_pool,pilot,new,1,11.363408587827779,39,1.909343976871271,dolmino_stem_heavy_crawl,0.28932198140081156,0.15912843239434296,0.040442804545101574,0.35451930710788465
apriori_swarm_078_subsample_B_small_pools_forward_dolma3_stack_edu_pool0.25_block1,subsample_B_small_pools_forward_dolma3_stack_edu_pool0.25_block1,subsampled_pool,pilot,new,1,11.363408587827779,39,3.8186879537425416,dolma3_stack_edu,0.28932198140081156,0.15912843239434296,0.040442804545101574,0.35451930710788465
apriori_swarm_079_subsample_B_small_pools_forward_cc_high_group_pool0.5_block1,subsample_B_small_pools_forward_cc_high_group_pool0.5_block1,subsampled_pool,pilot,new,1,11.363408587827779,39,1.909343976871271,dolmino_stem_heavy_crawl,0.28932198140081156,0.15912843239434296,0.040442804545101574,0.35451930710788465
apriori_swarm_080_subsample_B_small_pools_forward_cc_high_group_pool0.25_block1,subsample_B_small_pools_forward_cc_high_group_pool0.25_block1,subsampled_pool,pilot,new,1,11.363408587827779,39,1.909343976871271,dolmino_stem_heavy_crawl,0.28932198140081156,0.15912843239434296,0.040442804545101574,0.35451930710788465
apriori_swarm_081_subsample_D_cc_half_no_low_dolmino_stack_edu_fim_pool0.5_block0,subsample_D_cc_half_no_low_dolmino_stack_edu_fim_pool0.5_block0,subsampled_pool,full,new,0,7.579088296214774,26,4.3856962475571555,dolmino_stack_edu_fim,0.13735088715550717,0.18275621817895588,0.092895705688812,0.5064904013531891
apriori_swarm_082_subsample_D_cc_half_no_low_dolmino_stack_edu_fim_pool0.25_block0,subsample_D_cc_half_no_low_dolmino_stack_edu_fim_pool0.25_block0,subsampled_pool,full,new,0,7.579088296214774,26,8.771392495114311,dolmino_stack_edu_fim,0.13735088715550717,0.18275621817895588,0.092895705688812,0.5064904013531891
apriori_swarm_083_subsample_D_cc_half_no_low_dolma3_wikipedia_pool0.5_block0,subsample_D_cc_half_no_low_dolma3_wikipedia_pool0.5_block0,subsampled_pool,full,new,0,7.579088296214774,26,4.385696247557156,dolma3_wikipedia,0.13735088715550717,0.18275621817895588,0.092895705688812,0.5064904013531891
apriori_swarm_084_subsample_D_cc_half_no_low_dolma3_wikipedia_pool0.25_block0,subsample_D_cc_half_no_low_dolma3_wikipedia_pool0.25_block0,subsampled_pool,full,new,0,7.579088296214774,26,8.771392495114313,dolma3_wikipedia,0.13735088715550717,0.18275621817895588,0.092895705688812,0.5064904013531891
apriori_swarm_085_subsample_D_cc_half_no_low_dolmino_stem_heavy_crawl_pool0.5_block0,subsample_D_cc_half_no_low_dolmino_stem_heavy_crawl_pool0.5_block0,subsampled_pool,full,new,0,7.579088296214774,26,4.3856962475571555,dolmino_stem_heavy_crawl,0.13735088715550717,0.18275621817895588,0.092895705688812,0.5064904013531891
apriori_swarm_086_subsample_D_cc_half_no_low_dolmino_stem_heavy_crawl_pool0.25_block0,subsample_D_cc_half_no_low_dolmino_stem_heavy_crawl_pool0.25_block0,subsampled_pool,full,new,0,7.579088296214774,26,8.771392495114311,dolmino_stem_heavy_crawl,0.13735088715550717,0.18275621817895588,0.092895705688812,0.5064904013531891
apriori_swarm_087_subsample_D_cc_half_no_low_dolmino_synth_math_pool0.5_block0,subsample_D_cc_half_no_low_dolmino_synth_math_pool0.5_block0,subsampled_pool,full,new,0,7.579088296214774,26,4.3856962475571555,dolmino_synth_math,0.13735088715550717,0.18275621817895588,0.092895705688812,0.5064904013531891
apriori_swarm_088_subsample_D_cc_half_no_low_dolmino_synth_math_pool0.25_block0,subsample_D_cc_half_no_low_dolmino_synth_math_pool0.25_block0,subsampled_pool,full,new,0,7.579088296214774,26,8.771392495114311,dolmino_synth_math,0.13735088715550717,0.18275621817895588,0.092895705688812,0.5064904013531891
apriori_swarm_089_lhs_type_epoch_ratios_000,lhs_type_epoch_ratios_000,lhs,full,new,0,14.833965532259695,39,7.719231697982795,dolmino_synth_math,0.31452408101526674,0.2852773254430291,0.25220703960424545,0.5170629234279767
apriori_swarm_090_lhs_type_epoch_ratios_001,lhs_type_epoch_ratios_001,lhs,full,new,0,7.560441635833968,39,3.4975818817013726,dolma3_arxiv,0.1937119143501114,0.06827027715670443,0.12588811934567076,0.46579939019978717
apriori_swarm_091_lhs_type_epoch_ratios_002,lhs_type_epoch_ratios_002,lhs,full,new,0,8.77292811929164,39,6.774112081046954,dolmino_synth_instruction,0.23969602393455955,0.33028213980290805,0.005397602115130042,0.4444974552896238
apriori_swarm_092_lhs_type_epoch_ratios_003,lhs_type_epoch_ratios_003,lhs,full,new,0,20.841881204217046,39,6.292123186863052,dolmino_stack_edu_fim,0.5494432581577819,0.014648935395936511,0.2349120206385557,0.26885495268338233
apriori_swarm_093_lhs_type_epoch_ratios_004,lhs_type_epoch_ratios_004,lhs,full,new,0,20.7006388935229,39,4.371510082600124,dolmino_synth_math,0.5430302084194863,0.2810934781909431,0.061714774356356195,0.3902003008760581
apriori_swarm_094_lhs_type_epoch_ratios_005,lhs_type_epoch_ratios_005,lhs,full,new,0,16.704296760099908,39,9.79967009151653,dolmino_synth_code,0.3713929189664206,0.34530121245064316,0.05714491955636064,0.4096269565072723
apriori_swarm_095_lhs_type_epoch_ratios_006,lhs_type_epoch_ratios_006,lhs,full,new,0,18.679202204179408,39,5.476110021535484,dolma3_stack_edu,0.42282091031070324,0.025850318600272145,0.2232548037546911,0.3477933325832954
apriori_swarm_096_lhs_type_epoch_ratios_007,lhs_type_epoch_ratios_007,lhs,full,new,0,20.377896955681535,39,8.612949931206606,dolmino_stack_edu_fim,0.5378997300697845,0.06669765293257095,0.3016537607950818,0.4746680676584351
apriori_swarm_097_lhs_type_epoch_ratios_008,lhs_type_epoch_ratios_008,lhs,full,new,0,8.294254318379448,39,8.94171565744129,dolma3_stack_edu,0.1313176942435734,0.37390625828838847,0.30697501910891073,0.6012418027847224
apriori_swarm_098_lhs_type_epoch_ratios_009,lhs_type_epoch_ratios_009,lhs,full,new,0,5.688851386991055,39,3.744085427098628,dolmino_olmocr_pdfs_hq,0.14504820351620917,0.10144589662495392,0.008396301601248688,0.5349000060236808
apriori_swarm_099_lhs_type_epoch_ratios_010,lhs_type_epoch_ratios_010,lhs,full,new,0,21.818754624246594,39,2.1646266409004347,dolma3_cc/literature_high,0.7690220722231341,0.06047108066538778,0.06641551649559821,0.28197742712780094
apriori_swarm_100_lhs_type_epoch_ratios_011,lhs_type_epoch_ratios_011,lhs,full,new,0,3.8642684512051133,39,4.418249635887164,dolmino_olmocr_pdfs_hq,0.07158697922477669,0.0739456615769844,0.01070977298108642,0.6050363431489811
apriori_swarm_101_lhs_type_epoch_ratios_012,lhs_type_epoch_ratios_012,lhs,full,new,0,10.181832416616901,39,5.290921640424112,dolma3_arxiv,0.24489424528174475,0.24833243569734584,0.0036612610135490506,0.4336392846381675
apriori_swarm_102_lhs_type_epoch_ratios_013,lhs_type_epoch_ratios_013,lhs,full,new,0,10.102191177773546,39,6.411611035253385,dolmino_stack_edu_fim,0.2220682059417718,0.4006806591117538,0.25595403098422714,0.5954992028305174
apriori_swarm_103_lhs_type_epoch_ratios_014,lhs_type_epoch_ratios_014,lhs,full,new,0,23.043253582879927,39,1.8648249681051061,dolma3_cc/electronics_and_hardware_low,0.7239698211016498,0.07488020413156105,0.04604718685476132,0.16698626795913293
apriori_swarm_104_lhs_type_epoch_ratios_015,lhs_type_epoch_ratios_015,lhs,full,new,0,19.65195400183472,39,4.463189100571691,dolma3_stack_edu,0.5458069709936936,0.0872304974515577,0.1480934317453181,0.236438327988076
apriori_swarm_105_lhs_type_epoch_ratios_016,lhs_type_epoch_ratios_016,lhs,full,new,0,9.568053574038949,39,3.2495044938075663,dolmino_stack_edu_fim,0.29589509568810834,0.03478843042110001,0.13141099806531192,0.39932654122277594
apriori_swarm_106_lhs_type_epoch_ratios_017,lhs_type_epoch_ratios_017,lhs,full,new,0,13.097879524992575,39,4.019591270555181,dolmino_olmocr_pdfs_hq,0.41851006285680514,0.022881214362025722,0.02742042461383763,0.35189128578327855
apriori_swarm_107_lhs_type_epoch_ratios_018,lhs_type_epoch_ratios_018,lhs,full,new,0,24.87539301828513,39,2.9824614020390894,dolma3_cc/education_and_jobs_low,0.6641581317534092,0.052062340407994526,0.06504606323587957,0.16956058741028548
apriori_swarm_108_lhs_type_epoch_ratios_019,lhs_type_epoch_ratios_019,lhs,full,new,0,12.687441886640809,39,11.850735148126036,dolmino_stack_edu_fim,0.3323541682779422,0.03273877397302552,0.34559869937326204,0.3740404204705228
apriori_swarm_109_lhs_type_epoch_ratios_020,lhs_type_epoch_ratios_020,lhs,full,new,0,22.379242419932307,39,6.484189772496708,dolma3_stack_edu,0.6874341552846339,0.021262161420242103,0.2143473913787252,0.2934805449588869
apriori_swarm_110_lhs_type_epoch_ratios_021,lhs_type_epoch_ratios_021,lhs,full,new,0,18.511627026823465,39,3.224059026292112,dolmino_synth_code,0.4515772867737305,0.19264308795160595,0.09614297719665602,0.21576842444972075
apriori_swarm_111_lhs_type_epoch_ratios_022,lhs_type_epoch_ratios_022,lhs,full,new,0,17.055344990964993,39,3.4625012839599787,dolmino_synth_math,0.5466650498853266,0.24307596632549813,0.03346592985918796,0.2746768592969151
apriori_swarm_112_lhs_type_epoch_ratios_023,lhs_type_epoch_ratios_023,lhs,full,new,0,12.797896685384952,39,10.74740122368063,dolmino_synth_math,0.18936486905326658,0.305458064321513,0.1151253278412526,0.46095206708943137
apriori_swarm_113_lhs_type_epoch_ratios_024,lhs_type_epoch_ratios_024,lhs,full,new,0,7.9676966313204955,39,2.511070219479429,dolma3_wikipedia,0.27286388688659674,0.13103885058244752,0.00808171957073133,0.40574941470908177
apriori_swarm_114_lhs_type_epoch_ratios_025,lhs_type_epoch_ratios_025,lhs,full,new,0,24.9332374204117,39,3.9398249605920177,dolma3_finemath_3plus,0.6524497335036256,0.059801940786529416,0.0629237208689105,0.15438035078902393
apriori_swarm_115_lhs_type_epoch_ratios_026,lhs_type_epoch_ratios_026,lhs,full,new,0,13.660497897453057,39,3.00621221375965,dolmino_stem_heavy_crawl,0.425139386024271,0.013141845739550363,0.10704766340886264,0.3010027330473691
apriori_swarm_116_lhs_type_epoch_ratios_027,lhs_type_epoch_ratios_027,lhs,full,new,0,3.9709990252237968,39,4.234196405427057,dolma3_wikipedia,0.15637088255713313,0.010503177274001485,0.003348441372347784,0.5995295604762099
apriori_swarm_117_lhs_type_epoch_ratios_028,lhs_type_epoch_ratios_028,lhs,full,new,0,10.79973641904774,39,3.2416511045288603,dolmino_synth_thinking,0.2468255187686253,0.23595900116287816,0.055571299372165414,0.3971681431724793
apriori_swarm_118_lhs_type_epoch_ratios_029,lhs_type_epoch_ratios_029,lhs,full,new,0,9.776092108664178,39,4.024545768230902,dolma3_wikipedia,0.36582418573776493,0.00866275030832479,0.014313221699525983,0.3812002332255854
apriori_swarm_119_lhs_type_epoch_ratios_030,lhs_type_epoch_ratios_030,lhs,full,new,0,10.207629780814385,39,6.052120205571891,dolma3_finemath_3plus,0.20634825136599527,0.38890812565477295,0.07309155379955479,0.4400286171016479
apriori_swarm_120_lhs_type_epoch_ratios_031,lhs_type_epoch_ratios_031,lhs,full,new,0,5.866166018343111,39,7.228800955638658,dolmino_synth_qa,0.11432664828967613,0.6024623001909007,0.03799478332496294,0.5981745236092919
apriori_swarm_121_lhs_type_epoch_ratios_032,lhs_type_epoch_ratios_032,lhs,full,new,0,10.618488459874884,39,6.674792834013915,dolma3_arxiv,0.2950481459041557,0.1255092622566135,0.005310569065629421,0.4023368286630831
apriori_swarm_122_lhs_type_epoch_ratios_033,lhs_type_epoch_ratios_033,lhs,full,new,0,20.83859960013168,39,10.325100694748997,dolma3_finemath_3plus,0.7817421346011444,0.013543357065518808,0.010418395734771338,0.2857848414563696
apriori_swarm_123_lhs_type_epoch_ratios_034,lhs_type_epoch_ratios_034,lhs,full,new,0,8.629615308376795,39,3.9808110318767636,dolmino_synth_qa,0.20838431929010198,0.3317685167439918,0.019731310031398212,0.45448203794364056
apriori_swarm_124_lhs_type_epoch_ratios_035,lhs_type_epoch_ratios_035,lhs,full,new,0,11.183807092071728,39,6.956693617920358,dolma3_stack_edu,0.28012591559562183,0.0123005896510464,0.2676782363713548,0.4435571730763825
apriori_swarm_125_lhs_type_epoch_ratios_036,lhs_type_epoch_ratios_036,lhs,full,new,0,8.21349032468431,39,3.5505369308605417,dolmino_stem_heavy_crawl,0.2670339075040532,0.016189580274506305,0.05805776333138021,0.45094413049899296
apriori_swarm_126_lhs_type_epoch_ratios_037,lhs_type_epoch_ratios_037,lhs,full,new,0,8.499588874053723,39,7.451146463023985,dolmino_synth_code,0.17157952516497388,0.19369016999540203,0.009380805763280802,0.5012344600052066
apriori_swarm_127_lhs_type_epoch_ratios_038,lhs_type_epoch_ratios_038,lhs,full,new,0,14.98717514099623,39,4.858921862886205,dolmino_synth_code,0.39066049932558156,0.1447552005311819,0.05381821706885587,0.26466954198068715
apriori_swarm_128_lhs_type_epoch_ratios_039,lhs_type_epoch_ratios_039,lhs,full,new,0,23.717796935061745,39,3.673712899226906,dolma3_stack_edu,0.719878471208169,0.04220629787645676,0.14692556285698255,0.2499860713311774
apriori_swarm_129_lhs_type_epoch_ratios_040,lhs_type_epoch_ratios_040,lhs,full,new,0,6.033444374777096,39,7.352033803749858,dolmino_synth_qa,0.22010363868151434,0.6127327649038955,0.010157746319884583,0.5780211344499032
apriori_swarm_130_lhs_type_epoch_ratios_041,lhs_type_epoch_ratios_041,lhs,full,new,0,20.21665887385297,39,8.549104473281,dolmino_stack_edu_fim,0.5397110803234488,0.045288543099797594,0.2983888256558485,0.29094722614312934
apriori_swarm_131_lhs_type_epoch_ratios_042,lhs_type_epoch_ratios_042,lhs,full,new,0,6.285832189306848,39,7.517026413968338,dolmino_synth_qa,0.22399786230895602,0.6264835692318512,0.05388662894552888,0.6267424772712856
apriori_swarm_132_lhs_type_epoch_ratios_043,lhs_type_epoch_ratios_043,lhs,full,new,0,11.60489393250252,39,4.618181006421067,dolmino_stack_edu_fim,0.23300402827558692,0.1359802717735276,0.132274877991092,0.41095695473304844
apriori_swarm_133_lhs_type_epoch_ratios_044,lhs_type_epoch_ratios_044,lhs,full,new,0,7.575478836637601,39,8.374849229016716,dolmino_synth_math,0.11401151652900485,0.26629792581519224,0.043542452147325626,0.5314643749270915
apriori_swarm_134_lhs_type_epoch_ratios_045,lhs_type_epoch_ratios_045,lhs,full,new,0,3.491214346906004,39,3.5338520636854174,dolmino_common_crawl_hq,0.08006417115584674,0.06359882496677723,0.004223301684358505,0.6141334363971194
apriori_swarm_135_lhs_type_epoch_ratios_046,lhs_type_epoch_ratios_046,lhs,full,new,0,10.118830881031696,39,7.071901872349736,dolmino_synth_code,0.12479436741846679,0.25267356562792814,0.15407871801603057,0.5233813649053262
apriori_swarm_136_lhs_type_epoch_ratios_047,lhs_type_epoch_ratios_047,lhs,full,new,0,14.88634582029221,39,2.129710417414029,dolmino_stem_heavy_crawl,0.6028531383277987,0.0214044505039177,0.007630464540987267,0.2077305186407214
apriori_swarm_137_lhs_type_epoch_ratios_048,lhs_type_epoch_ratios_048,lhs,full,new,0,5.686566402179971,39,5.5943279433569595,dolma3_wikipedia,0.2137990753133975,0.02309217702167529,0.0059346284710862195,0.527914241094528
apriori_swarm_138_lhs_type_epoch_ratios_049,lhs_type_epoch_ratios_049,lhs,full,new,0,7.502445640339375,39,9.363647684022764,dolmino_stem_heavy_crawl,0.15641148934003227,0.08643498394026713,0.014347082868690877,0.511436218724738
apriori_swarm_139_lhs_type_epoch_ratios_050,lhs_type_epoch_ratios_050,lhs,full,new,0,16.282175715221722,39,10.279836800530761,dolmino_stack_edu_fim,0.4513369329980494,0.025706894852151857,0.40111024754787006,0.39117025995868204
apriori_swarm_140_lhs_type_epoch_ratios_051,lhs_type_epoch_ratios_051,lhs,full,new,0,20.520674003755367,39,5.540029199855005,dolma3_finemath_3plus,0.5630423396773302,0.18717163701998224,0.07305098229299714,0.2405266415367607
apriori_swarm_141_lhs_type_epoch_ratios_052,lhs_type_epoch_ratios_052,lhs,full,new,0,5.969913358634357,39,3.049469309105074,dolmino_common_crawl_hq,0.22588468018852953,0.020308971420025596,0.015334384115134604,0.5038130127667279
apriori_swarm_142_lhs_type_epoch_ratios_053,lhs_type_epoch_ratios_053,lhs,full,new,0,21.72215500560495,39,13.111267358799248,dolma3_finemath_3plus,0.7094987575545542,0.03895730575693806,0.02573988778892978,0.24162656891538362
apriori_swarm_143_lhs_type_epoch_ratios_054,lhs_type_epoch_ratios_054,lhs,full,new,0,12.285362675801302,39,4.088832779015015,dolmino_stack_edu_fim,0.3379042466213987,0.03400416772576275,0.1651642393472541,0.38343228809177077
apriori_swarm_144_lhs_type_epoch_ratios_055,lhs_type_epoch_ratios_055,lhs,full,new,0,12.171767486341473,39,2.7029937696529434,dolmino_olmocr_pdfs_hq,0.4291940100938936,0.02593422369326995,0.010558739592828196,0.3264134616231049
apriori_swarm_145_lhs_type_epoch_ratios_056,lhs_type_epoch_ratios_056,lhs,full,new,0,5.4524885900925915,39,4.282995727367386,dolmino_synth_code,0.10710685531554379,0.17335554615311458,0.03393355987450819,0.5440833079416723
apriori_swarm_146_lhs_type_epoch_ratios_057,lhs_type_epoch_ratios_057,lhs,full,new,0,20.143218111064495,39,5.676074459227187,dolma3_finemath_3plus,0.47780660807431735,0.029674483504416954,0.12318569282314557,0.23216495561044423
apriori_swarm_147_lhs_type_epoch_ratios_058,lhs_type_epoch_ratios_058,lhs,full,new,0,8.765473566111154,39,5.478223701888837,dolma3_finemath_3plus,0.2559825809668259,0.04534232783504967,0.007315728596450556,0.4510202566629364
apriori_swarm_148_lhs_type_epoch_ratios_059,lhs_type_epoch_ratios_059,lhs,full,new,0,4.699328446477244,39,4.301544056361108,dolmino_olmocr_pdfs_hq,0.13785273217027222,0.023523018597415228,0.02168132101021763,0.5902292899133442
apriori_swarm_149_lhs_type_epoch_ratios_060,lhs_type_epoch_ratios_060,lhs,full,new,0,14.599336821835555,39,6.207647845148916,dolma3_finemath_3plus,0.4644194753832077,0.3142603214388368,0.01384757932178291,0.31459899950131
apriori_swarm_150_lhs_type_epoch_ratios_061,lhs_type_epoch_ratios_061,lhs,full,new,0,12.84480649854856,39,6.4443161077833135,dolma3_stack_edu,0.2328429486381326,0.3113053182403213,0.26301777674760873,0.5214070399853751
apriori_swarm_151_lhs_type_epoch_ratios_062,lhs_type_epoch_ratios_062,lhs,full,new,0,11.93352465841302,39,3.0623686214265606,dolma3_finemath_3plus,0.4348080374662953,0.014663390938664105,0.06464710620043684,0.3147266104965093
apriori_swarm_152_lhs_type_epoch_ratios_063,lhs_type_epoch_ratios_063,lhs,full,new,0,12.610396173249015,39,20.593665748783145,dolma3_finemath_3plus,0.2755093623660264,0.3074046730189409,0.0656686802407934,0.38282585677287606
apriori_swarm_153_lhs_type_epoch_ratios_064,lhs_type_epoch_ratios_064,lhs,full,new,0,15.281739169256884,39,3.5813503370302473,dolmino_synth_code,0.5829471501652882,0.22169254516146447,0.005148464503056121,0.2935762823569413
apriori_swarm_154_lhs_type_epoch_ratios_065,lhs_type_epoch_ratios_065,lhs,full,new,0,16.757900254942193,39,2.152777081438156,dolma3_cc/education_and_jobs_high,0.6869248385131145,0.02759622727139124,0.00556129701942446,0.2208732012438893
apriori_swarm_155_lhs_type_epoch_ratios_066,lhs_type_epoch_ratios_066,lhs,full,new,0,19.35960010196805,39,4.777938812604412,dolmino_synth_instruction,0.455956040706954,0.26073507443155053,0.1117797702370778,0.42535427112954427
apriori_swarm_156_lhs_type_epoch_ratios_067,lhs_type_epoch_ratios_067,lhs,full,new,0,19.670863670012658,39,4.901599079680332,dolmino_stack_edu_fim,0.4408603448785838,0.16509523845329774,0.19521029147037805,0.2855215917038481
apriori_swarm_157_lhs_type_epoch_ratios_068,lhs_type_epoch_ratios_068,lhs,full,new,0,4.924295012753071,39,4.758424081596223,dolmino_olmocr_pdfs_hq,0.09335844241668881,0.048680133406147214,0.0770141889876238,0.588958061006683
apriori_swarm_158_lhs_type_epoch_ratios_069,lhs_type_epoch_ratios_069,lhs,full,new,0,6.87775776197862,39,4.703850110688064,dolmino_stem_heavy_crawl,0.1676601072480405,0.07155185956915355,0.03223964790402796,0.4910536693323874
apriori_swarm_159_lhs_type_epoch_ratios_070,lhs_type_epoch_ratios_070,lhs,full,new,0,11.51924190256073,39,3.975026708151757,dolma3_finemath_3plus,0.45975861345666835,0.03603019129725668,0.01176252155503376,0.29292038341449855
apriori_swarm_160_lhs_type_epoch_ratios_071,lhs_type_epoch_ratios_071,lhs,full,new,0,18.326246381415803,39,2.3121589755448784,dolma3_arxiv,0.4704065210619352,0.07233575814913873,0.04365349244040453,0.19911017572079048
apriori_swarm_161_lhs_type_epoch_ratios_072,lhs_type_epoch_ratios_072,lhs,full,new,0,16.080522631344344,39,5.563705347537325,dolmino_stack_edu_fim,0.3551036184106126,0.2832922947418668,0.15680838971798064,0.371261748869507
apriori_swarm_162_lhs_type_epoch_ratios_073,lhs_type_epoch_ratios_073,lhs,full,new,0,11.284970225171284,39,3.378416591280486,dolma3_wikipedia,0.23317268491873336,0.25179276568426706,0.10777304473425478,0.4110857401303141
apriori_swarm_163_lhs_type_epoch_ratios_074,lhs_type_epoch_ratios_074,lhs,full,new,0,6.227767284032328,39,3.544930629199227,dolma3_finemath_3plus,0.1865021072599249,0.10124046792860622,0.006405035032710048,0.49148883427370504
apriori_swarm_164_lhs_type_epoch_ratios_075,lhs_type_epoch_ratios_075,lhs,full,new,0,14.69029058611884,39,6.283469247675449,dolma3_stack_edu,0.37630522763139146,0.02886138985935951,0.19321281280939884,0.3221497451126308
apriori_swarm_165_ladder_B_small_pools_forward_dolmino_synth_qa_x0.25,ladder_B_small_pools_forward_dolmino_synth_qa_x0.25,ladder,full,new,0,11.544477763888189,39,2.1680985721707264,dolma3_wikipedia,0.3285309417115031,0.045173385629456095,0.045923619762059345,0.34559083715795563
apriori_swarm_166_ladder_B_small_pools_forward_dolmino_synth_qa_x3,ladder_B_small_pools_forward_dolmino_synth_qa_x3,ladder,full,new,0,8.722068084053749,39,4.345156155535745,dolmino_synth_qa,0.2194731460375815,0.36213374641485574,0.030679001661473977,0.4320426432344057
apriori_swarm_167_ladder_B_small_pools_forward_dolmino_synth_qa_x8,ladder_B_small_pools_forward_dolmino_synth_qa_x8,ladder,full,new,0,5.025476468110117,39,7.225866335904926,dolmino_synth_qa,0.13686650958168242,0.6022177232872318,0.01913185257816269,0.5267638472970123
apriori_swarm_168_ladder_B_small_pools_forward_dolmino_olmocr_pdfs_hq_x0.25,ladder_B_small_pools_forward_dolmino_olmocr_pdfs_hq_x0.25,ladder,full,new,0,10.894443601567977,39,2.002701581542787,dolma3_arxiv,0.3034684146729646,0.16690903634178492,0.04242026036462127,0.3535462529705473
apriori_swarm_169_ladder_B_small_pools_forward_dolmino_olmocr_pdfs_hq_x3,ladder_B_small_pools_forward_dolmino_olmocr_pdfs_hq_x3,ladder,full,new,0,11.06528228629915,39,5.094713718661415,dolmino_olmocr_pdfs_hq,0.2573331792853786,0.14153444278402774,0.03597125742890047,0.38889035421918206
apriori_swarm_170_ladder_B_small_pools_forward_dolmino_olmocr_pdfs_hq_x8,ladder_B_small_pools_forward_dolmino_olmocr_pdfs_hq_x8,ladder,full,new,0,8.815811354758889,39,10.643824673612727,dolmino_olmocr_pdfs_hq,0.20160670900291777,0.1108846255251271,0.0281815459983688,0.45240653593217456
apriori_swarm_171_ladder_B_small_pools_forward_dolma3_stack_edu_x0.25,ladder_B_small_pools_forward_dolma3_stack_edu_x0.25,ladder,full,new,0,11.018485514917321,39,1.9387680619557515,dolma3_arxiv,0.29378059896824316,0.16158069274703413,0.025655478162583664,0.3641140367486864
apriori_swarm_172_ladder_B_small_pools_forward_dolma3_stack_edu_x3,ladder_B_small_pools_forward_dolma3_stack_edu_x3,ladder,full,new,0,11.741719302681041,39,2.7526144178666905,dolma3_stack_edu,0.27806823252966456,0.15293881829120862,0.07776667345014582,0.3657730559790317
apriori_swarm_173_ladder_B_small_pools_forward_dolma3_stack_edu_x8,ladder_B_small_pools_forward_dolma3_stack_edu_x8,ladder,full,new,0,11.592841436836668,39,6.689775132292871,dolma3_stack_edu,0.25342460811755324,0.13938471050365828,0.15949902925746406,0.3918799549340567
apriori_swarm_174_ladder_B_small_pools_forward_dolmino_stack_edu_fim_x0.25,ladder_B_small_pools_forward_dolmino_stack_edu_fim_x0.25,ladder,full,new,0,11.018729326311835,39,1.938726170241585,dolma3_arxiv,0.29377425113679223,0.1615772014102785,0.025676531202918417,0.36410079059083145
apriori_swarm_175_ladder_B_small_pools_forward_dolmino_stack_edu_fim_x3,ladder_B_small_pools_forward_dolmino_stack_edu_fim_x3,ladder,full,new,0,11.74182843469884,39,2.7527645514058907,dolmino_stack_edu_fim,0.27808339897201756,0.152947159904884,0.07771637285141905,0.3657578895366787
apriori_swarm_176_ladder_B_small_pools_forward_dolmino_stack_edu_fim_x8,ladder_B_small_pools_forward_dolmino_stack_edu_fim_x8,ladder,full,new,0,11.59444214433614,39,6.690939154290511,dolmino_stack_edu_fim,0.25346870404196903,0.13940896346671797,0.1593527819472576,0.39183482948192166
apriori_swarm_177_ladder_B_small_pools_forward_dolma3_wikipedia_x0.25,ladder_B_small_pools_forward_dolma3_wikipedia_x0.25,ladder,full,new,0,11.317092019622397,39,1.9109313581212826,dolma3_arxiv,0.2895625165238984,0.15926072782826495,0.04047642769022913,0.35452682750269116
apriori_swarm_178_ladder_B_small_pools_forward_dolma3_wikipedia_x3,ladder_B_small_pools_forward_dolma3_wikipedia_x3,ladder,full,new,0,11.457437629934393,39,5.715371474441558,dolma3_wikipedia,0.2886825037740166,0.158776716732054,0.04035341531671935,0.35515878473467966
apriori_swarm_179_ladder_B_small_pools_forward_dolma3_wikipedia_x8,ladder_B_small_pools_forward_dolma3_wikipedia_x8,ladder,full,new,0,11.62895608245105,39,15.157236904464607,dolma3_wikipedia,0.2870961091140825,0.15790419230728742,0.04013166151546141,0.35674517939461364
apriori_swarm_180_ladder_B_small_pools_forward_dolmino_stem_heavy_crawl_x0.25,ladder_B_small_pools_forward_dolmino_stem_heavy_crawl_x0.25,ladder,full,new,0,11.302321652026835,39,1.9116003954461935,dolma3_wikipedia,0.289663895430381,0.159316486697288,0.040490598916625486,0.3545297358647712
apriori_swarm_181_ladder_B_small_pools_forward_dolmino_stem_heavy_crawl_x3,ladder_B_small_pools_forward_dolmino_stem_heavy_crawl_x3,ladder,full,new,0,11.48447746358856,39,5.710058464313409,dolmino_stem_heavy_crawl,0.28841414447782215,0.15862911787380235,0.04031590277615363,0.35542714403087405
apriori_swarm_182_ladder_B_small_pools_forward_dolmino_stem_heavy_crawl_x8,ladder_B_small_pools_forward_dolmino_stem_heavy_crawl_x8,ladder,full,new,0,11.696688911063879,39,15.108305157106507,dolmino_stem_heavy_crawl,0.28616928357409727,0.15739443395928077,0.04000210542719067,0.35767200493459916
apriori_swarm_183_ladder_B_small_pools_forward_dolmino_synth_math_x0.25,ladder_B_small_pools_forward_dolmino_synth_math_x0.25,ladder,full,new,0,11.188318672166968,39,1.9188233501216578,dolma3_arxiv,0.2907583863045178,0.15991846175714364,0.040643592063861644,0.3545513176120203
apriori_swarm_184_ladder_B_small_pools_forward_dolmino_synth_math_x3,ladder_B_small_pools_forward_dolmino_synth_math_x3,ladder,full,new,0,11.655349451934091,39,5.65355276353069,dolmino_synth_math,0.28556005052217875,0.15705935295352644,0.03991694392953375,0.3582812379865177
apriori_swarm_185_ladder_B_small_pools_forward_dolmino_synth_math_x8,ladder_B_small_pools_forward_dolmino_synth_math_x8,ladder,full,new,0,12.000947734588864,39,14.601498005742346,dolmino_synth_math,0.2765697528585099,0.1521146475182479,0.0386602373030492,0.3672715356501864
apriori_swarm_186_ladder_B_small_pools_forward_dolmino_synth_code_x0.25,ladder_B_small_pools_forward_dolmino_synth_code_x0.25,ladder,full,new,0,11.204989149067169,39,1.9175319234026564,dolma3_arxiv,0.2905626970302427,0.15981083174817917,0.04061623768507312,0.35454877358263875
apriori_swarm_187_ladder_B_small_pools_forward_dolmino_synth_code_x3,ladder_B_small_pools_forward_dolmino_synth_code_x3,ladder,full,new,0,11.63472557169367,39,5.663542390071712,dolmino_synth_code,0.28606462496926865,0.1573368712409476,0.03998747574893893,0.35777666353942755
apriori_swarm_188_ladder_B_small_pools_forward_dolmino_synth_code_x8,ladder_B_small_pools_forward_dolmino_synth_code_x8,ladder,full,new,0,11.981157589441487,39,14.689327073680644,dolmino_synth_code,0.2782333399510079,0.15302962813914286,0.03889278143018361,0.3656079485576884
apriori_swarm_189_ladder_C_code_math_forward_dolmino_synth_qa_x0.25,ladder_C_code_math_forward_dolmino_synth_qa_x0.25,ladder,full,new,0,14.022432249890828,39,4.96565150575319,dolma3_finemath_3plus,0.29427669499717074,0.03448725275534729,0.2103600773029336,0.3905312167463968
apriori_swarm_190_ladder_C_code_math_forward_dolmino_synth_qa_x3,ladder_C_code_math_forward_dolmino_synth_qa_x3,ladder,full,new,0,11.207057673465425,39,3.5999683162006115,dolma3_finemath_3plus,0.21334295750691384,0.30002834573842113,0.15250559013387843,0.4304983310017824
apriori_swarm_191_ladder_C_code_math_forward_dolmino_synth_qa_x8,ladder_C_code_math_forward_dolmino_synth_qa_x8,ladder,full,new,0,6.6502282932610886,39,6.399742111672354,dolmino_synth_qa,0.14222415895037946,0.5333669272245247,0.10166719138745997,0.5292608875191396
apriori_swarm_192_ladder_C_code_math_forward_dolmino_olmocr_pdfs_hq_x0.25,ladder_C_code_math_forward_dolmino_olmocr_pdfs_hq_x0.25,ladder,full,new,0,13.457328108773728,39,4.671134935394742,dolmino_stack_edu_fim,0.27682292023134775,0.12976715017930476,0.19788346100478665,0.38381858722819145
apriori_swarm_193_ladder_C_code_math_forward_dolmino_olmocr_pdfs_hq_x3,ladder_C_code_math_forward_dolmino_olmocr_pdfs_hq_x3,ladder,full,new,0,13.664245830724667,39,4.09969172857301,dolma3_stack_edu,0.24295779335177284,0.11389208823735883,0.17367539142479657,0.40088349515692356
apriori_swarm_194_ladder_C_code_math_forward_dolmino_olmocr_pdfs_hq_x8,ladder_C_code_math_forward_dolmino_olmocr_pdfs_hq_x8,ladder,full,new,0,11.254346797215225,39,8.94328179494393,dolmino_olmocr_pdfs_hq,0.19875031045739433,0.09316880756750108,0.142074215806323,0.4450909780513018
apriori_swarm_195_ladder_C_code_math_forward_dolma3_stack_edu_x0.25,ladder_C_code_math_forward_dolma3_stack_edu_x0.25,ladder,full,new,0,13.697168999142155,39,4.846801220410934,dolmino_stack_edu_fim,0.287233335403879,0.13464727321244732,0.1282742431224087,0.35660795310481713
apriori_swarm_196_ladder_C_code_math_forward_dolma3_stack_edu_x3,ladder_C_code_math_forward_dolma3_stack_edu_x3,ladder,full,new,0,12.170316645378518,39,11.337367771401698,dolma3_stack_edu,0.22396007948269403,0.10498647021031136,0.32030253548773746,0.4198812090260024
apriori_swarm_197_ladder_C_code_math_forward_dolma3_stack_edu_x8,ladder_C_code_math_forward_dolma3_stack_edu_x8,ladder,full,new,0,8.005604967534747,39,21.586990323430715,dolma3_stack_edu,0.15991225320471672,0.07496256942808445,0.5146815749541301,0.4859666864055628
apriori_swarm_198_ladder_C_code_math_forward_dolmino_stack_edu_fim_x0.25,ladder_C_code_math_forward_dolmino_stack_edu_fim_x0.25,ladder,full,new,0,13.695981012581338,39,4.846277644933184,dolma3_finemath_3plus,0.2872023070361019,0.13463272794698378,0.1283684112569925,0.35663898147259443
apriori_swarm_199_ladder_C_code_math_forward_dolmino_stack_edu_fim_x3,ladder_C_code_math_forward_dolmino_stack_edu_fim_x3,ladder,full,new,0,12.17475249842519,39,11.339915102005714,dolmino_stack_edu_fim,0.22401039983712256,0.10501005904097882,0.3201498180150635,0.4198308886715738
apriori_swarm_200_ladder_C_code_math_forward_dolmino_stack_edu_fim_x8,ladder_C_code_math_forward_dolmino_stack_edu_fim_x8,ladder,full,new,0,8.012780173951537,39,21.59911557205607,dolmino_stack_edu_fim,0.16000207470365185,0.07500467533438694,0.5144089752782148,0.4857022343338387
apriori_swarm_201_ladder_C_code_math_forward_dolma3_wikipedia_x0.25,ladder_C_code_math_forward_dolma3_wikipedia_x0.25,ladder,full,new,0,13.883327185260391,39,4.503005372308774,dolma3_finemath_3plus,0.26685914969712204,0.1250964021567551,0.19076098214240664,0.37728964270242155
apriori_swarm_202_ladder_C_code_math_forward_dolma3_wikipedia_x3,ladder_C_code_math_forward_dolma3_wikipedia_x3,ladder,full,new,0,14.019704067496804,39,4.492248935290415,dolma3_stack_edu,0.266221696840827,0.12479758137823745,0.190305306805532,0.3776195916678692
apriori_swarm_203_ladder_C_code_math_forward_dolma3_wikipedia_x8,ladder_C_code_math_forward_dolma3_wikipedia_x8,ladder,full,new,0,14.186952688736303,39,11.927527636722346,dolma3_wikipedia,0.2650704601668631,0.1242579125450449,0.18948235942354053,0.3787708283418332
apriori_swarm_204_ladder_C_code_math_forward_dolmino_stem_heavy_crawl_x0.25,ladder_C_code_math_forward_dolmino_stem_heavy_crawl_x0.25,ladder,full,new,0,13.868952026949,39,4.504243630563553,dolma3_finemath_3plus,0.2669325319202498,0.1251308017720801,0.19081343852237906,0.3773456268314053
apriori_swarm_205_ladder_C_code_math_forward_dolmino_stem_heavy_crawl_x3,ladder_C_code_math_forward_dolmino_stem_heavy_crawl_x3,ladder,full,new,0,14.04610786728737,39,4.488965974061122,dolma3_finemath_3plus,0.2660271405012932,0.12470637859159851,0.19016623059827573,0.377814148007403
apriori_swarm_206_ladder_C_code_math_forward_dolmino_stem_heavy_crawl_x8,ladder_C_code_math_forward_dolmino_stem_heavy_crawl_x8,ladder,full,new,0,14.253447885757906,39,11.89720615942365,dolmino_stem_heavy_crawl,0.264396613231832,0.12394203119987676,0.18900066822694453,0.37944467527686426
apriori_swarm_207_ladder_C_code_math_forward_dolmino_synth_math_x0.25,ladder_C_code_math_forward_dolmino_synth_math_x0.25,ladder,full,new,0,13.757525720466345,39,4.517600084923377,dolma3_stack_edu,0.2677240681851962,0.12550185271424857,0.19137925848948112,0.3779417945223878
apriori_swarm_208_ladder_C_code_math_forward_dolmino_synth_math_x3,ladder_C_code_math_forward_dolmino_synth_math_x3,ladder,full,new,0,14.214724008509249,39,4.4539695382053806,dolma3_stack_edu,0.2639531658237758,0.12373415496495463,0.18868367529945712,0.37988812268492056
apriori_swarm_209_ladder_C_code_math_forward_dolmino_synth_math_x8,ladder_C_code_math_forward_dolmino_synth_math_x8,ladder,full,new,0,14.561297653078489,39,11.580680700145344,dolmino_synth_math,0.2573623349051893,0.1206445504448381,0.1839723008512095,0.3864789536035069
apriori_swarm_210_ladder_C_code_math_forward_dolmino_synth_code_x0.25,ladder_C_code_math_forward_dolmino_synth_code_x0.25,ladder,full,new,0,13.773871180139208,39,4.515213609319239,dolma3_stack_edu,0.26758263978397556,0.12543555487819702,0.19127816013572302,0.37783630565227816
apriori_swarm_211_ladder_C_code_math_forward_dolmino_synth_code_x3,ladder_C_code_math_forward_dolmino_synth_code_x3,ladder,full,new,0,14.194118720147621,39,4.460167345140237,dolmino_stack_edu_fim,0.26432046307347346,0.1239063340508559,0.18894623322250395,0.37952082543522275
apriori_swarm_212_ladder_C_code_math_forward_dolmino_synth_code_x8,ladder_C_code_math_forward_dolmino_synth_code_x8,ladder,full,new,0,14.539569745075553,39,11.63585940621336,dolmino_synth_code,0.2585885944833964,0.12121938800059766,0.18484887743389666,0.38525269402529994
apriori_swarm_213_corner_cchigh2_cclow0_others4,corner_cchigh2_cclow0_others4,corner,full,new,0,12.497486902799924,26,1.5529506679312814,dolma3_stack_edu,0.3890814865583216,0.12942592239382203,0.06578770624059653,0.2547598019503746
apriori_swarm_214_corner_cchigh1_cclow0_others4,corner_cchigh1_cclow0_others4,corner,full,new,0,9.718996606409634,26,1.928031312537901,dolma3_arxiv,0.24152772676692436,0.16068587121431427,0.08167726137809801,0.4023135617417719
apriori_swarm_215_corner_cchigh0.25_cclow0_others4,corner_cchigh0.25_cclow0_others4,corner,full,new,0,6.233060765508744,26,2.354547733823931,dolmino_olmocr_pdfs_hq,0.07373953913722138,0.19623257748193354,0.09974579221413196,0.5701017493714748
apriori_swarm_216_corner_cchigh0.125_cclow0_others4,corner_cchigh0.125_cclow0_others4,corner,full,new,0,5.454469612183648,26,2.444682618641636,dolma3_arxiv,0.03828118815468661,0.20374459370259854,0.10356417965351941,0.6055601003540095
apriori_swarm_217_corner_cchigh1_cclow0.25_others4,corner_cchigh1_cclow0.25_others4,corner,full,new,0,10.945949653661023,39,1.8804319960104197,dolmino_synth_qa,0.2602529215167007,0.15671885180146233,0.07966080978203116,0.38358836699199544
apriori_swarm_218_corner_cchigh0.25_cclow0.25_others4,corner_cchigh0.25_cclow0.25_others4,corner,full,new,0,7.254891490421075,39,2.2839449014951803,dolma3_arxiv,0.10151413511232112,0.19034840042050916,0.09675484183243993,0.542327153396375
apriori_swarm_219_corner_cchigh1_cclow0.5_others4,corner_cchigh1_cclow0.5_others4,corner,full,new,0,11.861791375481,39,1.8351263217261296,dolma3_arxiv,0.27807581554404404,0.15294298898430697,0.07774152383663957,0.36576547296465217
apriori_swarm_220_corner_cchigh0.5_cclow0.25_others4,corner_cchigh0.5_cclow0.25_others4,corner,full,new,0,8.702043188311663,39,2.1314833002429086,dolmino_synth_qa,0.1614913235171863,0.1776419546980572,0.09029610541326138,0.48234996499150995
apriori_swarm_221_corner_cchigh0.1_cclow0.1_others4,corner_cchigh0.1_cclow0.1_others4,corner,full,new,0,5.712523518592599,39,2.4320791482508155,dolmino_stem_heavy_crawl,0.043239293749646204,0.20269419602134564,0.10303025837398005,0.6006019947590502
apriori_swarm_222_random_panel_00082,random_panel_00082,reused_random_panel,full,reused_panel,0,22.476302022427635,39,25.64251859715773,dolma3_wikipedia,0.6387784329331463,0.0014428251129351053,0.06985020661646896,0.6026498691036026
apriori_swarm_223_random_panel_00028,random_panel_00028,reused_random_panel,full,reused_panel,0,23.592630573078246,39,51.82324816542041,dolmino_stem_heavy_crawl,0.5786611891309654,0.03871634896368624,0.024124510276199287,0.5920683664846507
apriori_swarm_224_random_panel_00142,random_panel_00142,reused_random_panel,full,reused_panel,0,25.228811311237145,39,13.540547294195047,dolma3_finemath_3plus,0.7459867974326784,0.005431109100946419,0.026978915907711593,0.5802090314278536
apriori_swarm_225_random_panel_00160,random_panel_00160,reused_random_panel,full,reused_panel,0,24.79423118644671,39,52.100641837526,dolmino_stem_heavy_crawl,0.6821963508682716,0.012579889539721546,0.026802660907564592,0.6278427038108433
apriori_swarm_226_random_panel_00182,random_panel_00182,reused_random_panel,full,reused_panel,0,24.952311768275568,39,20.415172708988287,dolmino_stem_heavy_crawl,0.8515606300013491,0.016436822521139365,0.026730630957959307,0.5109583752688341
apriori_swarm_227_random_panel_00191,random_panel_00191,reused_random_panel,full,reused_panel,0,23.839540555501486,39,33.2143220803052,dolma3_wikipedia,0.7895545227206615,0.006923900867641723,0.03733066625616613,0.5271714979837256
apriori_swarm_228_random_panel_00171,random_panel_00171,reused_random_panel,full,reused_panel,0,25.5818676888287,39,53.56700590880136,dolmino_stem_heavy_crawl,0.5911462840651358,0.01372673426136975,0.09820343335814966,0.5918922356853085
apriori_swarm_229_random_panel_00012,random_panel_00012,reused_random_panel,full,reused_panel,0,26.118172060141752,39,136.91081121072813,dolma3_wikipedia,0.6340604597700588,0.004070743966944615,0.0267761420220581,0.5972850793201365
apriori_swarm_230_random_panel_00230,random_panel_00230,reused_random_panel,full,reused_panel,0,25.695308062276577,39,18.321121748598433,dolmino_stem_heavy_crawl,0.7846285765290028,0.03652141470961386,0.0222352944684418,0.510417916037312
apriori_swarm_231_random_panel_00128,random_panel_00128,reused_random_panel,full,reused_panel,0,27.25532442366399,39,124.08152169450184,dolma3_wikipedia,0.5870150803663041,0.07809117010659186,0.06347769670273591,0.547850095917754
apriori_swarm_232_random_panel_00076,random_panel_00076,reused_random_panel,full,reused_panel,0,25.67484776756243,39,89.3329980910131,dolma3_wikipedia,0.5668916399187983,0.07512219601136642,0.005011575393086621,0.5156305056769565
apriori_swarm_233_random_panel_00237,random_panel_00237,reused_random_panel,full,reused_panel,0,24.826586678639117,39,79.20245500003823,dolmino_stem_heavy_crawl,0.7728712174987598,0.0028776570340260104,0.031617416721218816,0.5610934281195583
apriori_swarm_234_random_panel_00174,random_panel_00174,reused_random_panel,full,reused_panel,0,26.292384632544078,39,60.87615115344764,dolma3_wikipedia,0.7810074063990458,0.01760832750257216,0.06293307537488263,0.5465714587007271
apriori_swarm_235_random_panel_00224,random_panel_00224,reused_random_panel,full,reused_panel,0,27.23977160543677,39,97.42657386006574,dolmino_stem_heavy_crawl,0.6318207059050827,0.0030253352142865105,0.024237192467884583,0.5281156769658533
apriori_swarm_236_random_panel_00202,random_panel_00202,reused_random_panel,full,reused_panel,0,25.572760791889625,39,115.91489387625712,dolma3_wikipedia,0.6965724273944857,0.05131381865260988,0.044925345604342456,0.4870802648867069
apriori_swarm_237_random_panel_00154,random_panel_00154,reused_random_panel,full,reused_panel,0,27.21175241270305,39,85.77087033677414,dolmino_stem_heavy_crawl,0.7260574059467417,0.020076937287209672,0.057809717013308705,0.5559439494569571
apriori_swarm_238_random_panel_00173,random_panel_00173,reused_random_panel,full,reused_panel,0,26.15591632377739,39,118.63772255456836,dolma3_wikipedia,0.7028567886262558,0.014026548282083154,0.043230623531154665,0.5003104626365277
apriori_swarm_239_random_panel_00087,random_panel_00087,reused_random_panel,full,reused_panel,0,26.209737590020776,39,58.84510773097162,dolmino_stem_heavy_crawl,0.5117535119996134,0.02150277379052798,0.07165796887835976,0.5406500527049765
apriori_swarm_240_dose_ladder_reused_00,dose_ladder_reused_00,reused_dose_ladder,full,reused_dose,0,15.60298963108802,39,28.97129600000007,dolma3_cc/crime_and_law_low,0.7540231855857604,0.05211132973153251,0.026488394200917455,0.30630504713266227
apriori_swarm_241_dose_ladder_reused_01,dose_ladder_reused_01,reused_dose_ladder,full,reused_dose,0,19.443839679230837,39,28.971296000000063,dolma3_cc/art_and_design_low,0.7175637143981259,0.05983543791392611,0.030414588820011454,0.20562021731682537
apriori_swarm_242_dose_ladder_reused_02,dose_ladder_reused_02,reused_dose_ladder,full,reused_dose,0,13.117818212974864,39,28.97129600000006,dolma3_cc/food_and_dining_low,0.7783511173022426,0.04695734448953799,0.023868603197713542,0.37312253179520344
apriori_swarm_243_dose_ladder_reused_03,dose_ladder_reused_03,reused_dose_ladder,full,reused_dose,0,16.745433806106867,39,28.97129600000006,dolma3_cc/electronics_and_hardware_low,0.7432043380775819,0.05440335278726821,0.027653438549827655,0.2764969711615275
apriori_swarm_244_dose_ladder_reused_04,dose_ladder_reused_04,reused_dose_ladder,full,reused_dose,0,12.818013947737251,39,14.48564800000003,dolma3_cc/food_and_dining_high,0.7777532202734384,0.047084011749977575,0.023932988665214837,0.3667954073445025
apriori_swarm_245_dose_ladder_reused_05,dose_ladder_reused_05,reused_dose_ladder,full,reused_dose,0,21.135072371171137,39,14.485648000000033,dolma3_cc/crime_and_law_low,0.6971551096750177,0.06415909554246732,0.03261232102612916,0.1482121195803199
apriori_swarm_246_dose_ladder_reused_06,dose_ladder_reused_06,reused_dose_ladder,full,reused_dose,0,16.745430354978932,39,14.485648000000035,dolma3_cc/education_and_jobs_low,0.7396406208885908,0.05515834281324971,0.028037202954401257,0.2642409748194086
apriori_swarm_247_dose_ladder_reused_07,dose_ladder_reused_07,reused_dose_ladder,full,reused_dose,0,15.9444652644761,39,14.485648000000028,dolma3_cc/electronics_and_hardware_high,0.74717752084747,0.05356161557761149,0.027225580210041844,0.28463534043450656
apriori_swarm_248_dose_ladder_reused_08,dose_ladder_reused_08,reused_dose_ladder,full,reused_dose,0,22.625839584167142,39,14.485648000000031,dolma3_cc/art_and_design_low,0.679513430068098,0.06789656724362553,0.03451209261601326,0.0994936535403988
apriori_swarm_249_dose_ladder_reused_09,dose_ladder_reused_09,reused_dose_ladder,full,reused_dose,0,14.192913867711367,39,14.485648000000033,dolma3_cc/crime_and_law_high,0.7639961101746143,0.049998519372251,0.025414444371643252,0.3299424464988312
apriori_swarm_250_dose_ladder_reused_10,dose_ladder_reused_10,reused_dose_ladder,full,reused_dose,0,14.159427748407763,39,14.485648000000035,dolma3_cc/entertainment_low,0.7643242640965708,0.04992899844089621,0.025379106608350153,0.3308236760574911
apriori_swarm_251_dose_ladder_reused_11,dose_ladder_reused_11,reused_dose_ladder,full,reused_dose,0,17.497577774523215,39,14.485648000000028,dolma3_cc/art_and_design_high,0.7325952616781405,0.0566509348600536,0.02879589337202415,0.24512550036577707
apriori_swarm_252_dose_ladder_reused_12,dose_ladder_reused_12,reused_dose_ladder,full,reused_dose,0,21.614323104371802,39,14.485648000000028,dolma3_cc/electronics_and_hardware_low,0.6919201834613832,0.06526813895653291,0.033176052162698554,0.1337888570136418
apriori_swarm_253_dose_ladder_reused_13,dose_ladder_reused_13,reused_dose_ladder,full,reused_dose,0,19.981840483097752,39,14.485648000000019,dolma3_cc/food_and_dining_low,0.7089266895378316,0.06166523171569579,0.03134468021812725,0.1805431605460656
apriori_swarm_254_dose_ladder_reused_14,dose_ladder_reused_14,reused_dose_ladder,full,reused_dose,0,16.41806304134822,39,7.2428240000000175,dolma3_cc/education_and_jobs_high,0.7368487672783509,0.055749809957792704,0.02833784803412305,0.2517488512830021
apriori_swarm_255_dose_ladder_reused_15,dose_ladder_reused_15,reused_dose_ladder,full,reused_dose,0,19.696989686796012,39,7.242824000000017,dolma3_cc/food_and_dining_high,0.7063335233322428,0.062214606011439515,0.031623929336974964,0.1711711900941006
apriori_swarm_256_dose_ladder_reused_16,dose_ladder_reused_16,reused_dose_ladder,full,reused_dose,0,9.81456515702747,39,7.242824000000017,dolma3_cc/entertainment_high,0.8046841373482412,0.041378571979161775,0.021032891152494536,0.4242349393782877
apriori_swarm_257_dose_ladder_reused_17,dose_ladder_reused_17,reused_dose_ladder,full,reused_dose,0,23.01953928825198,39,7.242824000000017,dolma3_cc/crime_and_law_low,0.6687210717196465,0.07018297844793474,0.035674284438734966,0.06916565580414874
apriori_swarm_258_dose_ladder_reused_18,dose_ladder_reused_18,reused_dose_ladder,full,reused_dose,0,17.464895289451,39,7.242824000000018,dolma3_cc/games_high,0.7271636253087996,0.05780165223355312,0.029380807546352965,0.22638131315026813
apriori_swarm_259_dose_ladder_reused_19,dose_ladder_reused_19,reused_dose_ladder,full,reused_dose,0,23.157606362817393,39,7.242824000000015,dolma3_cc/electronics_and_hardware_low,0.6662781061532836,0.07070053204116535,0.03593735896913397,0.06243479993969898
apriori_swarm_260_dose_ladder_reused_20,dose_ladder_reused_20,reused_dose_ladder,full,reused_dose,0,21.762316506327025,39,7.242824000000012,dolma3_cc/art_and_design_high,0.6852598093211036,0.066679170129475,0.03389328486681925,0.11439190017069546
apriori_swarm_261_dose_ladder_reused_21,dose_ladder_reused_21,reused_dose_ladder,full,reused_dose,0,16.090456478421963,39,7.242824000000014,dolma3_cc/finance_and_business_low,0.7398985543935785,0.0551036984031282,0.02800942698545885,0.25969763152657926
apriori_swarm_262_dose_ladder_reused_22,dose_ladder_reused_22,reused_dose_ladder,full,reused_dose,0,21.4644458117381,39,7.242824000000011,dolma3_cc/education_and_jobs_low,0.6885476436193139,0.0659826271742998,0.033539229338595246,0.12331245491572335
apriori_swarm_263_dose_ladder_reused_23,dose_ladder_reused_23,reused_dose_ladder,full,reused_dose,0,20.358707344330302,39,7.242824000000011,dolma3_cc/crime_and_law_high,0.6999135386194582,0.06357470956850039,0.03231527533330815,0.15397314169945395
apriori_swarm_264_dose_ladder_reused_24,dose_ladder_reused_24,reused_dose_ladder,full,reused_dose,0,21.133557584107137,39,7.242824000000013,dolma3_cc/electronics_and_hardware_high,0.6920648636001243,0.06523748779766862,0.03316047205789416,0.13282982553610248
apriori_swarm_265_dose_ladder_reused_25,dose_ladder_reused_25,reused_dose_ladder,full,reused_dose,0,20.343174669292644,39,7.242824000000014,dolma3_cc/entertainment_low,0.7000666771163713,0.06354226646720153,0.03229878437710476,0.15438438216016195
apriori_swarm_266_dose_ladder_reused_26,dose_ladder_reused_26,reused_dose_ladder,full,reused_dose,0,22.65674555718345,39,7.242824000000012,dolma3_cc/food_and_dining_low,0.6742144756556263,0.06901917532877463,0.03508271872833408,0.0842534749214967
apriori_swarm_267_dose_ladder_reused_27,dose_ladder_reused_27,reused_dose_ladder,full,reused_dose,0,23.412397818235778,39,7.242824000000011,dolma3_cc/art_and_design_low,0.6604882879030839,0.07192713190847516,0.03656084451401419,0.04643037165218546
apriori_swarm_268_dose_ladder_reused_28,dose_ladder_reused_28,reused_dose_ladder,full,reused_dose,0,22.39324400375184,39,3.6214120000000087,dolma3_cc/food_and_dining_high,0.6706236748616452,0.06977990314217043,0.03546939967285487,0.0733590814688997
apriori_swarm_269_dose_ladder_reused_29,dose_ladder_reused_29,reused_dose_ladder,full,reused_dose,0,23.31436397574964,39,3.621412000000007,dolma3_cc/crime_and_law_low,0.6545040527419606,0.07319491990066843,0.03720526614503786,0.02964242391606322
apriori_swarm_270_dose_ladder_reused_30,dose_ladder_reused_30,reused_dose_ladder,full,reused_dose,0,15.694211343353938,39,3.6214120000000083,dolma3_cc/finance_and_business_high,0.734057096562234,0.056341238355367,0.028638473418608056,0.2335801382809735
apriori_swarm_271_dose_ladder_reused_31,dose_ladder_reused_31,reused_dose_ladder,full,reused_dose,0,18.061785360789006,39,3.621412000000007,dolma3_cc/entertainment_high,0.7127739380113582,0.0608501742711943,0.030930383308077652,0.1818149740192656
apriori_swarm_272_dose_ladder_reused_32,dose_ladder_reused_32,reused_dose_ladder,full,reused_dose,0,23.01967305598639,39,3.621412000000008,dolma3_cc/art_and_design_high,0.6615920831425857,0.07169328776418564,0.036441980614216773,0.04902510007315461
apriori_swarm_273_dose_ladder_reused_33,dose_ladder_reused_33,reused_dose_ladder,full,reused_dose,0,21.203576363317477,39,3.6214120000000087,dolma3_cc/education_and_jobs_high,0.6837016365528341,0.06700927626203615,0.03406107911448987,0.10789236483557177
apriori_swarm_274_dose_ladder_reused_34,dose_ladder_reused_34,reused_dose_ladder,full,reused_dose,0,21.606844592604094,39,3.6214120000000074,dolma3_cc/games_high,0.6795508614230261,0.06788863723736203,0.034508061762588374,0.09702056277868575
apriori_swarm_275_dose_ladder_reused_35,dose_ladder_reused_35,reused_dose_ladder,full,reused_dose,0,21.07280118783495,39,3.6214120000000065,dolma3_cc/finance_and_business_low,0.6850086881736459,0.06673237131003702,0.033920327236490966,0.11129898493996186
apriori_swarm_276_dose_ladder_reused_36,dose_ladder_reused_36,reused_dose_ladder,full,reused_dose,0,22.601262212826548,39,3.6214120000000047,dolma3_cc/entertainment_low,0.6679378836262716,0.0703489004803541,0.03575862326148205,0.06616473521149738
apriori_swarm_277_dose_ladder_reused_37,dose_ladder_reused_37,reused_dose_ladder,full,reused_dose,0,22.60614254296969,39,3.6214120000000047,dolma3_cc/crime_and_law_high,0.6678722528418801,0.07036280466662514,0.035765690814140674,0.06598848929976539
apriori_swarm_278_dose_ladder_reused_38,dose_ladder_reused_38,reused_dose_ladder,full,reused_dose,0,23.242478778965083,39,3.6214120000000043,dolma3_cc/food_and_dining_low,0.6568583687145235,0.07269614713531412,0.036951737983437365,0.03610863210921239
apriori_swarm_279_dose_ladder_reused_39,dose_ladder_reused_39,reused_dose_ladder,full,reused_dose,0,22.937049508637678,39,3.6214120000000047,dolma3_cc/education_and_jobs_low,0.6630011549846756,0.07139476935482483,0.03629024253069227,0.052848194963880775
