candidate_id,target,baseline,domain,mariner_weight,baseline_weight,exact_weight,runtime_weight
mp50_u_olmix_cap64,uncheatable,olmix,dolma3_arxiv,0.017578125,0.00341796875,0.010498046875,0.0107421875
mp50_u_olmix_cap64,uncheatable,olmix,dolma3_cc/art_and_design_high,0.0,0.0087890625,0.00439453125,0.00439453125
mp50_u_olmix_cap64,uncheatable,olmix,dolma3_cc/art_and_design_low,0.00146484375,0.001953125,0.001708984375,0.001953125
mp50_u_olmix_cap64,uncheatable,olmix,dolma3_cc/crime_and_law_high,0.005859375,0.01416015625,0.010009765625,0.01025390625
mp50_u_olmix_cap64,uncheatable,olmix,dolma3_cc/crime_and_law_low,0.00634765625,0.00390625,0.005126953125,0.00537109375
mp50_u_olmix_cap64,uncheatable,olmix,dolma3_cc/education_and_jobs_high,0.0,0.0205078125,0.01025390625,0.01025390625
mp50_u_olmix_cap64,uncheatable,olmix,dolma3_cc/education_and_jobs_low,0.0,0.005859375,0.0029296875,0.0029296875
mp50_u_olmix_cap64,uncheatable,olmix,dolma3_cc/electronics_and_hardware_high,0.0,0.01123046875,0.005615234375,0.005859375
mp50_u_olmix_cap64,uncheatable,olmix,dolma3_cc/electronics_and_hardware_low,0.0,0.00244140625,0.001220703125,0.00146484375
mp50_u_olmix_cap64,uncheatable,olmix,dolma3_cc/entertainment_high,0.017578125,0.05517578125,0.036376953125,0.03662109375
mp50_u_olmix_cap64,uncheatable,olmix,dolma3_cc/entertainment_low,0.0,0.0126953125,0.00634765625,0.00634765625
mp50_u_olmix_cap64,uncheatable,olmix,dolma3_cc/finance_and_business_high,0.0,0.04833984375,0.024169921875,0.0244140625
mp50_u_olmix_cap64,uncheatable,olmix,dolma3_cc/finance_and_business_low,0.0,0.01953125,0.009765625,0.009765625
mp50_u_olmix_cap64,uncheatable,olmix,dolma3_cc/food_and_dining_high,0.0,0.0107421875,0.00537109375,0.00537109375
mp50_u_olmix_cap64,uncheatable,olmix,dolma3_cc/food_and_dining_low,0.0,0.00439453125,0.002197265625,0.00244140625
mp50_u_olmix_cap64,uncheatable,olmix,dolma3_cc/games_high,0.0,0.02685546875,0.013427734375,0.01318359375
mp50_u_olmix_cap64,uncheatable,olmix,dolma3_cc/games_low,0.0,0.00439453125,0.002197265625,0.001953125
mp50_u_olmix_cap64,uncheatable,olmix,dolma3_cc/health_high,0.0,0.02587890625,0.012939453125,0.0126953125
mp50_u_olmix_cap64,uncheatable,olmix,dolma3_cc/health_low,0.0,0.015625,0.0078125,0.0078125
mp50_u_olmix_cap64,uncheatable,olmix,dolma3_cc/history_and_geography_high,0.01513671875,0.01123046875,0.01318359375,0.01318359375
mp50_u_olmix_cap64,uncheatable,olmix,dolma3_cc/history_and_geography_low,0.00390625,0.0009765625,0.00244140625,0.00244140625
mp50_u_olmix_cap64,uncheatable,olmix,dolma3_cc/industrial_high,0.0,0.00537109375,0.002685546875,0.00244140625
mp50_u_olmix_cap64,uncheatable,olmix,dolma3_cc/industrial_low,0.0107421875,0.00146484375,0.006103515625,0.005859375
mp50_u_olmix_cap64,uncheatable,olmix,dolma3_cc/literature_high,0.12255859375,0.09619140625,0.109375,0.109375
mp50_u_olmix_cap64,uncheatable,olmix,dolma3_cc/literature_low,0.013671875,0.0048828125,0.00927734375,0.00927734375
mp50_u_olmix_cap64,uncheatable,olmix,dolma3_cc/science_math_and_technology_high,0.1162109375,0.0732421875,0.0947265625,0.0947265625
mp50_u_olmix_cap64,uncheatable,olmix,dolma3_cc/science_math_and_technology_low,0.02490234375,0.03271484375,0.02880859375,0.02880859375
mp50_u_olmix_cap64,uncheatable,olmix,dolma3_finemath_3plus,0.01513671875,0.0009765625,0.008056640625,0.0078125
mp50_u_olmix_cap64,uncheatable,olmix,dolma3_stack_edu,0.111328125,0.0498046875,0.08056640625,0.08056640625
mp50_u_olmix_cap64,uncheatable,olmix,dolma3_wikipedia,0.001953125,0.0,0.0009765625,0.0009765625
mp50_u_olmix_cap64,uncheatable,olmix,dolmino_common_crawl_hq,0.1845703125,0.162109375,0.17333984375,0.17333984375
mp50_u_olmix_cap64,uncheatable,olmix,dolmino_olmocr_pdfs_hq,0.126953125,0.09228515625,0.109619140625,0.109375
mp50_u_olmix_cap64,uncheatable,olmix,dolmino_stack_edu_fim,0.1044921875,0.0673828125,0.0859375,0.0859375
mp50_u_olmix_cap64,uncheatable,olmix,dolmino_stem_heavy_crawl,0.0029296875,0.0,0.00146484375,0.00146484375
mp50_u_olmix_cap64,uncheatable,olmix,dolmino_synth_code,0.015625,0.0,0.0078125,0.0078125
mp50_u_olmix_cap64,uncheatable,olmix,dolmino_synth_instruction,0.0078125,0.0,0.00390625,0.00390625
mp50_u_olmix_cap64,uncheatable,olmix,dolmino_synth_math,0.0107421875,0.00048828125,0.005615234375,0.00537109375
mp50_u_olmix_cap64,uncheatable,olmix,dolmino_synth_qa,0.05419921875,0.103515625,0.078857421875,0.07861328125
mp50_u_olmix_cap64,uncheatable,olmix,dolmino_synth_thinking,0.00830078125,0.00146484375,0.0048828125,0.0048828125
mp50_u_quad_cap64,uncheatable,quad,dolma3_arxiv,0.017578125,0.01220703125,0.014892578125,0.01513671875
mp50_u_quad_cap64,uncheatable,quad,dolma3_cc/art_and_design_high,0.0,0.0,0.0,0.0
mp50_u_quad_cap64,uncheatable,quad,dolma3_cc/art_and_design_low,0.00146484375,0.00390625,0.002685546875,0.0029296875
mp50_u_quad_cap64,uncheatable,quad,dolma3_cc/crime_and_law_high,0.005859375,0.0126953125,0.00927734375,0.00927734375
mp50_u_quad_cap64,uncheatable,quad,dolma3_cc/crime_and_law_low,0.00634765625,0.0,0.003173828125,0.00341796875
mp50_u_quad_cap64,uncheatable,quad,dolma3_cc/education_and_jobs_high,0.0,0.0,0.0,0.0
mp50_u_quad_cap64,uncheatable,quad,dolma3_cc/education_and_jobs_low,0.0,0.0,0.0,0.0
mp50_u_quad_cap64,uncheatable,quad,dolma3_cc/electronics_and_hardware_high,0.0,0.0,0.0,0.0
mp50_u_quad_cap64,uncheatable,quad,dolma3_cc/electronics_and_hardware_low,0.0,0.0,0.0,0.0
mp50_u_quad_cap64,uncheatable,quad,dolma3_cc/entertainment_high,0.017578125,0.0,0.0087890625,0.0087890625
mp50_u_quad_cap64,uncheatable,quad,dolma3_cc/entertainment_low,0.0,0.0,0.0,0.0
mp50_u_quad_cap64,uncheatable,quad,dolma3_cc/finance_and_business_high,0.0,0.0029296875,0.00146484375,0.00146484375
mp50_u_quad_cap64,uncheatable,quad,dolma3_cc/finance_and_business_low,0.0,0.0,0.0,0.0
mp50_u_quad_cap64,uncheatable,quad,dolma3_cc/food_and_dining_high,0.0,0.0,0.0,0.0
mp50_u_quad_cap64,uncheatable,quad,dolma3_cc/food_and_dining_low,0.0,0.0,0.0,0.0
mp50_u_quad_cap64,uncheatable,quad,dolma3_cc/games_high,0.0,0.0,0.0,0.0
mp50_u_quad_cap64,uncheatable,quad,dolma3_cc/games_low,0.0,0.0,0.0,0.0
mp50_u_quad_cap64,uncheatable,quad,dolma3_cc/health_high,0.0,0.0,0.0,0.0
mp50_u_quad_cap64,uncheatable,quad,dolma3_cc/health_low,0.0,0.0,0.0,0.0
mp50_u_quad_cap64,uncheatable,quad,dolma3_cc/history_and_geography_high,0.01513671875,0.0146484375,0.014892578125,0.01513671875
mp50_u_quad_cap64,uncheatable,quad,dolma3_cc/history_and_geography_low,0.00390625,0.00634765625,0.005126953125,0.00537109375
mp50_u_quad_cap64,uncheatable,quad,dolma3_cc/industrial_high,0.0,0.0,0.0,0.0
mp50_u_quad_cap64,uncheatable,quad,dolma3_cc/industrial_low,0.0107421875,0.01025390625,0.010498046875,0.0107421875
mp50_u_quad_cap64,uncheatable,quad,dolma3_cc/literature_high,0.12255859375,0.07568359375,0.09912109375,0.09912109375
mp50_u_quad_cap64,uncheatable,quad,dolma3_cc/literature_low,0.013671875,0.013671875,0.013671875,0.013671875
mp50_u_quad_cap64,uncheatable,quad,dolma3_cc/science_math_and_technology_high,0.1162109375,0.1396484375,0.1279296875,0.1279296875
mp50_u_quad_cap64,uncheatable,quad,dolma3_cc/science_math_and_technology_low,0.02490234375,0.03125,0.028076171875,0.02783203125
mp50_u_quad_cap64,uncheatable,quad,dolma3_finemath_3plus,0.01513671875,0.01025390625,0.0126953125,0.0126953125
mp50_u_quad_cap64,uncheatable,quad,dolma3_stack_edu,0.111328125,0.130859375,0.12109375,0.12109375
mp50_u_quad_cap64,uncheatable,quad,dolma3_wikipedia,0.001953125,0.0,0.0009765625,0.0009765625
mp50_u_quad_cap64,uncheatable,quad,dolmino_common_crawl_hq,0.1845703125,0.20751953125,0.196044921875,0.19580078125
mp50_u_quad_cap64,uncheatable,quad,dolmino_olmocr_pdfs_hq,0.126953125,0.1064453125,0.11669921875,0.11669921875
mp50_u_quad_cap64,uncheatable,quad,dolmino_stack_edu_fim,0.1044921875,0.15576171875,0.130126953125,0.1298828125
mp50_u_quad_cap64,uncheatable,quad,dolmino_stem_heavy_crawl,0.0029296875,0.00048828125,0.001708984375,0.00146484375
mp50_u_quad_cap64,uncheatable,quad,dolmino_synth_code,0.015625,0.0146484375,0.01513671875,0.01513671875
mp50_u_quad_cap64,uncheatable,quad,dolmino_synth_instruction,0.0078125,0.005859375,0.0068359375,0.0068359375
mp50_u_quad_cap64,uncheatable,quad,dolmino_synth_math,0.0107421875,0.00927734375,0.010009765625,0.009765625
mp50_u_quad_cap64,uncheatable,quad,dolmino_synth_qa,0.05419921875,0.03564453125,0.044921875,0.044921875
mp50_u_quad_cap64,uncheatable,quad,dolmino_synth_thinking,0.00830078125,0.0,0.004150390625,0.00390625
mp50_u_spline_cap64,uncheatable,spline,dolma3_arxiv,0.017578125,0.02734375,0.0224609375,0.0224609375
mp50_u_spline_cap64,uncheatable,spline,dolma3_cc/art_and_design_high,0.0,0.0,0.0,0.0
mp50_u_spline_cap64,uncheatable,spline,dolma3_cc/art_and_design_low,0.00146484375,0.0,0.000732421875,0.0009765625
mp50_u_spline_cap64,uncheatable,spline,dolma3_cc/crime_and_law_high,0.005859375,0.0,0.0029296875,0.0029296875
mp50_u_spline_cap64,uncheatable,spline,dolma3_cc/crime_and_law_low,0.00634765625,0.0,0.003173828125,0.00341796875
mp50_u_spline_cap64,uncheatable,spline,dolma3_cc/education_and_jobs_high,0.0,0.009765625,0.0048828125,0.0048828125
mp50_u_spline_cap64,uncheatable,spline,dolma3_cc/education_and_jobs_low,0.0,0.00146484375,0.000732421875,0.0009765625
mp50_u_spline_cap64,uncheatable,spline,dolma3_cc/electronics_and_hardware_high,0.0,0.0,0.0,0.0
mp50_u_spline_cap64,uncheatable,spline,dolma3_cc/electronics_and_hardware_low,0.0,0.0,0.0,0.0
mp50_u_spline_cap64,uncheatable,spline,dolma3_cc/entertainment_high,0.017578125,0.0205078125,0.01904296875,0.01904296875
mp50_u_spline_cap64,uncheatable,spline,dolma3_cc/entertainment_low,0.0,0.0,0.0,0.0
mp50_u_spline_cap64,uncheatable,spline,dolma3_cc/finance_and_business_high,0.0,0.0,0.0,0.0
mp50_u_spline_cap64,uncheatable,spline,dolma3_cc/finance_and_business_low,0.0,0.0,0.0,0.0
mp50_u_spline_cap64,uncheatable,spline,dolma3_cc/food_and_dining_high,0.0,0.0,0.0,0.0
mp50_u_spline_cap64,uncheatable,spline,dolma3_cc/food_and_dining_low,0.0,0.0,0.0,0.0
mp50_u_spline_cap64,uncheatable,spline,dolma3_cc/games_high,0.0,0.0,0.0,0.0
mp50_u_spline_cap64,uncheatable,spline,dolma3_cc/games_low,0.0,0.0,0.0,0.0
mp50_u_spline_cap64,uncheatable,spline,dolma3_cc/health_high,0.0,0.0,0.0,0.0
mp50_u_spline_cap64,uncheatable,spline,dolma3_cc/health_low,0.0,0.0,0.0,0.0
mp50_u_spline_cap64,uncheatable,spline,dolma3_cc/history_and_geography_high,0.01513671875,0.0107421875,0.012939453125,0.01318359375
mp50_u_spline_cap64,uncheatable,spline,dolma3_cc/history_and_geography_low,0.00390625,0.005859375,0.0048828125,0.0048828125
mp50_u_spline_cap64,uncheatable,spline,dolma3_cc/industrial_high,0.0,0.0009765625,0.00048828125,0.00048828125
mp50_u_spline_cap64,uncheatable,spline,dolma3_cc/industrial_low,0.0107421875,0.0,0.00537109375,0.00537109375
mp50_u_spline_cap64,uncheatable,spline,dolma3_cc/literature_high,0.12255859375,0.05615234375,0.08935546875,0.08935546875
mp50_u_spline_cap64,uncheatable,spline,dolma3_cc/literature_low,0.013671875,0.0,0.0068359375,0.0068359375
mp50_u_spline_cap64,uncheatable,spline,dolma3_cc/science_math_and_technology_high,0.1162109375,0.1337890625,0.125,0.125
mp50_u_spline_cap64,uncheatable,spline,dolma3_cc/science_math_and_technology_low,0.02490234375,0.029296875,0.027099609375,0.02734375
mp50_u_spline_cap64,uncheatable,spline,dolma3_finemath_3plus,0.01513671875,0.0,0.007568359375,0.00732421875
mp50_u_spline_cap64,uncheatable,spline,dolma3_stack_edu,0.111328125,0.1337890625,0.12255859375,0.12255859375
mp50_u_spline_cap64,uncheatable,spline,dolma3_wikipedia,0.001953125,0.0,0.0009765625,0.0009765625
mp50_u_spline_cap64,uncheatable,spline,dolmino_common_crawl_hq,0.1845703125,0.23876953125,0.211669921875,0.21142578125
mp50_u_spline_cap64,uncheatable,spline,dolmino_olmocr_pdfs_hq,0.126953125,0.076171875,0.1015625,0.1015625
mp50_u_spline_cap64,uncheatable,spline,dolmino_stack_edu_fim,0.1044921875,0.1533203125,0.12890625,0.12890625
mp50_u_spline_cap64,uncheatable,spline,dolmino_stem_heavy_crawl,0.0029296875,0.001953125,0.00244140625,0.00244140625
mp50_u_spline_cap64,uncheatable,spline,dolmino_synth_code,0.015625,0.0166015625,0.01611328125,0.01611328125
mp50_u_spline_cap64,uncheatable,spline,dolmino_synth_instruction,0.0078125,0.00830078125,0.008056640625,0.0078125
mp50_u_spline_cap64,uncheatable,spline,dolmino_synth_math,0.0107421875,0.01708984375,0.013916015625,0.013671875
mp50_u_spline_cap64,uncheatable,spline,dolmino_synth_qa,0.05419921875,0.0478515625,0.051025390625,0.05078125
mp50_u_spline_cap64,uncheatable,spline,dolmino_synth_thinking,0.00830078125,0.01025390625,0.00927734375,0.00927734375
mp50_u_lgbm_cap64,uncheatable,lgbm,dolma3_arxiv,0.017578125,0.0302734375,0.02392578125,0.02392578125
mp50_u_lgbm_cap64,uncheatable,lgbm,dolma3_cc/art_and_design_high,0.0,0.02099609375,0.010498046875,0.0107421875
mp50_u_lgbm_cap64,uncheatable,lgbm,dolma3_cc/art_and_design_low,0.00146484375,0.0224609375,0.011962890625,0.01220703125
mp50_u_lgbm_cap64,uncheatable,lgbm,dolma3_cc/crime_and_law_high,0.005859375,0.02734375,0.0166015625,0.0166015625
mp50_u_lgbm_cap64,uncheatable,lgbm,dolma3_cc/crime_and_law_low,0.00634765625,0.02392578125,0.01513671875,0.01513671875
mp50_u_lgbm_cap64,uncheatable,lgbm,dolma3_cc/education_and_jobs_high,0.0,0.0224609375,0.01123046875,0.01123046875
mp50_u_lgbm_cap64,uncheatable,lgbm,dolma3_cc/education_and_jobs_low,0.0,0.02197265625,0.010986328125,0.01123046875
mp50_u_lgbm_cap64,uncheatable,lgbm,dolma3_cc/electronics_and_hardware_high,0.0,0.01953125,0.009765625,0.009765625
mp50_u_lgbm_cap64,uncheatable,lgbm,dolma3_cc/electronics_and_hardware_low,0.0,0.0205078125,0.01025390625,0.01025390625
mp50_u_lgbm_cap64,uncheatable,lgbm,dolma3_cc/entertainment_high,0.017578125,0.02734375,0.0224609375,0.0224609375
mp50_u_lgbm_cap64,uncheatable,lgbm,dolma3_cc/entertainment_low,0.0,0.0244140625,0.01220703125,0.01220703125
mp50_u_lgbm_cap64,uncheatable,lgbm,dolma3_cc/finance_and_business_high,0.0,0.02099609375,0.010498046875,0.0107421875
mp50_u_lgbm_cap64,uncheatable,lgbm,dolma3_cc/finance_and_business_low,0.0,0.02294921875,0.011474609375,0.01171875
mp50_u_lgbm_cap64,uncheatable,lgbm,dolma3_cc/food_and_dining_high,0.0,0.0234375,0.01171875,0.01171875
mp50_u_lgbm_cap64,uncheatable,lgbm,dolma3_cc/food_and_dining_low,0.0,0.02197265625,0.010986328125,0.01123046875
mp50_u_lgbm_cap64,uncheatable,lgbm,dolma3_cc/games_high,0.0,0.02294921875,0.011474609375,0.01171875
mp50_u_lgbm_cap64,uncheatable,lgbm,dolma3_cc/games_low,0.0,0.021484375,0.0107421875,0.0107421875
mp50_u_lgbm_cap64,uncheatable,lgbm,dolma3_cc/health_high,0.0,0.02001953125,0.010009765625,0.01025390625
mp50_u_lgbm_cap64,uncheatable,lgbm,dolma3_cc/health_low,0.0,0.021484375,0.0107421875,0.0107421875
mp50_u_lgbm_cap64,uncheatable,lgbm,dolma3_cc/history_and_geography_high,0.01513671875,0.0283203125,0.021728515625,0.02197265625
mp50_u_lgbm_cap64,uncheatable,lgbm,dolma3_cc/history_and_geography_low,0.00390625,0.0185546875,0.01123046875,0.01123046875
mp50_u_lgbm_cap64,uncheatable,lgbm,dolma3_cc/industrial_high,0.0,0.01904296875,0.009521484375,0.009765625
mp50_u_lgbm_cap64,uncheatable,lgbm,dolma3_cc/industrial_low,0.0107421875,0.021484375,0.01611328125,0.01611328125
mp50_u_lgbm_cap64,uncheatable,lgbm,dolma3_cc/literature_high,0.12255859375,0.03466796875,0.07861328125,0.07861328125
mp50_u_lgbm_cap64,uncheatable,lgbm,dolma3_cc/literature_low,0.013671875,0.02880859375,0.021240234375,0.02099609375
mp50_u_lgbm_cap64,uncheatable,lgbm,dolma3_cc/science_math_and_technology_high,0.1162109375,0.03466796875,0.075439453125,0.0751953125
mp50_u_lgbm_cap64,uncheatable,lgbm,dolma3_cc/science_math_and_technology_low,0.02490234375,0.0400390625,0.032470703125,0.0322265625
mp50_u_lgbm_cap64,uncheatable,lgbm,dolma3_finemath_3plus,0.01513671875,0.02294921875,0.01904296875,0.01904296875
mp50_u_lgbm_cap64,uncheatable,lgbm,dolma3_stack_edu,0.111328125,0.06591796875,0.088623046875,0.08837890625
mp50_u_lgbm_cap64,uncheatable,lgbm,dolma3_wikipedia,0.001953125,0.00341796875,0.002685546875,0.00244140625
mp50_u_lgbm_cap64,uncheatable,lgbm,dolmino_common_crawl_hq,0.1845703125,0.02783203125,0.106201171875,0.10595703125
mp50_u_lgbm_cap64,uncheatable,lgbm,dolmino_olmocr_pdfs_hq,0.126953125,0.04296875,0.0849609375,0.0849609375
mp50_u_lgbm_cap64,uncheatable,lgbm,dolmino_stack_edu_fim,0.1044921875,0.0732421875,0.0888671875,0.0888671875
mp50_u_lgbm_cap64,uncheatable,lgbm,dolmino_stem_heavy_crawl,0.0029296875,0.00146484375,0.002197265625,0.001953125
mp50_u_lgbm_cap64,uncheatable,lgbm,dolmino_synth_code,0.015625,0.01904296875,0.017333984375,0.01708984375
mp50_u_lgbm_cap64,uncheatable,lgbm,dolmino_synth_instruction,0.0078125,0.013671875,0.0107421875,0.0107421875
mp50_u_lgbm_cap64,uncheatable,lgbm,dolmino_synth_math,0.0107421875,0.02001953125,0.015380859375,0.01513671875
mp50_u_lgbm_cap64,uncheatable,lgbm,dolmino_synth_qa,0.05419921875,0.02734375,0.040771484375,0.04052734375
mp50_u_lgbm_cap64,uncheatable,lgbm,dolmino_synth_thinking,0.00830078125,0.02001953125,0.01416015625,0.01416015625
mp50_u_krr_cap64,uncheatable,krr,dolma3_arxiv,0.017578125,0.0185546875,0.01806640625,0.01806640625
mp50_u_krr_cap64,uncheatable,krr,dolma3_cc/art_and_design_high,0.0,0.03076171875,0.015380859375,0.015625
mp50_u_krr_cap64,uncheatable,krr,dolma3_cc/art_and_design_low,0.00146484375,0.009765625,0.005615234375,0.005859375
mp50_u_krr_cap64,uncheatable,krr,dolma3_cc/crime_and_law_high,0.005859375,0.02734375,0.0166015625,0.0166015625
mp50_u_krr_cap64,uncheatable,krr,dolma3_cc/crime_and_law_low,0.00634765625,0.03369140625,0.02001953125,0.02001953125
mp50_u_krr_cap64,uncheatable,krr,dolma3_cc/education_and_jobs_high,0.0,0.01416015625,0.007080078125,0.00732421875
mp50_u_krr_cap64,uncheatable,krr,dolma3_cc/education_and_jobs_low,0.0,0.00048828125,0.000244140625,0.00048828125
mp50_u_krr_cap64,uncheatable,krr,dolma3_cc/electronics_and_hardware_high,0.0,0.00341796875,0.001708984375,0.001953125
mp50_u_krr_cap64,uncheatable,krr,dolma3_cc/electronics_and_hardware_low,0.0,0.00732421875,0.003662109375,0.00390625
mp50_u_krr_cap64,uncheatable,krr,dolma3_cc/entertainment_high,0.017578125,0.001953125,0.009765625,0.009765625
mp50_u_krr_cap64,uncheatable,krr,dolma3_cc/entertainment_low,0.0,0.0322265625,0.01611328125,0.01611328125
mp50_u_krr_cap64,uncheatable,krr,dolma3_cc/finance_and_business_high,0.0,0.01416015625,0.007080078125,0.00732421875
mp50_u_krr_cap64,uncheatable,krr,dolma3_cc/finance_and_business_low,0.0,0.00048828125,0.000244140625,0.00048828125
mp50_u_krr_cap64,uncheatable,krr,dolma3_cc/food_and_dining_high,0.0,0.00048828125,0.000244140625,0.00048828125
mp50_u_krr_cap64,uncheatable,krr,dolma3_cc/food_and_dining_low,0.0,0.04296875,0.021484375,0.021484375
mp50_u_krr_cap64,uncheatable,krr,dolma3_cc/games_high,0.0,0.0126953125,0.00634765625,0.00634765625
mp50_u_krr_cap64,uncheatable,krr,dolma3_cc/games_low,0.0,0.01123046875,0.005615234375,0.005859375
mp50_u_krr_cap64,uncheatable,krr,dolma3_cc/health_high,0.0,0.0009765625,0.00048828125,0.00048828125
mp50_u_krr_cap64,uncheatable,krr,dolma3_cc/health_low,0.0,0.00732421875,0.003662109375,0.00390625
mp50_u_krr_cap64,uncheatable,krr,dolma3_cc/history_and_geography_high,0.01513671875,0.03125,0.023193359375,0.0234375
mp50_u_krr_cap64,uncheatable,krr,dolma3_cc/history_and_geography_low,0.00390625,0.013671875,0.0087890625,0.0087890625
mp50_u_krr_cap64,uncheatable,krr,dolma3_cc/industrial_high,0.0,0.00537109375,0.002685546875,0.0029296875
mp50_u_krr_cap64,uncheatable,krr,dolma3_cc/industrial_low,0.0107421875,0.01611328125,0.013427734375,0.01318359375
mp50_u_krr_cap64,uncheatable,krr,dolma3_cc/literature_high,0.12255859375,0.0478515625,0.085205078125,0.0849609375
mp50_u_krr_cap64,uncheatable,krr,dolma3_cc/literature_low,0.013671875,0.02880859375,0.021240234375,0.02099609375
mp50_u_krr_cap64,uncheatable,krr,dolma3_cc/science_math_and_technology_high,0.1162109375,0.07568359375,0.095947265625,0.095703125
mp50_u_krr_cap64,uncheatable,krr,dolma3_cc/science_math_and_technology_low,0.02490234375,0.037109375,0.031005859375,0.03076171875
mp50_u_krr_cap64,uncheatable,krr,dolma3_finemath_3plus,0.01513671875,0.0126953125,0.013916015625,0.013671875
mp50_u_krr_cap64,uncheatable,krr,dolma3_stack_edu,0.111328125,0.13134765625,0.121337890625,0.12109375
mp50_u_krr_cap64,uncheatable,krr,dolma3_wikipedia,0.001953125,0.0,0.0009765625,0.0009765625
mp50_u_krr_cap64,uncheatable,krr,dolmino_common_crawl_hq,0.1845703125,0.01123046875,0.097900390625,0.09765625
mp50_u_krr_cap64,uncheatable,krr,dolmino_olmocr_pdfs_hq,0.126953125,0.00732421875,0.067138671875,0.06689453125
mp50_u_krr_cap64,uncheatable,krr,dolmino_stack_edu_fim,0.1044921875,0.17138671875,0.137939453125,0.1376953125
mp50_u_krr_cap64,uncheatable,krr,dolmino_stem_heavy_crawl,0.0029296875,0.0,0.00146484375,0.00146484375
mp50_u_krr_cap64,uncheatable,krr,dolmino_synth_code,0.015625,0.0166015625,0.01611328125,0.01611328125
mp50_u_krr_cap64,uncheatable,krr,dolmino_synth_instruction,0.0078125,0.00341796875,0.005615234375,0.00537109375
mp50_u_krr_cap64,uncheatable,krr,dolmino_synth_math,0.0107421875,0.033203125,0.02197265625,0.02197265625
mp50_u_krr_cap64,uncheatable,krr,dolmino_synth_qa,0.05419921875,0.08203125,0.068115234375,0.06787109375
mp50_u_krr_cap64,uncheatable,krr,dolmino_synth_thinking,0.00830078125,0.0048828125,0.006591796875,0.00634765625
mp50_t9_olmix_cap64,table9,olmix,dolma3_arxiv,0.0126953125,0.0,0.00634765625,0.00634765625
mp50_t9_olmix_cap64,table9,olmix,dolma3_cc/art_and_design_high,0.0048828125,0.00048828125,0.002685546875,0.0029296875
mp50_t9_olmix_cap64,table9,olmix,dolma3_cc/art_and_design_low,0.00244140625,0.001953125,0.002197265625,0.00244140625
mp50_t9_olmix_cap64,table9,olmix,dolma3_cc/crime_and_law_high,0.00537109375,0.0,0.002685546875,0.0029296875
mp50_t9_olmix_cap64,table9,olmix,dolma3_cc/crime_and_law_low,0.0087890625,0.0,0.00439453125,0.00439453125
mp50_t9_olmix_cap64,table9,olmix,dolma3_cc/education_and_jobs_high,0.0107421875,0.00048828125,0.005615234375,0.005859375
mp50_t9_olmix_cap64,table9,olmix,dolma3_cc/education_and_jobs_low,0.00146484375,0.0,0.000732421875,0.0009765625
mp50_t9_olmix_cap64,table9,olmix,dolma3_cc/electronics_and_hardware_high,0.00732421875,0.00048828125,0.00390625,0.00390625
mp50_t9_olmix_cap64,table9,olmix,dolma3_cc/electronics_and_hardware_low,0.0087890625,0.00048828125,0.004638671875,0.0048828125
mp50_t9_olmix_cap64,table9,olmix,dolma3_cc/entertainment_high,0.005859375,0.04541015625,0.025634765625,0.02587890625
mp50_t9_olmix_cap64,table9,olmix,dolma3_cc/entertainment_low,0.0078125,0.03662109375,0.022216796875,0.0224609375
mp50_t9_olmix_cap64,table9,olmix,dolma3_cc/finance_and_business_high,0.0009765625,0.00341796875,0.002197265625,0.00244140625
mp50_t9_olmix_cap64,table9,olmix,dolma3_cc/finance_and_business_low,0.0029296875,0.00048828125,0.001708984375,0.001953125
mp50_t9_olmix_cap64,table9,olmix,dolma3_cc/food_and_dining_high,0.02001953125,0.01513671875,0.017578125,0.017578125
mp50_t9_olmix_cap64,table9,olmix,dolma3_cc/food_and_dining_low,0.01416015625,0.0029296875,0.008544921875,0.0087890625
mp50_t9_olmix_cap64,table9,olmix,dolma3_cc/games_high,0.01708984375,0.02685546875,0.02197265625,0.02197265625
mp50_t9_olmix_cap64,table9,olmix,dolma3_cc/games_low,0.01025390625,0.00146484375,0.005859375,0.005859375
mp50_t9_olmix_cap64,table9,olmix,dolma3_cc/health_high,0.013671875,0.02197265625,0.017822265625,0.017578125
mp50_t9_olmix_cap64,table9,olmix,dolma3_cc/health_low,0.01513671875,0.0625,0.038818359375,0.03857421875
mp50_t9_olmix_cap64,table9,olmix,dolma3_cc/history_and_geography_high,0.03515625,0.00048828125,0.017822265625,0.017578125
mp50_t9_olmix_cap64,table9,olmix,dolma3_cc/history_and_geography_low,0.0009765625,0.0,0.00048828125,0.00048828125
mp50_t9_olmix_cap64,table9,olmix,dolma3_cc/industrial_high,0.0068359375,0.0,0.00341796875,0.00341796875
mp50_t9_olmix_cap64,table9,olmix,dolma3_cc/industrial_low,0.01611328125,0.0,0.008056640625,0.0078125
mp50_t9_olmix_cap64,table9,olmix,dolma3_cc/literature_high,0.07275390625,0.1630859375,0.117919921875,0.11767578125
mp50_t9_olmix_cap64,table9,olmix,dolma3_cc/literature_low,0.0166015625,0.0,0.00830078125,0.00830078125
mp50_t9_olmix_cap64,table9,olmix,dolma3_cc/science_math_and_technology_high,0.04443359375,0.0087890625,0.026611328125,0.0263671875
mp50_t9_olmix_cap64,table9,olmix,dolma3_cc/science_math_and_technology_low,0.01904296875,0.01220703125,0.015625,0.015625
mp50_t9_olmix_cap64,table9,olmix,dolma3_finemath_3plus,0.02685546875,0.01171875,0.019287109375,0.01904296875
mp50_t9_olmix_cap64,table9,olmix,dolma3_stack_edu,0.14306640625,0.08447265625,0.11376953125,0.11376953125
mp50_t9_olmix_cap64,table9,olmix,dolma3_wikipedia,0.00048828125,0.0,0.000244140625,0.0
mp50_t9_olmix_cap64,table9,olmix,dolmino_common_crawl_hq,0.02587890625,0.01123046875,0.0185546875,0.0185546875
mp50_t9_olmix_cap64,table9,olmix,dolmino_olmocr_pdfs_hq,0.0322265625,0.03125,0.03173828125,0.03173828125
mp50_t9_olmix_cap64,table9,olmix,dolmino_stack_edu_fim,0.14599609375,0.08447265625,0.115234375,0.115234375
mp50_t9_olmix_cap64,table9,olmix,dolmino_stem_heavy_crawl,0.0009765625,0.0,0.00048828125,0.00048828125
mp50_t9_olmix_cap64,table9,olmix,dolmino_synth_code,0.0166015625,0.0,0.00830078125,0.00830078125
mp50_t9_olmix_cap64,table9,olmix,dolmino_synth_instruction,0.0048828125,0.0,0.00244140625,0.00244140625
mp50_t9_olmix_cap64,table9,olmix,dolmino_synth_math,0.02587890625,0.013671875,0.019775390625,0.01953125
mp50_t9_olmix_cap64,table9,olmix,dolmino_synth_qa,0.16064453125,0.3330078125,0.246826171875,0.24658203125
mp50_t9_olmix_cap64,table9,olmix,dolmino_synth_thinking,0.0341796875,0.02490234375,0.029541015625,0.029296875
mp50_t9_quad_cap64,table9,quad,dolma3_arxiv,0.0126953125,0.0087890625,0.0107421875,0.0107421875
mp50_t9_quad_cap64,table9,quad,dolma3_cc/art_and_design_high,0.0048828125,0.0,0.00244140625,0.00244140625
mp50_t9_quad_cap64,table9,quad,dolma3_cc/art_and_design_low,0.00244140625,0.0,0.001220703125,0.00146484375
mp50_t9_quad_cap64,table9,quad,dolma3_cc/crime_and_law_high,0.00537109375,0.01318359375,0.00927734375,0.00927734375
mp50_t9_quad_cap64,table9,quad,dolma3_cc/crime_and_law_low,0.0087890625,0.01220703125,0.010498046875,0.0107421875
mp50_t9_quad_cap64,table9,quad,dolma3_cc/education_and_jobs_high,0.0107421875,0.0,0.00537109375,0.00537109375
mp50_t9_quad_cap64,table9,quad,dolma3_cc/education_and_jobs_low,0.00146484375,0.0,0.000732421875,0.0009765625
mp50_t9_quad_cap64,table9,quad,dolma3_cc/electronics_and_hardware_high,0.00732421875,0.0,0.003662109375,0.00390625
mp50_t9_quad_cap64,table9,quad,dolma3_cc/electronics_and_hardware_low,0.0087890625,0.0,0.00439453125,0.00439453125
mp50_t9_quad_cap64,table9,quad,dolma3_cc/entertainment_high,0.005859375,0.0,0.0029296875,0.0029296875
mp50_t9_quad_cap64,table9,quad,dolma3_cc/entertainment_low,0.0078125,0.0,0.00390625,0.00390625
mp50_t9_quad_cap64,table9,quad,dolma3_cc/finance_and_business_high,0.0009765625,0.0,0.00048828125,0.00048828125
mp50_t9_quad_cap64,table9,quad,dolma3_cc/finance_and_business_low,0.0029296875,0.0,0.00146484375,0.00146484375
mp50_t9_quad_cap64,table9,quad,dolma3_cc/food_and_dining_high,0.02001953125,0.0,0.010009765625,0.01025390625
mp50_t9_quad_cap64,table9,quad,dolma3_cc/food_and_dining_low,0.01416015625,0.0,0.007080078125,0.00732421875
mp50_t9_quad_cap64,table9,quad,dolma3_cc/games_high,0.01708984375,0.01513671875,0.01611328125,0.01611328125
mp50_t9_quad_cap64,table9,quad,dolma3_cc/games_low,0.01025390625,0.013671875,0.011962890625,0.01220703125
mp50_t9_quad_cap64,table9,quad,dolma3_cc/health_high,0.013671875,0.0,0.0068359375,0.0068359375
mp50_t9_quad_cap64,table9,quad,dolma3_cc/health_low,0.01513671875,0.013671875,0.014404296875,0.01416015625
mp50_t9_quad_cap64,table9,quad,dolma3_cc/history_and_geography_high,0.03515625,0.03076171875,0.032958984375,0.03271484375
mp50_t9_quad_cap64,table9,quad,dolma3_cc/history_and_geography_low,0.0009765625,0.0,0.00048828125,0.00048828125
mp50_t9_quad_cap64,table9,quad,dolma3_cc/industrial_high,0.0068359375,0.0,0.00341796875,0.00341796875
mp50_t9_quad_cap64,table9,quad,dolma3_cc/industrial_low,0.01611328125,0.0146484375,0.015380859375,0.01513671875
mp50_t9_quad_cap64,table9,quad,dolma3_cc/literature_high,0.07275390625,0.13916015625,0.10595703125,0.10595703125
mp50_t9_quad_cap64,table9,quad,dolma3_cc/literature_low,0.0166015625,0.01611328125,0.016357421875,0.01611328125
mp50_t9_quad_cap64,table9,quad,dolma3_cc/science_math_and_technology_high,0.04443359375,0.033203125,0.038818359375,0.03857421875
mp50_t9_quad_cap64,table9,quad,dolma3_cc/science_math_and_technology_low,0.01904296875,0.02587890625,0.0224609375,0.0224609375
mp50_t9_quad_cap64,table9,quad,dolma3_finemath_3plus,0.02685546875,0.02099609375,0.02392578125,0.02392578125
mp50_t9_quad_cap64,table9,quad,dolma3_stack_edu,0.14306640625,0.18115234375,0.162109375,0.162109375
mp50_t9_quad_cap64,table9,quad,dolma3_wikipedia,0.00048828125,0.0,0.000244140625,0.0
mp50_t9_quad_cap64,table9,quad,dolmino_common_crawl_hq,0.02587890625,0.0,0.012939453125,0.0126953125
mp50_t9_quad_cap64,table9,quad,dolmino_olmocr_pdfs_hq,0.0322265625,0.0,0.01611328125,0.01611328125
mp50_t9_quad_cap64,table9,quad,dolmino_stack_edu_fim,0.14599609375,0.23681640625,0.19140625,0.19140625
mp50_t9_quad_cap64,table9,quad,dolmino_stem_heavy_crawl,0.0009765625,0.0,0.00048828125,0.00048828125
mp50_t9_quad_cap64,table9,quad,dolmino_synth_code,0.0166015625,0.013671875,0.01513671875,0.01513671875
mp50_t9_quad_cap64,table9,quad,dolmino_synth_instruction,0.0048828125,0.005859375,0.00537109375,0.00537109375
mp50_t9_quad_cap64,table9,quad,dolmino_synth_math,0.02587890625,0.02001953125,0.02294921875,0.02294921875
mp50_t9_quad_cap64,table9,quad,dolmino_synth_qa,0.16064453125,0.15087890625,0.15576171875,0.15576171875
mp50_t9_quad_cap64,table9,quad,dolmino_synth_thinking,0.0341796875,0.0341796875,0.0341796875,0.0341796875
mp50_t9_spline_cap64,table9,spline,dolma3_arxiv,0.0126953125,0.01318359375,0.012939453125,0.01318359375
mp50_t9_spline_cap64,table9,spline,dolma3_cc/art_and_design_high,0.0048828125,0.0,0.00244140625,0.00244140625
mp50_t9_spline_cap64,table9,spline,dolma3_cc/art_and_design_low,0.00244140625,0.0,0.001220703125,0.00146484375
mp50_t9_spline_cap64,table9,spline,dolma3_cc/crime_and_law_high,0.00537109375,0.0,0.002685546875,0.0029296875
mp50_t9_spline_cap64,table9,spline,dolma3_cc/crime_and_law_low,0.0087890625,0.01806640625,0.013427734375,0.013671875
mp50_t9_spline_cap64,table9,spline,dolma3_cc/education_and_jobs_high,0.0107421875,0.0,0.00537109375,0.00537109375
mp50_t9_spline_cap64,table9,spline,dolma3_cc/education_and_jobs_low,0.00146484375,0.0,0.000732421875,0.0009765625
mp50_t9_spline_cap64,table9,spline,dolma3_cc/electronics_and_hardware_high,0.00732421875,0.0,0.003662109375,0.00390625
mp50_t9_spline_cap64,table9,spline,dolma3_cc/electronics_and_hardware_low,0.0087890625,0.0,0.00439453125,0.00439453125
mp50_t9_spline_cap64,table9,spline,dolma3_cc/entertainment_high,0.005859375,0.0,0.0029296875,0.0029296875
mp50_t9_spline_cap64,table9,spline,dolma3_cc/entertainment_low,0.0078125,0.0,0.00390625,0.00390625
mp50_t9_spline_cap64,table9,spline,dolma3_cc/finance_and_business_high,0.0009765625,0.0,0.00048828125,0.00048828125
mp50_t9_spline_cap64,table9,spline,dolma3_cc/finance_and_business_low,0.0029296875,0.00146484375,0.002197265625,0.00244140625
mp50_t9_spline_cap64,table9,spline,dolma3_cc/food_and_dining_high,0.02001953125,0.03466796875,0.02734375,0.02734375
mp50_t9_spline_cap64,table9,spline,dolma3_cc/food_and_dining_low,0.01416015625,0.0,0.007080078125,0.00732421875
mp50_t9_spline_cap64,table9,spline,dolma3_cc/games_high,0.01708984375,0.0244140625,0.020751953125,0.02099609375
mp50_t9_spline_cap64,table9,spline,dolma3_cc/games_low,0.01025390625,0.0146484375,0.012451171875,0.01220703125
mp50_t9_spline_cap64,table9,spline,dolma3_cc/health_high,0.013671875,0.0,0.0068359375,0.0068359375
mp50_t9_spline_cap64,table9,spline,dolma3_cc/health_low,0.01513671875,0.01513671875,0.01513671875,0.01513671875
mp50_t9_spline_cap64,table9,spline,dolma3_cc/history_and_geography_high,0.03515625,0.03955078125,0.037353515625,0.037109375
mp50_t9_spline_cap64,table9,spline,dolma3_cc/history_and_geography_low,0.0009765625,0.0,0.00048828125,0.00048828125
mp50_t9_spline_cap64,table9,spline,dolma3_cc/industrial_high,0.0068359375,0.0,0.00341796875,0.00341796875
mp50_t9_spline_cap64,table9,spline,dolma3_cc/industrial_low,0.01611328125,0.0,0.008056640625,0.0078125
mp50_t9_spline_cap64,table9,spline,dolma3_cc/literature_high,0.07275390625,0.01123046875,0.0419921875,0.0419921875
mp50_t9_spline_cap64,table9,spline,dolma3_cc/literature_low,0.0166015625,0.0,0.00830078125,0.00830078125
mp50_t9_spline_cap64,table9,spline,dolma3_cc/science_math_and_technology_high,0.04443359375,0.01611328125,0.0302734375,0.0302734375
mp50_t9_spline_cap64,table9,spline,dolma3_cc/science_math_and_technology_low,0.01904296875,0.03271484375,0.02587890625,0.02587890625
mp50_t9_spline_cap64,table9,spline,dolma3_finemath_3plus,0.02685546875,0.02978515625,0.0283203125,0.0283203125
mp50_t9_spline_cap64,table9,spline,dolma3_stack_edu,0.14306640625,0.23046875,0.186767578125,0.1865234375
mp50_t9_spline_cap64,table9,spline,dolma3_wikipedia,0.00048828125,0.0,0.000244140625,0.0
mp50_t9_spline_cap64,table9,spline,dolmino_common_crawl_hq,0.02587890625,0.03466796875,0.0302734375,0.0302734375
mp50_t9_spline_cap64,table9,spline,dolmino_olmocr_pdfs_hq,0.0322265625,0.0048828125,0.0185546875,0.0185546875
mp50_t9_spline_cap64,table9,spline,dolmino_stack_edu_fim,0.14599609375,0.19580078125,0.1708984375,0.1708984375
mp50_t9_spline_cap64,table9,spline,dolmino_stem_heavy_crawl,0.0009765625,0.0,0.00048828125,0.00048828125
mp50_t9_spline_cap64,table9,spline,dolmino_synth_code,0.0166015625,0.01513671875,0.015869140625,0.015625
mp50_t9_spline_cap64,table9,spline,dolmino_synth_instruction,0.0048828125,0.01025390625,0.007568359375,0.00732421875
mp50_t9_spline_cap64,table9,spline,dolmino_synth_math,0.02587890625,0.02783203125,0.02685546875,0.02685546875
mp50_t9_spline_cap64,table9,spline,dolmino_synth_qa,0.16064453125,0.197265625,0.178955078125,0.1787109375
mp50_t9_spline_cap64,table9,spline,dolmino_synth_thinking,0.0341796875,0.03271484375,0.033447265625,0.033203125
mp50_t9_lgbm_cap64,table9,lgbm,dolma3_arxiv,0.0126953125,0.02197265625,0.017333984375,0.017578125
mp50_t9_lgbm_cap64,table9,lgbm,dolma3_cc/art_and_design_high,0.0048828125,0.02099609375,0.012939453125,0.01318359375
mp50_t9_lgbm_cap64,table9,lgbm,dolma3_cc/art_and_design_low,0.00244140625,0.02001953125,0.01123046875,0.01123046875
mp50_t9_lgbm_cap64,table9,lgbm,dolma3_cc/crime_and_law_high,0.00537109375,0.02490234375,0.01513671875,0.01513671875
mp50_t9_lgbm_cap64,table9,lgbm,dolma3_cc/crime_and_law_low,0.0087890625,0.02197265625,0.015380859375,0.015625
mp50_t9_lgbm_cap64,table9,lgbm,dolma3_cc/education_and_jobs_high,0.0107421875,0.02001953125,0.015380859375,0.015625
mp50_t9_lgbm_cap64,table9,lgbm,dolma3_cc/education_and_jobs_low,0.00146484375,0.01953125,0.010498046875,0.0107421875
mp50_t9_lgbm_cap64,table9,lgbm,dolma3_cc/electronics_and_hardware_high,0.00732421875,0.01806640625,0.0126953125,0.0126953125
mp50_t9_lgbm_cap64,table9,lgbm,dolma3_cc/electronics_and_hardware_low,0.0087890625,0.02197265625,0.015380859375,0.015625
mp50_t9_lgbm_cap64,table9,lgbm,dolma3_cc/entertainment_high,0.005859375,0.02001953125,0.012939453125,0.01318359375
mp50_t9_lgbm_cap64,table9,lgbm,dolma3_cc/entertainment_low,0.0078125,0.01904296875,0.013427734375,0.013671875
mp50_t9_lgbm_cap64,table9,lgbm,dolma3_cc/finance_and_business_high,0.0009765625,0.0234375,0.01220703125,0.01220703125
mp50_t9_lgbm_cap64,table9,lgbm,dolma3_cc/finance_and_business_low,0.0029296875,0.02099609375,0.011962890625,0.01220703125
mp50_t9_lgbm_cap64,table9,lgbm,dolma3_cc/food_and_dining_high,0.02001953125,0.0263671875,0.023193359375,0.0234375
mp50_t9_lgbm_cap64,table9,lgbm,dolma3_cc/food_and_dining_low,0.01416015625,0.02294921875,0.0185546875,0.0185546875
mp50_t9_lgbm_cap64,table9,lgbm,dolma3_cc/games_high,0.01708984375,0.01953125,0.018310546875,0.01806640625
mp50_t9_lgbm_cap64,table9,lgbm,dolma3_cc/games_low,0.01025390625,0.01806640625,0.01416015625,0.01416015625
mp50_t9_lgbm_cap64,table9,lgbm,dolma3_cc/health_high,0.013671875,0.01904296875,0.016357421875,0.01611328125
mp50_t9_lgbm_cap64,table9,lgbm,dolma3_cc/health_low,0.01513671875,0.02783203125,0.021484375,0.021484375
mp50_t9_lgbm_cap64,table9,lgbm,dolma3_cc/history_and_geography_high,0.03515625,0.03125,0.033203125,0.033203125
mp50_t9_lgbm_cap64,table9,lgbm,dolma3_cc/history_and_geography_low,0.0009765625,0.0166015625,0.0087890625,0.0087890625
mp50_t9_lgbm_cap64,table9,lgbm,dolma3_cc/industrial_high,0.0068359375,0.0166015625,0.01171875,0.01171875
mp50_t9_lgbm_cap64,table9,lgbm,dolma3_cc/industrial_low,0.01611328125,0.02001953125,0.01806640625,0.01806640625
mp50_t9_lgbm_cap64,table9,lgbm,dolma3_cc/literature_high,0.07275390625,0.02783203125,0.05029296875,0.05029296875
mp50_t9_lgbm_cap64,table9,lgbm,dolma3_cc/literature_low,0.0166015625,0.0244140625,0.0205078125,0.0205078125
mp50_t9_lgbm_cap64,table9,lgbm,dolma3_cc/science_math_and_technology_high,0.04443359375,0.02490234375,0.03466796875,0.03466796875
mp50_t9_lgbm_cap64,table9,lgbm,dolma3_cc/science_math_and_technology_low,0.01904296875,0.0302734375,0.024658203125,0.0244140625
mp50_t9_lgbm_cap64,table9,lgbm,dolma3_finemath_3plus,0.02685546875,0.03125,0.029052734375,0.02880859375
mp50_t9_lgbm_cap64,table9,lgbm,dolma3_stack_edu,0.14306640625,0.07421875,0.108642578125,0.1083984375
mp50_t9_lgbm_cap64,table9,lgbm,dolma3_wikipedia,0.00048828125,0.00537109375,0.0029296875,0.0029296875
mp50_t9_lgbm_cap64,table9,lgbm,dolmino_common_crawl_hq,0.02587890625,0.0244140625,0.025146484375,0.02490234375
mp50_t9_lgbm_cap64,table9,lgbm,dolmino_olmocr_pdfs_hq,0.0322265625,0.0283203125,0.0302734375,0.0302734375
mp50_t9_lgbm_cap64,table9,lgbm,dolmino_stack_edu_fim,0.14599609375,0.072265625,0.109130859375,0.10888671875
mp50_t9_lgbm_cap64,table9,lgbm,dolmino_stem_heavy_crawl,0.0009765625,0.00390625,0.00244140625,0.00244140625
mp50_t9_lgbm_cap64,table9,lgbm,dolmino_synth_code,0.0166015625,0.0234375,0.02001953125,0.02001953125
mp50_t9_lgbm_cap64,table9,lgbm,dolmino_synth_instruction,0.0048828125,0.0107421875,0.0078125,0.0078125
mp50_t9_lgbm_cap64,table9,lgbm,dolmino_synth_math,0.02587890625,0.0302734375,0.028076171875,0.02783203125
mp50_t9_lgbm_cap64,table9,lgbm,dolmino_synth_qa,0.16064453125,0.0634765625,0.112060546875,0.11181640625
mp50_t9_lgbm_cap64,table9,lgbm,dolmino_synth_thinking,0.0341796875,0.03369140625,0.033935546875,0.03369140625
mp50_t9_krr_cap64,table9,krr,dolma3_arxiv,0.0126953125,0.01318359375,0.012939453125,0.01318359375
mp50_t9_krr_cap64,table9,krr,dolma3_cc/art_and_design_high,0.0048828125,0.0302734375,0.017578125,0.017578125
mp50_t9_krr_cap64,table9,krr,dolma3_cc/art_and_design_low,0.00244140625,0.013671875,0.008056640625,0.00830078125
mp50_t9_krr_cap64,table9,krr,dolma3_cc/crime_and_law_high,0.00537109375,0.01220703125,0.0087890625,0.0087890625
mp50_t9_krr_cap64,table9,krr,dolma3_cc/crime_and_law_low,0.0087890625,0.021484375,0.01513671875,0.01513671875
mp50_t9_krr_cap64,table9,krr,dolma3_cc/education_and_jobs_high,0.0107421875,0.01171875,0.01123046875,0.01123046875
mp50_t9_krr_cap64,table9,krr,dolma3_cc/education_and_jobs_low,0.00146484375,0.01220703125,0.0068359375,0.0068359375
mp50_t9_krr_cap64,table9,krr,dolma3_cc/electronics_and_hardware_high,0.00732421875,0.01513671875,0.01123046875,0.01123046875
mp50_t9_krr_cap64,table9,krr,dolma3_cc/electronics_and_hardware_low,0.0087890625,0.01220703125,0.010498046875,0.0107421875
mp50_t9_krr_cap64,table9,krr,dolma3_cc/entertainment_high,0.005859375,0.0107421875,0.00830078125,0.00830078125
mp50_t9_krr_cap64,table9,krr,dolma3_cc/entertainment_low,0.0078125,0.0205078125,0.01416015625,0.01416015625
mp50_t9_krr_cap64,table9,krr,dolma3_cc/finance_and_business_high,0.0009765625,0.01318359375,0.007080078125,0.00732421875
mp50_t9_krr_cap64,table9,krr,dolma3_cc/finance_and_business_low,0.0029296875,0.00732421875,0.005126953125,0.00537109375
mp50_t9_krr_cap64,table9,krr,dolma3_cc/food_and_dining_high,0.02001953125,0.015625,0.017822265625,0.01806640625
mp50_t9_krr_cap64,table9,krr,dolma3_cc/food_and_dining_low,0.01416015625,0.02880859375,0.021484375,0.021484375
mp50_t9_krr_cap64,table9,krr,dolma3_cc/games_high,0.01708984375,0.0146484375,0.015869140625,0.01611328125
mp50_t9_krr_cap64,table9,krr,dolma3_cc/games_low,0.01025390625,0.01220703125,0.01123046875,0.01123046875
mp50_t9_krr_cap64,table9,krr,dolma3_cc/health_high,0.013671875,0.0107421875,0.01220703125,0.01220703125
mp50_t9_krr_cap64,table9,krr,dolma3_cc/health_low,0.01513671875,0.02294921875,0.01904296875,0.01904296875
mp50_t9_krr_cap64,table9,krr,dolma3_cc/history_and_geography_high,0.03515625,0.02734375,0.03125,0.03125
mp50_t9_krr_cap64,table9,krr,dolma3_cc/history_and_geography_low,0.0009765625,0.015625,0.00830078125,0.00830078125
mp50_t9_krr_cap64,table9,krr,dolma3_cc/industrial_high,0.0068359375,0.01123046875,0.009033203125,0.00927734375
mp50_t9_krr_cap64,table9,krr,dolma3_cc/industrial_low,0.01611328125,0.02001953125,0.01806640625,0.01806640625
mp50_t9_krr_cap64,table9,krr,dolma3_cc/literature_high,0.07275390625,0.0390625,0.055908203125,0.0556640625
mp50_t9_krr_cap64,table9,krr,dolma3_cc/literature_low,0.0166015625,0.02099609375,0.018798828125,0.0185546875
mp50_t9_krr_cap64,table9,krr,dolma3_cc/science_math_and_technology_high,0.04443359375,0.0244140625,0.034423828125,0.0341796875
mp50_t9_krr_cap64,table9,krr,dolma3_cc/science_math_and_technology_low,0.01904296875,0.02294921875,0.02099609375,0.02099609375
mp50_t9_krr_cap64,table9,krr,dolma3_finemath_3plus,0.02685546875,0.021484375,0.024169921875,0.02392578125
mp50_t9_krr_cap64,table9,krr,dolma3_stack_edu,0.14306640625,0.1416015625,0.142333984375,0.14208984375
mp50_t9_krr_cap64,table9,krr,dolma3_wikipedia,0.00048828125,0.0087890625,0.004638671875,0.00439453125
mp50_t9_krr_cap64,table9,krr,dolmino_common_crawl_hq,0.02587890625,0.01953125,0.022705078125,0.0224609375
mp50_t9_krr_cap64,table9,krr,dolmino_olmocr_pdfs_hq,0.0322265625,0.0078125,0.02001953125,0.02001953125
mp50_t9_krr_cap64,table9,krr,dolmino_stack_edu_fim,0.14599609375,0.1611328125,0.153564453125,0.1533203125
mp50_t9_krr_cap64,table9,krr,dolmino_stem_heavy_crawl,0.0009765625,0.0029296875,0.001953125,0.001953125
mp50_t9_krr_cap64,table9,krr,dolmino_synth_code,0.0166015625,0.0205078125,0.0185546875,0.0185546875
mp50_t9_krr_cap64,table9,krr,dolmino_synth_instruction,0.0048828125,0.0,0.00244140625,0.00244140625
mp50_t9_krr_cap64,table9,krr,dolmino_synth_math,0.02587890625,0.03955078125,0.03271484375,0.03271484375
mp50_t9_krr_cap64,table9,krr,dolmino_synth_qa,0.16064453125,0.06591796875,0.11328125,0.11328125
mp50_t9_krr_cap64,table9,krr,dolmino_synth_thinking,0.0341796875,0.0302734375,0.0322265625,0.0322265625
