target,method,regret_at_1,best_of_5_regret,best_of_10_regret,selected_rank,rows,optimism,rmse,spearman,model,source,rank
uncheatable,wspu_coupling_kappa_1,0.0023100972175598,0.001158356666565,0.0,5.0,170,0.0322877052704332,0.027725920436395,0.8836841494617156,WSPU + Codex coupling (kappa 1),delphi_coupling_followup_20260906,5/170
uncheatable,dsp_total_exposure,0.0035099387168884,0.0023100972175598,0.0,7.0,170,0.0333254002303317,0.025759873470078,0.8648322860754393,DSP (reference),delphi_offline_selection_20260906,7/170
uncheatable,olmix_loglinear_taskwise,0.0086144804954529,0.0012180805206297,0.0,22.0,170,-0.0046156518628478,0.0218918015480797,0.6247995554497103,OLMix (reference),delphi_offline_selection_20260906,22/170
uncheatable,weibull_softplus_unscaled,0.0023100972175598,0.001158356666565,0.0,5.0,170,0.0373616602117488,0.0260714264401697,0.8806431323697341,WSPU (reference),delphi_offline_selection_20260906,5/170
uncheatable,weibull_softplus_unscaled,0.0023100972175598145,0.0011583566665650524,0.0,5.0,170,0.037361660211748804,0.026071426440169715,0.8806431323697341,WSPU (refit here),this run,5/170
uncheatable,weibull_softplus_unscaled@kappa_floor_link_flat15,0.0016213655471801758,0.0,0.0,4.0,170,-0.0004648939129952012,0.012535412785161086,0.9578800813380477,weibull_softplus_unscaled@kappa_floor_link_flat15,this run,4/170
uncheatable,weibull_softplus_unscaled@kappa_floor_link_flat15_fixed15,0.0016213655471801758,0.0,0.0,4.0,170,-0.008268858071662555,0.010343379902521335,0.9630217206783056,weibull_softplus_unscaled@kappa_floor_link_flat15_fixed15,this run,4/170
uncheatable,weibull_softplus_unscaled@kappa_floor_link_flat15_nocap,0.0016213655471801758,0.0,0.0,4.0,170,-0.0004648939129952012,0.009857122007749557,0.9580583899707501,weibull_softplus_unscaled@kappa_floor_link_flat15_nocap,this run,4/170
uncheatable,weibull_softplus_unscaled@kappa_floor_link_flat15_nomargin,0.0016213655471801758,0.0,0.0,4.0,170,-0.0004648939129952012,0.012535412785161086,0.9578800813380477,weibull_softplus_unscaled@kappa_floor_link_flat15_nomargin,this run,4/170
table9,wspu_coupling_kappa_1,0.0157351341480176,0.0132453036195241,0.008164120301412,14.0,157,0.0577422110817675,0.0346385494264018,0.9009730896371224,WSPU + Codex coupling (kappa 1),delphi_coupling_followup_20260906,14/157
table9,dsp_total_exposure,0.0142858649046231,0.0142858649046231,0.0132453036195241,10.0,157,0.0693714438380925,0.0407993850948521,0.909494601182096,DSP (reference),delphi_offline_selection_20260906,10/157
table9,olmix_loglinear_taskwise,0.0189791606375782,0.0189791606375782,0.0085605542639612,24.0,157,-0.0268468406253807,0.0294674102873045,0.8856976289855432,OLMix (reference),delphi_offline_selection_20260906,24/157
table9,weibull_softplus_unscaled,0.0157351341480176,0.0132453036195241,0.0132453036195241,14.0,157,0.068296537865294,0.0374850191614964,0.8907460353884605,WSPU (reference),delphi_offline_selection_20260906,14/157
table9,weibull_softplus_unscaled,0.015735134148017638,0.01324530361952414,0.01324530361952414,14.0,157,0.068296537865294,0.03748501916149642,0.8907460353884605,WSPU (refit here),this run,14/157
table9,weibull_softplus_unscaled@kappa_floor_link_flat15,0.015078367661498504,0.01324530361952414,0.01324530361952414,12.0,157,0.007755192597277416,0.020231538840458783,0.9417758730828149,weibull_softplus_unscaled@kappa_floor_link_flat15,this run,12/157
table9,weibull_softplus_unscaled@kappa_floor_link_flat15_fixed15,0.015078367661498504,0.01324530361952414,0.01324530361952414,12.0,157,-0.0014742801348315293,0.01994983942173752,0.9339892953937943,weibull_softplus_unscaled@kappa_floor_link_flat15_fixed15,this run,12/157
table9,weibull_softplus_unscaled@kappa_floor_link_flat15_nocap,0.015078367661498504,0.01324530361952414,0.01324530361952414,12.0,157,0.007755192597277416,0.019730141202641858,0.9419650332735876,weibull_softplus_unscaled@kappa_floor_link_flat15_nocap,this run,12/157
table9,weibull_softplus_unscaled@kappa_floor_link_flat15_nomargin,0.015078367661498504,0.01324530361952414,0.01324530361952414,12.0,157,0.007811634243986232,0.020259824672202068,0.9405416803626915,weibull_softplus_unscaled@kappa_floor_link_flat15_nomargin,this run,12/157
