candidate_id,component,bpb
cmp_u_pbt_cap06@t0,minerva_math_algebra,1.0294436894933212
cmp_u_pbt_cap06@t0,minerva_math_counting_and_probability,0.9512815884295985
cmp_u_pbt_cap06@t0,minerva_math_geometry,1.0509837795809889
cmp_u_pbt_cap06@t0,minerva_math_intermediate_algebra,0.9928505436944878
cmp_u_pbt_cap06@t0,minerva_math_number_theory,1.0278821091131296
cmp_u_pbt_cap06@t0,minerva_math_prealgebra,0.9539838380646433
cmp_u_pbt_cap06@t0,minerva_math_precalculus,0.8494251585818537
cmp_u_pbt_cap06@t0,codex_humaneval,0.7589540269399565
cmp_u_pbt_cap06@t0,mbpp,0.9010405005552724
cmp_u_pbt_cap06@t0,mt_mbpp_bash,0.9194812979029281
cmp_u_pbt_cap06@t0,mt_mbpp_c,0.546360632814801
cmp_u_pbt_cap06@t0,mt_mbpp_cpp,0.5241813996486006
cmp_u_pbt_cap06@t0,mt_mbpp_csharp,0.44376725800829697
cmp_u_pbt_cap06@t0,mt_mbpp_go,0.6237845092355799
cmp_u_pbt_cap06@t0,mt_mbpp_haskell,1.500681537981437
cmp_u_pbt_cap06@t0,mt_mbpp_java,0.3908335526796873
cmp_u_pbt_cap06@t0,mt_mbpp_javascript,0.6341235335344243
cmp_u_pbt_cap06@t0,mt_mbpp_matlab,1.0592903749266143
cmp_u_pbt_cap06@t0,mt_mbpp_php,0.5750293971306011
cmp_u_pbt_cap06@t0,mt_mbpp_python,0.9005463431694098
cmp_u_pbt_cap06@t0,mt_mbpp_r,1.0220033296683335
cmp_u_pbt_cap06@t0,mt_mbpp_ruby,0.9493776866155668
cmp_u_pbt_cap06@t0,mt_mbpp_rust,0.760884109172487
cmp_u_pbt_cap06@t0,mt_mbpp_scala,1.081001136968319
cmp_u_pbt_cap06@t0,mt_mbpp_swift,0.68915979760718
cmp_u_pbt_cap06@t0,mt_mbpp_typescript,0.6020157419699864
cmp_u_pbt_cap06@t0,arc_easy,1.0902776271773589
cmp_u_pbt_cap06@t0,arc_challenge,1.2293954088269705
cmp_u_pbt_cap06@t0,mmlu_stem,1.805549834280239
cmp_u_pbt_cap06@t0,mmlu_humanities,1.069681407735242
cmp_u_pbt_cap06@t0,mmlu_social_sciences,1.2186811948521787
cmp_u_pbt_cap06@t0,mmlu_other,1.4637711010659429
cmp_u_pbt_cap06@t0,csqa,1.4453357878435296
cmp_u_pbt_cap06@t0,hellaswag,1.0317926137726094
cmp_u_pbt_cap06@t0,winogrande,1.442277932715
cmp_u_pbt_cap06@t0,socialiqa,1.3319099261288003
cmp_u_pbt_cap06@t0,piqa,1.3279607178307893
cmp_u_pbt_cap06@t0,coqa,0.9236649469131814
cmp_u_pbt_cap06@t0,drop,1.7954904627237593
cmp_u_pbt_cap06@t0,jeopardy,1.559404125945262
cmp_u_pbt_cap06@t0,naturalqs,1.6802442742247274
cmp_u_pbt_cap06@t0,squad,0.6696132694604869
cmp_u_pbt_cap06@t0,sciq,1.1489720396569092
cmp_u_pbt_cap06@t0,basic_skills_arithmetic,2.159560046915462
cmp_u_pbt_cap06@t0,basic_skills_coding,0.7072443584468873
cmp_u_pbt_cap06@t0,basic_skills_common_knowledge,1.1384664115387444
cmp_u_pbt_cap06@t0,basic_skills_logical_reasoning,0.40273416879927515
cmp_u_pbt_cap06@t0,basic_skills_pattern,1.5541302189183597
cmp_u_pbt_cap06@t0,basic_skills_string_operations,2.758527399473498
cmp_u_pbt_cap06@t0,lambada,0.9731502755736757
cmp_u_pbt_cap06@t0,medmcqa,1.9545259715493548
cmp_u_pbt_cap06@t2,minerva_math_algebra,1.0307034839819191
cmp_u_pbt_cap06@t2,minerva_math_counting_and_probability,0.9531680725929609
cmp_u_pbt_cap06@t2,minerva_math_geometry,1.0528906394665334
cmp_u_pbt_cap06@t2,minerva_math_intermediate_algebra,0.9892342522928541
cmp_u_pbt_cap06@t2,minerva_math_number_theory,1.0292193501186435
cmp_u_pbt_cap06@t2,minerva_math_prealgebra,0.9604136696154012
cmp_u_pbt_cap06@t2,minerva_math_precalculus,0.8492752292268412
cmp_u_pbt_cap06@t2,codex_humaneval,0.8113493947266399
cmp_u_pbt_cap06@t2,mbpp,0.9161974486269294
cmp_u_pbt_cap06@t2,mt_mbpp_bash,0.9236162089529735
cmp_u_pbt_cap06@t2,mt_mbpp_c,0.5551660321305514
cmp_u_pbt_cap06@t2,mt_mbpp_cpp,0.5234705502694211
cmp_u_pbt_cap06@t2,mt_mbpp_csharp,0.43972575986034895
cmp_u_pbt_cap06@t2,mt_mbpp_go,0.6358714937590232
cmp_u_pbt_cap06@t2,mt_mbpp_haskell,1.5021727326563343
cmp_u_pbt_cap06@t2,mt_mbpp_java,0.391981950591314
cmp_u_pbt_cap06@t2,mt_mbpp_javascript,0.6378202752946591
cmp_u_pbt_cap06@t2,mt_mbpp_matlab,1.0742100947331361
cmp_u_pbt_cap06@t2,mt_mbpp_php,0.5796281677962556
cmp_u_pbt_cap06@t2,mt_mbpp_python,0.9148877835846367
cmp_u_pbt_cap06@t2,mt_mbpp_r,1.0413087752947459
cmp_u_pbt_cap06@t2,mt_mbpp_ruby,0.9549645788507494
cmp_u_pbt_cap06@t2,mt_mbpp_rust,0.7732965522614929
cmp_u_pbt_cap06@t2,mt_mbpp_scala,1.0975469502587336
cmp_u_pbt_cap06@t2,mt_mbpp_swift,0.7055521160439641
cmp_u_pbt_cap06@t2,mt_mbpp_typescript,0.5903276084618073
cmp_u_pbt_cap06@t2,arc_easy,1.1409852037508297
cmp_u_pbt_cap06@t2,arc_challenge,1.2694706991703903
cmp_u_pbt_cap06@t2,mmlu_stem,1.8173225191217346
cmp_u_pbt_cap06@t2,mmlu_humanities,1.0375282160050234
cmp_u_pbt_cap06@t2,mmlu_social_sciences,1.2334353599162835
cmp_u_pbt_cap06@t2,mmlu_other,1.4845054957867745
cmp_u_pbt_cap06@t2,csqa,1.4570092975526912
cmp_u_pbt_cap06@t2,hellaswag,1.032085055239142
cmp_u_pbt_cap06@t2,winogrande,1.4363853228708736
cmp_u_pbt_cap06@t2,socialiqa,1.3387339756402197
cmp_u_pbt_cap06@t2,piqa,1.3331914360179578
cmp_u_pbt_cap06@t2,coqa,0.8644344192678861
cmp_u_pbt_cap06@t2,drop,1.885821971532898
cmp_u_pbt_cap06@t2,jeopardy,1.5842098768069597
cmp_u_pbt_cap06@t2,naturalqs,1.6775701267710232
cmp_u_pbt_cap06@t2,squad,0.6340141232744412
cmp_u_pbt_cap06@t2,sciq,1.1681468581386723
cmp_u_pbt_cap06@t2,basic_skills_arithmetic,2.224756345655208
cmp_u_pbt_cap06@t2,basic_skills_coding,0.7249862737363313
cmp_u_pbt_cap06@t2,basic_skills_common_knowledge,1.2089037831150502
cmp_u_pbt_cap06@t2,basic_skills_logical_reasoning,0.4003545458179447
cmp_u_pbt_cap06@t2,basic_skills_pattern,1.5583929867180981
cmp_u_pbt_cap06@t2,basic_skills_string_operations,2.7486593936855805
cmp_u_pbt_cap06@t2,lambada,0.9791102565135841
cmp_u_pbt_cap06@t2,medmcqa,1.9980858163452069
cmp_u_pbt_cap06@t1,minerva_math_algebra,1.0357975629897624
cmp_u_pbt_cap06@t1,minerva_math_counting_and_probability,0.9569535687682037
cmp_u_pbt_cap06@t1,minerva_math_geometry,1.060220504305773
cmp_u_pbt_cap06@t1,minerva_math_intermediate_algebra,0.9974595860001165
cmp_u_pbt_cap06@t1,minerva_math_number_theory,1.0351050644145916
cmp_u_pbt_cap06@t1,minerva_math_prealgebra,0.9615603000396625
cmp_u_pbt_cap06@t1,minerva_math_precalculus,0.8537893260622849
cmp_u_pbt_cap06@t1,codex_humaneval,0.7721561995331825
cmp_u_pbt_cap06@t1,mbpp,0.9183713815093019
cmp_u_pbt_cap06@t1,mt_mbpp_bash,0.9246119908460326
cmp_u_pbt_cap06@t1,mt_mbpp_c,0.5555055546819492
cmp_u_pbt_cap06@t1,mt_mbpp_cpp,0.5298082004492429
cmp_u_pbt_cap06@t1,mt_mbpp_csharp,0.44896774631595743
cmp_u_pbt_cap06@t1,mt_mbpp_go,0.6314576145146229
cmp_u_pbt_cap06@t1,mt_mbpp_haskell,1.5069310324914567
cmp_u_pbt_cap06@t1,mt_mbpp_java,0.40374493964842234
cmp_u_pbt_cap06@t1,mt_mbpp_javascript,0.6449311369199076
cmp_u_pbt_cap06@t1,mt_mbpp_matlab,1.0533611941403918
cmp_u_pbt_cap06@t1,mt_mbpp_php,0.5830746434864403
cmp_u_pbt_cap06@t1,mt_mbpp_python,0.9158758251933731
cmp_u_pbt_cap06@t1,mt_mbpp_r,1.0377543598783137
cmp_u_pbt_cap06@t1,mt_mbpp_ruby,0.9429058343604404
cmp_u_pbt_cap06@t1,mt_mbpp_rust,0.7748561929535331
cmp_u_pbt_cap06@t1,mt_mbpp_scala,1.0757677523983067
cmp_u_pbt_cap06@t1,mt_mbpp_swift,0.6954849027365934
cmp_u_pbt_cap06@t1,mt_mbpp_typescript,0.6086247770936003
cmp_u_pbt_cap06@t1,arc_easy,1.0983338247874368
cmp_u_pbt_cap06@t1,arc_challenge,1.2360255261720656
cmp_u_pbt_cap06@t1,mmlu_stem,1.7985444570466966
cmp_u_pbt_cap06@t1,mmlu_humanities,1.0720682407297972
cmp_u_pbt_cap06@t1,mmlu_social_sciences,1.2239661743624288
cmp_u_pbt_cap06@t1,mmlu_other,1.4858046212874063
cmp_u_pbt_cap06@t1,csqa,1.4497196161285224
cmp_u_pbt_cap06@t1,hellaswag,1.0328324098566084
cmp_u_pbt_cap06@t1,winogrande,1.4305317364253585
cmp_u_pbt_cap06@t1,socialiqa,1.3445759133135335
cmp_u_pbt_cap06@t1,piqa,1.307048558814876
cmp_u_pbt_cap06@t1,coqa,0.8489438650036683
cmp_u_pbt_cap06@t1,drop,1.8776276591489092
cmp_u_pbt_cap06@t1,jeopardy,1.5760940853018068
cmp_u_pbt_cap06@t1,naturalqs,1.6840241899649289
cmp_u_pbt_cap06@t1,squad,0.6949757410485519
cmp_u_pbt_cap06@t1,sciq,1.1575294137760657
cmp_u_pbt_cap06@t1,basic_skills_arithmetic,2.2044681101677677
cmp_u_pbt_cap06@t1,basic_skills_coding,0.7415879988046565
cmp_u_pbt_cap06@t1,basic_skills_common_knowledge,1.2253474638319435
cmp_u_pbt_cap06@t1,basic_skills_logical_reasoning,0.4516779511473459
cmp_u_pbt_cap06@t1,basic_skills_pattern,1.6599401914507812
cmp_u_pbt_cap06@t1,basic_skills_string_operations,2.8105864589352954
cmp_u_pbt_cap06@t1,lambada,0.9850289550743302
cmp_u_pbt_cap06@t1,medmcqa,2.0015648310577934
cmp_t9_pbt_cap08@t1,minerva_math_algebra,0.9499693712767727
cmp_t9_pbt_cap08@t1,minerva_math_counting_and_probability,0.8941929563978261
cmp_t9_pbt_cap08@t1,minerva_math_geometry,0.9723256516313602
cmp_t9_pbt_cap08@t1,minerva_math_intermediate_algebra,0.9120662103780912
cmp_t9_pbt_cap08@t1,minerva_math_number_theory,0.963958467172053
cmp_t9_pbt_cap08@t1,minerva_math_prealgebra,0.8941090117339628
cmp_t9_pbt_cap08@t1,minerva_math_precalculus,0.7801407154730532
cmp_t9_pbt_cap08@t1,codex_humaneval,0.7288066371270706
cmp_t9_pbt_cap08@t1,mbpp,0.8989676877289738
cmp_t9_pbt_cap08@t1,mt_mbpp_bash,0.8998623695226845
cmp_t9_pbt_cap08@t1,mt_mbpp_c,0.5371213397653903
cmp_t9_pbt_cap08@t1,mt_mbpp_cpp,0.509508384689666
cmp_t9_pbt_cap08@t1,mt_mbpp_csharp,0.4269548511817666
cmp_t9_pbt_cap08@t1,mt_mbpp_go,0.5761275253318258
cmp_t9_pbt_cap08@t1,mt_mbpp_haskell,1.4865139214773437
cmp_t9_pbt_cap08@t1,mt_mbpp_java,0.37363938210391057
cmp_t9_pbt_cap08@t1,mt_mbpp_javascript,0.6024151247428692
cmp_t9_pbt_cap08@t1,mt_mbpp_matlab,1.0301841499773001
cmp_t9_pbt_cap08@t1,mt_mbpp_php,0.5502118893485658
cmp_t9_pbt_cap08@t1,mt_mbpp_python,0.8994059025998159
cmp_t9_pbt_cap08@t1,mt_mbpp_r,0.9909334729136389
cmp_t9_pbt_cap08@t1,mt_mbpp_ruby,0.9299549095836274
cmp_t9_pbt_cap08@t1,mt_mbpp_rust,0.7030787377986103
cmp_t9_pbt_cap08@t1,mt_mbpp_scala,1.0743909186805165
cmp_t9_pbt_cap08@t1,mt_mbpp_swift,0.6576862681603747
cmp_t9_pbt_cap08@t1,mt_mbpp_typescript,0.5530174584795033
cmp_t9_pbt_cap08@t1,arc_easy,1.129140391255946
cmp_t9_pbt_cap08@t1,arc_challenge,1.2372660769668555
cmp_t9_pbt_cap08@t1,mmlu_stem,1.7495419100547547
cmp_t9_pbt_cap08@t1,mmlu_humanities,1.0534905406021993
cmp_t9_pbt_cap08@t1,mmlu_social_sciences,1.2170434239579035
cmp_t9_pbt_cap08@t1,mmlu_other,1.4629773464785607
cmp_t9_pbt_cap08@t1,csqa,1.4908326474184015
cmp_t9_pbt_cap08@t1,hellaswag,1.0246555623859812
cmp_t9_pbt_cap08@t1,winogrande,1.4461253917493497
cmp_t9_pbt_cap08@t1,socialiqa,1.3542350788128161
cmp_t9_pbt_cap08@t1,piqa,1.2887009036990582
cmp_t9_pbt_cap08@t1,coqa,0.7911292741992861
cmp_t9_pbt_cap08@t1,drop,1.8271862514732775
cmp_t9_pbt_cap08@t1,jeopardy,1.576378742706453
cmp_t9_pbt_cap08@t1,naturalqs,1.6598608457077961
cmp_t9_pbt_cap08@t1,squad,0.6051074632446051
cmp_t9_pbt_cap08@t1,sciq,1.195429940729924
cmp_t9_pbt_cap08@t1,basic_skills_arithmetic,2.0107113454019405
cmp_t9_pbt_cap08@t1,basic_skills_coding,0.660293060420587
cmp_t9_pbt_cap08@t1,basic_skills_common_knowledge,1.1015964487806793
cmp_t9_pbt_cap08@t1,basic_skills_logical_reasoning,0.3766215702222331
cmp_t9_pbt_cap08@t1,basic_skills_pattern,1.5422339648865397
cmp_t9_pbt_cap08@t1,basic_skills_string_operations,2.5987636655836175
cmp_t9_pbt_cap08@t1,lambada,1.0342195790839708
cmp_t9_pbt_cap08@t1,medmcqa,1.9499497101465801
cmp_t9_pbt_cap08@t0,minerva_math_algebra,0.9451685182321126
cmp_t9_pbt_cap08@t0,minerva_math_counting_and_probability,0.897899834558694
cmp_t9_pbt_cap08@t0,minerva_math_geometry,0.9672268530014475
cmp_t9_pbt_cap08@t0,minerva_math_intermediate_algebra,0.9151590255814259
cmp_t9_pbt_cap08@t0,minerva_math_number_theory,0.9595932243279374
cmp_t9_pbt_cap08@t0,minerva_math_prealgebra,0.8911541124494679
cmp_t9_pbt_cap08@t0,minerva_math_precalculus,0.7841667543237943
cmp_t9_pbt_cap08@t0,codex_humaneval,0.6997906367207763
cmp_t9_pbt_cap08@t0,mbpp,0.8857766421066533
cmp_t9_pbt_cap08@t0,mt_mbpp_bash,0.9003078189535746
cmp_t9_pbt_cap08@t0,mt_mbpp_c,0.5253923001124327
cmp_t9_pbt_cap08@t0,mt_mbpp_cpp,0.5013130740163964
cmp_t9_pbt_cap08@t0,mt_mbpp_csharp,0.4234750125691503
cmp_t9_pbt_cap08@t0,mt_mbpp_go,0.5677600461746459
cmp_t9_pbt_cap08@t0,mt_mbpp_haskell,1.4537480215518357
cmp_t9_pbt_cap08@t0,mt_mbpp_java,0.3740572793538737
cmp_t9_pbt_cap08@t0,mt_mbpp_javascript,0.6157988160966178
cmp_t9_pbt_cap08@t0,mt_mbpp_matlab,1.0576738989747128
cmp_t9_pbt_cap08@t0,mt_mbpp_php,0.558303274428398
cmp_t9_pbt_cap08@t0,mt_mbpp_python,0.8836545077976071
cmp_t9_pbt_cap08@t0,mt_mbpp_r,1.0017930653464706
cmp_t9_pbt_cap08@t0,mt_mbpp_ruby,0.93790272188008
cmp_t9_pbt_cap08@t0,mt_mbpp_rust,0.7055626931468094
cmp_t9_pbt_cap08@t0,mt_mbpp_scala,1.081023852986279
cmp_t9_pbt_cap08@t0,mt_mbpp_swift,0.660938514665907
cmp_t9_pbt_cap08@t0,mt_mbpp_typescript,0.567274467183278
cmp_t9_pbt_cap08@t0,arc_easy,1.1700204235769525
cmp_t9_pbt_cap08@t0,arc_challenge,1.2743248142194716
cmp_t9_pbt_cap08@t0,mmlu_stem,1.7851435915993663
cmp_t9_pbt_cap08@t0,mmlu_humanities,1.049780321926405
cmp_t9_pbt_cap08@t0,mmlu_social_sciences,1.2318235030247537
cmp_t9_pbt_cap08@t0,mmlu_other,1.4765871889227868
cmp_t9_pbt_cap08@t0,csqa,1.5646481966990866
cmp_t9_pbt_cap08@t0,hellaswag,1.0261548382439138
cmp_t9_pbt_cap08@t0,winogrande,1.4507960578003143
cmp_t9_pbt_cap08@t0,socialiqa,1.3409114823377946
cmp_t9_pbt_cap08@t0,piqa,1.294488468279749
cmp_t9_pbt_cap08@t0,coqa,0.8099123110244453
cmp_t9_pbt_cap08@t0,drop,1.850803401683632
cmp_t9_pbt_cap08@t0,jeopardy,1.5959661342309492
cmp_t9_pbt_cap08@t0,naturalqs,1.6877032925842128
cmp_t9_pbt_cap08@t0,squad,0.6319884470155116
cmp_t9_pbt_cap08@t0,sciq,1.2313331295262335
cmp_t9_pbt_cap08@t0,basic_skills_arithmetic,1.9240761345565283
cmp_t9_pbt_cap08@t0,basic_skills_coding,0.6098557565618572
cmp_t9_pbt_cap08@t0,basic_skills_common_knowledge,1.1684437254076854
cmp_t9_pbt_cap08@t0,basic_skills_logical_reasoning,0.40607787490386515
cmp_t9_pbt_cap08@t0,basic_skills_pattern,1.563610613063898
cmp_t9_pbt_cap08@t0,basic_skills_string_operations,2.7206382671124576
cmp_t9_pbt_cap08@t0,lambada,1.046094157991161
cmp_t9_pbt_cap08@t0,medmcqa,1.9887350372955275
cmp_t9_pbt_cap08@t2,minerva_math_algebra,0.9484778452666675
cmp_t9_pbt_cap08@t2,minerva_math_counting_and_probability,0.8831986749464031
cmp_t9_pbt_cap08@t2,minerva_math_geometry,0.9714983933641271
cmp_t9_pbt_cap08@t2,minerva_math_intermediate_algebra,0.9135319079585723
cmp_t9_pbt_cap08@t2,minerva_math_number_theory,0.9627026332317958
cmp_t9_pbt_cap08@t2,minerva_math_prealgebra,0.8934662753859742
cmp_t9_pbt_cap08@t2,minerva_math_precalculus,0.7819999517700554
cmp_t9_pbt_cap08@t2,codex_humaneval,0.7126426894826461
cmp_t9_pbt_cap08@t2,mbpp,0.8904353813795544
cmp_t9_pbt_cap08@t2,mt_mbpp_bash,0.9099198602568918
cmp_t9_pbt_cap08@t2,mt_mbpp_c,0.5369451863539978
cmp_t9_pbt_cap08@t2,mt_mbpp_cpp,0.5161312507195309
cmp_t9_pbt_cap08@t2,mt_mbpp_csharp,0.4355713151639871
cmp_t9_pbt_cap08@t2,mt_mbpp_go,0.5735283955294678
cmp_t9_pbt_cap08@t2,mt_mbpp_haskell,1.4814625622316744
cmp_t9_pbt_cap08@t2,mt_mbpp_java,0.38047517522360524
cmp_t9_pbt_cap08@t2,mt_mbpp_javascript,0.6073007868763466
cmp_t9_pbt_cap08@t2,mt_mbpp_matlab,1.0308079668142143
cmp_t9_pbt_cap08@t2,mt_mbpp_php,0.5602530027184838
cmp_t9_pbt_cap08@t2,mt_mbpp_python,0.8896443398597226
cmp_t9_pbt_cap08@t2,mt_mbpp_r,0.991265857429601
cmp_t9_pbt_cap08@t2,mt_mbpp_ruby,0.9140654246947206
cmp_t9_pbt_cap08@t2,mt_mbpp_rust,0.7119846698307092
cmp_t9_pbt_cap08@t2,mt_mbpp_scala,1.060886084934865
cmp_t9_pbt_cap08@t2,mt_mbpp_swift,0.6607361295107587
cmp_t9_pbt_cap08@t2,mt_mbpp_typescript,0.5631787448853094
cmp_t9_pbt_cap08@t2,arc_easy,1.0969258092532845
cmp_t9_pbt_cap08@t2,arc_challenge,1.2435951645209928
cmp_t9_pbt_cap08@t2,mmlu_stem,1.7607508452439737
cmp_t9_pbt_cap08@t2,mmlu_humanities,1.0348011177072913
cmp_t9_pbt_cap08@t2,mmlu_social_sciences,1.2303062266563534
cmp_t9_pbt_cap08@t2,mmlu_other,1.4707580893253778
cmp_t9_pbt_cap08@t2,csqa,1.480965133127448
cmp_t9_pbt_cap08@t2,hellaswag,1.0309700195793141
cmp_t9_pbt_cap08@t2,winogrande,1.4515509607563672
cmp_t9_pbt_cap08@t2,socialiqa,1.339181741285022
cmp_t9_pbt_cap08@t2,piqa,1.290068320555749
cmp_t9_pbt_cap08@t2,coqa,0.7627877453072452
cmp_t9_pbt_cap08@t2,drop,1.8220634876874255
cmp_t9_pbt_cap08@t2,jeopardy,1.5827153281756514
cmp_t9_pbt_cap08@t2,naturalqs,1.6547093986671213
cmp_t9_pbt_cap08@t2,squad,0.5890878704926694
cmp_t9_pbt_cap08@t2,sciq,1.221391815765999
cmp_t9_pbt_cap08@t2,basic_skills_arithmetic,1.9817043085466917
cmp_t9_pbt_cap08@t2,basic_skills_coding,0.6743604341636604
cmp_t9_pbt_cap08@t2,basic_skills_common_knowledge,1.1415649143473376
cmp_t9_pbt_cap08@t2,basic_skills_logical_reasoning,0.3583939012954971
cmp_t9_pbt_cap08@t2,basic_skills_pattern,1.4963030558097608
cmp_t9_pbt_cap08@t2,basic_skills_string_operations,2.696370256002212
cmp_t9_pbt_cap08@t2,lambada,1.0428309946485441
cmp_t9_pbt_cap08@t2,medmcqa,1.9918890046372566
