backend,cycle,elapsed_seconds,emission_span_seconds,phase,memory_used_mib_mean,memory_used_mib_max,gpu_utilization_percent_mean,gpu_utilization_percent_max,power_watts_mean,power_watts_max,temperature_c_max
levanter-gpu,0,0.1649795,0.00016099999999999448,imports,0.0,0.0,0.0,0.0,70.79750000000001,72.45,24.0
levanter-gpu,1,2.3219045,0.00016700000000025028,imports,0.0,0.0,0.0,0.0,70.79124999999999,72.42,24.0
levanter-gpu,2,4.524644,0.00028699999999926007,imports,0.0,0.0,0.0,0.0,70.79125,72.47,24.0
levanter-gpu,3,6.7493565,0.0004220000000003665,imports,0.0,0.0,0.0,0.0,70.78999999999999,72.39,24.0
levanter-gpu,4,9.1208375,0.0003379999999992833,imports,0.0,0.0,0.0,0.0,70.78625,72.41,24.0
levanter-gpu,5,13.6831625,0.00044300000000063733,imports,4.0,4.0,0.0,0.0,70.8125,72.42,24.0
levanter-gpu,6,15.839448,0.0002519999999996969,fixture,4.0,4.0,0.0,0.0,70.8125,72.45,24.0
levanter-gpu,7,18.004794500000003,0.00037499999999823785,model_config,531.0,531.0,0.25,1.0,111.57,116.81,25.0
levanter-gpu,8,20.837487,0.00033899999999675856,model_load,543.5,561.0,0.0,0.0,117.775,120.31,26.0
levanter-gpu,9,22.9566905,0.0006960000000013622,model_load,543.5,561.0,0.0,0.0,117.9025,120.4,26.0
levanter-gpu,10,25.0771095,0.00029300000000276327,model_load,15746.5,61353.0,0.0,0.0,117.96875,120.49,26.0
levanter-gpu,11,27.1973755,0.0002420000000000755,model_load,46154.5,61355.0,0.0,0.0,117.89750000000001,120.39,26.0
levanter-gpu,12,29.3175035,0.0002439999999985787,model_load,61359.5,61377.0,0.5,4.0,117.9675,120.38,26.0
levanter-gpu,13,31.4388655,0.0003929999999989775,model_load,61361.5,61379.0,0.0,0.0,118.035,120.48,26.0
levanter-gpu,14,33.558615,0.00024499999999960664,model_load,61361.5,61379.0,0.0,0.0,118.07,120.5,26.0
levanter-gpu,15,35.680399,0.0004100000000022419,model_load,61361.5,61379.0,0.0,0.0,118.0875,120.51,26.0
levanter-gpu,16,37.7993955,0.00035199999999946385,model_load,61363.5,61381.0,0.0,0.0,118.1325,120.54,26.0
levanter-gpu,17,39.9547905,0.0002709999999979118,model_load,61363.5,61381.0,7.25,10.0,118.18,120.6,26.0
levanter-gpu,18,42.074754,0.00029500000000126647,model_load,61363.5,61381.0,0.0,0.0,118.15249999999999,120.61,26.0
levanter-gpu,19,44.200891,0.00028499999999809233,model_load,61363.5,61381.0,0.0,0.0,118.18875,120.67,26.0
levanter-gpu,20,46.323338,0.0002020000000015898,model_load,61363.5,61381.0,0.0,0.0,118.19375,120.62,27.0
levanter-gpu,21,48.442335,0.00026199999999931833,model_load,61363.5,61381.0,0.0,0.0,118.22375,120.64,27.0
levanter-gpu,22,50.5631075,0.00026600000000343016,model_load,61363.5,61381.0,0.0,0.0,118.25,120.65,27.0
levanter-gpu,23,52.6848365,0.00022799999999989495,model_load,61363.5,61381.0,1.75,9.0,118.29874999999998,120.7,27.0
levanter-gpu,24,54.891488,0.0004860000000022069,model_load,61363.5,61381.0,0.0,0.0,118.26875000000001,120.67,27.0
levanter-gpu,25,57.0279615,0.00027599999999949887,model_load,61363.5,61381.0,0.0,0.0,118.295,120.68,27.0
levanter-gpu,26,59.148089999999996,0.00024100000000260025,model_load,61363.5,61381.0,0.0,0.0,118.315,120.7,27.0
levanter-gpu,27,61.2717095,0.00026600000000343016,model_load,61363.5,61381.0,1.5,8.0,118.31625,120.69,27.0
levanter-gpu,28,63.389443,0.0002329999999943766,model_load,61363.5,61381.0,0.0,0.0,118.30624999999999,120.65,27.0
levanter-gpu,29,65.50955,0.00026400000000137425,model_load,61363.5,61381.0,0.0,0.0,118.31875,120.67,27.0
levanter-gpu,30,67.686148,0.0003509999999948832,model_load,61363.5,61381.0,1.5,10.0,118.345,120.71,27.0
levanter-gpu,31,69.9918205,0.00021300000000223918,model_load,61363.5,61381.0,0.0,0.0,118.36250000000001,120.73,27.0
levanter-gpu,32,72.1125995,0.00023300000000858745,model_load,61363.5,61381.0,0.0,0.0,118.3425,120.68,27.0
levanter-gpu,33,74.2375555,0.00024100000000260025,model_load,61363.5,61381.0,0.0,0.0,118.35375,120.72,27.0
levanter-gpu,34,76.356949,0.00019599999998831663,model_load,61363.5,61381.0,0.0,0.0,118.36,120.7,27.0
levanter-gpu,35,78.476034,0.0002479999999991378,model_load,61363.5,61381.0,0.0,0.0,118.37375,120.72,27.0
levanter-gpu,36,80.597061,0.0003810000000044056,model_load,61363.5,61381.0,0.0,0.0,118.3725,120.71,27.0
levanter-gpu,37,82.779826,0.00022099999999625197,model_load,61363.5,61381.0,0.0,0.0,118.42125,120.74,27.0
levanter-gpu,38,85.005433,0.0002099999999956026,model_load,61363.5,61381.0,0.0,0.0,118.3925,120.73,27.0
levanter-gpu,39,87.125721,0.0002420000000000755,model_load,61363.5,61381.0,0.0,0.0,118.39625000000001,120.69,27.0
levanter-gpu,40,89.2439945,0.00018200000000945238,model_load,61363.5,61381.0,0.0,0.0,118.4225,120.71,27.0
levanter-gpu,41,91.3649345,0.0003700000000037562,model_load,61363.5,61381.0,4.875,10.0,118.47625,120.77,27.0
levanter-gpu,42,93.485788,0.0003180000000071459,model_load,61363.5,61381.0,0.0,0.0,118.45125,120.76,27.0
levanter-gpu,43,95.6060965,0.00022299999999120246,model_load,61363.5,61381.0,0.0,0.0,118.47999999999999,120.8,27.0
levanter-gpu,44,97.7300005,0.0003150000000005093,model_load,61363.5,61381.0,0.0,0.0,118.43,120.77,27.0
levanter-gpu,45,99.911298,0.0002539999999982001,model_load,61363.5,61381.0,0.0,0.0,118.45500000000001,120.76,27.0
levanter-gpu,46,102.029076,0.0002479999999991378,model_load,61363.5,61381.0,0.0,0.0,118.42750000000001,120.73,27.0
levanter-gpu,47,104.1541155,0.0004710000000045511,model_load,61363.5,61381.0,0.0,0.0,118.42999999999999,120.76,27.0
levanter-gpu,48,106.273655,0.0002389999999934389,model_load,61363.5,61381.0,0.0,0.0,118.50125,120.79,27.0
levanter-gpu,49,108.3927465,0.0003760000000028185,model_load,61363.5,61381.0,0.0,0.0,118.45125,120.78,27.0
levanter-gpu,50,110.51362950000001,0.00024399999999502597,model_load,61363.5,61381.0,0.0,0.0,118.4675,120.82,27.0
levanter-gpu,51,112.6348535,0.00030699999999228567,model_load,61363.5,61381.0,0.0,0.0,118.42875000000001,120.78,27.0
levanter-gpu,52,114.754302,0.00026099999999473766,model_load,61363.5,61381.0,0.0,0.0,118.4625,120.78,27.0
levanter-gpu,53,116.8792935,0.00025499999999567535,model_load,61363.5,61381.0,0.0,0.0,118.49875,120.81,27.0
levanter-gpu,54,118.9975415,0.0002250000000003638,model_load,61363.5,61381.0,0.0,0.0,118.48875000000001,120.79,27.0
levanter-gpu,55,121.1163845,0.00022800000000700038,model_load,61363.5,61381.0,0.0,0.0,118.48624999999998,120.8,27.0
levanter-gpu,56,123.2746395,0.0002910000000042601,model_load,61363.5,61381.0,0.0,0.0,118.48875,120.76,27.0
levanter-gpu,57,125.395906,0.00039400000000000546,model_load,61363.5,61381.0,0.0,0.0,118.45875000000001,120.74,28.0
levanter-gpu,58,127.516795,0.00024400000000923683,model_load,61363.5,61381.0,0.0,0.0,118.46125,120.77,28.0
levanter-gpu,59,129.63574799999998,0.00025399999998398926,model_load,61363.5,61381.0,0.0,0.0,118.49375,120.79,28.0
levanter-gpu,60,131.76185600000002,0.0003999999999848569,model_load,61363.5,61381.0,0.0,0.0,118.5175,120.81,28.0
levanter-gpu,61,133.882288,0.0002850000000194086,model_load,61363.5,61381.0,0.0,0.0,118.52374999999999,120.81,28.0
levanter-gpu,62,136.002996,0.0002410000000168111,model_load,61363.5,61381.0,0.0,0.0,118.47749999999999,120.8,28.0
levanter-gpu,63,138.1253965,0.00027199999999538704,model_load,61363.5,61381.0,0.0,0.0,118.52000000000001,120.83,28.0
levanter-gpu,64,140.24991599999998,0.0003510000000233049,model_load,61363.5,61381.0,1.125,5.0,118.5075,120.85,28.0
levanter-gpu,65,142.3700755,0.00020999999998139174,model_load,61363.5,61381.0,0.0,0.0,118.47125,120.78,28.0
levanter-gpu,66,144.4891135,0.0001930000000243126,model_load,61363.5,61381.0,0.0,0.0,118.52375,120.82,28.0
levanter-gpu,67,146.6075935,0.00034299999998665953,model_load,61363.5,61381.0,0.0,0.0,118.51125,120.8,28.0
levanter-gpu,68,148.7304475,0.0002499999999940883,model_load,61363.5,61381.0,0.0,0.0,118.5175,120.8,28.0
levanter-gpu,69,150.8814545,0.0002589999999997872,model_load,61363.5,61381.0,0.0,0.0,118.495,120.82,28.0
levanter-gpu,70,153.0013405,0.00024300000001176159,model_load,61363.5,61381.0,0.0,0.0,118.51500000000001,120.81,28.0
levanter-gpu,71,155.1195485,0.00022400000000288856,model_load,61363.5,61381.0,0.0,0.0,118.52125000000001,120.84,28.0
levanter-gpu,72,157.238463,0.00021200000000476393,model_load,61363.5,61381.0,0.0,0.0,118.53,120.86,28.0
levanter-gpu,73,159.35791749999999,0.0002520000000174605,model_load,61363.5,61381.0,0.0,0.0,118.53375,120.88,28.0
levanter-gpu,74,161.477415,0.00031800000002135675,model_load,61363.5,61381.0,0.0,0.0,118.52875,120.85,28.0
levanter-gpu,75,163.598933,0.00025600000000736145,model_load,61363.5,61381.0,0.0,0.0,118.54875000000001,120.85,28.0
levanter-gpu,76,165.7181215,0.0002599999999972624,model_load,61363.5,61381.0,0.0,0.0,118.51750000000001,120.84,28.0
levanter-gpu,77,167.837004,0.00024899999999661304,model_load,61363.5,61381.0,0.0,0.0,118.51,120.82,28.0
levanter-gpu,78,169.9555735,0.00022400000000288856,model_load,61363.5,61381.0,0.0,0.0,118.5275,120.86,28.0
levanter-gpu,79,172.075198,0.00024399999998081512,model_load,61363.5,61381.0,0.0,0.0,118.53125,120.84,28.0
levanter-gpu,80,174.1941265,0.00024399999998081512,model_load,61363.5,61381.0,0.0,0.0,118.57624999999999,120.83,28.0
levanter-gpu,81,176.3165075,0.00023800000002438537,model_load,61363.5,61381.0,0.0,0.0,118.60125000000001,120.89,28.0
levanter-gpu,82,178.4352415,0.00024400000000923683,model_load,61363.5,61381.0,0.0,0.0,118.58250000000001,120.82,28.0
levanter-gpu,83,180.5564035,0.00032299999998031126,model_load,61363.5,61381.0,0.0,0.0,118.62625,120.92,28.0
levanter-gpu,84,182.6786455,0.0002499999999940883,model_load,61363.5,61381.0,2.25,7.0,118.60624999999999,120.84,28.0
levanter-gpu,85,184.8015755,0.00024700000000166256,model_load,61363.5,61381.0,0.0,0.0,118.58375000000001,120.84,28.0
levanter-gpu,86,186.921893,0.0002550000000098862,model_load,61363.5,61381.0,0.0,0.0,118.58375000000001,120.86,28.0
levanter-gpu,87,189.058143,0.00022100000001046283,model_load,61363.5,61381.0,0.0,0.0,118.585,120.87,28.0
levanter-gpu,88,191.2027725,0.00021899999998709063,model_load,61363.5,61381.0,0.0,0.0,118.5975,120.9,28.0
levanter-gpu,89,193.323688,0.0006009999999889715,model_load,61363.5,61381.0,0.0,0.0,118.61250000000001,120.91,28.0
levanter-gpu,90,195.445038,0.00026099999999473766,model_load,61363.5,61381.0,0.0,0.0,118.645,120.91,28.0
levanter-gpu,91,197.565238,0.0002550000000098862,model_load,61363.5,61381.0,0.0,0.0,118.58250000000001,120.86,28.0
levanter-gpu,92,199.6845935,0.0002479999999991378,model_load,61363.5,61381.0,0.0,0.0,118.6,120.89,28.0
levanter-gpu,93,201.802652,0.00024500000000671207,model_load,61363.5,61381.0,0.0,0.0,118.5925,120.82,28.0
levanter-gpu,94,203.9230395,0.0002460000000041873,model_load,61363.5,61381.0,0.0,0.0,118.60125,120.86,28.0
levanter-gpu,95,206.044092,0.0002459999999757656,model_load,61363.5,61381.0,0.0,0.0,118.59625,120.84,28.0
levanter-gpu,96,208.1624565,0.0002389999999934389,model_load,61363.5,61381.0,0.0,0.0,118.5925,120.87,28.0
levanter-gpu,97,210.2820915,0.00025400000001241096,model_load,61363.5,61381.0,0.0,0.0,118.60625,120.95,28.0
levanter-gpu,98,212.40309200000002,0.0003439999999841348,model_load,61363.5,61381.0,0.0,0.0,118.605,120.85,28.0
levanter-gpu,99,214.5238805,0.0002389999999934389,model_load,61363.5,61381.0,0.0,0.0,118.6,120.89,28.0
levanter-gpu,100,216.642011,0.00027899999997771374,model_load,61363.5,61381.0,0.0,0.0,118.61125,120.91,28.0
levanter-gpu,101,218.7628345,0.0003220000000112577,model_load,61363.5,61381.0,0.0,0.0,118.63625,120.91,28.0
levanter-gpu,102,220.88458400000002,0.00039200000000505497,model_load,61363.5,61381.0,0.0,0.0,118.64125,120.95,28.0
levanter-gpu,103,223.0029145,0.0003260000000011587,model_load,61363.5,61381.0,0.0,0.0,118.61,120.88,28.0
levanter-gpu,104,225.123879,0.0003209999999853608,model_load,61363.5,61381.0,0.0,0.0,118.63875,120.96,28.0
levanter-gpu,105,227.241814,0.00023600000000101318,model_load,61363.5,61381.0,0.0,0.0,118.62125,120.91,28.0
levanter-gpu,106,229.36110200000002,0.0004590000000064265,model_load,61363.5,61381.0,0.0,0.0,118.61500000000001,120.9,28.0
levanter-gpu,107,231.4849945,0.0003879999999867323,model_load,61363.5,61381.0,0.0,0.0,118.6275,120.92,28.0
levanter-gpu,108,233.6109315,0.00030199999997648774,model_load,61363.5,61381.0,0.125,1.0,118.58625,120.86,28.0
levanter-gpu,109,235.7290265,0.0002460000000041873,model_load,61363.5,61381.0,0.0,0.0,118.6175,120.89,28.0
levanter-gpu,110,237.8527535,0.0002750000000162345,model_load,61363.5,61381.0,0.0,0.0,118.65625,120.92,28.0
levanter-gpu,111,239.9700485,0.00023600000000101318,model_load,61363.5,61381.0,0.0,0.0,118.6225,120.89,28.0
levanter-gpu,112,242.0882035,0.00022999999998774,model_load,61363.5,61381.0,0.0,0.0,118.61625000000001,120.9,28.0
levanter-gpu,113,244.2550215,0.0005620000000021719,model_load,61363.5,61381.0,0.0,0.0,118.61875,120.89,28.0
levanter-gpu,114,246.3760665,0.00022800000002121124,model_load,61363.5,61381.0,0.0,0.0,118.60875,120.9,28.0
levanter-gpu,115,248.496193,0.00020399999999654028,model_load,61363.5,61381.0,0.0,0.0,118.61125,120.95,28.0
levanter-gpu,116,250.6168465,0.00021699999999214015,model_load,61363.5,61381.0,0.0,0.0,118.62875,120.93,28.0
levanter-gpu,117,252.739249,0.00027699999998276326,model_load,61363.5,61381.0,0.0,0.0,118.6375,120.9,28.0
levanter-gpu,118,254.857615,0.00023600000000101318,model_load,61363.5,61381.0,0.0,0.0,118.60875,120.87,28.0
levanter-gpu,119,256.97603349999997,0.00024400000000923683,model_load,61363.5,61381.0,0.0,0.0,118.62125,120.89,28.0
levanter-gpu,120,259.09519350000005,0.00025800000003073364,model_load,61363.5,61381.0,0.0,0.0,118.58999999999999,120.88,28.0
levanter-gpu,121,261.215098,0.0002139999999712927,model_load,61363.5,61381.0,0.0,0.0,118.61500000000001,120.9,28.0
levanter-gpu,122,263.33694049999997,0.00024300000001176159,model_load,61363.5,61381.0,0.0,0.0,118.5875,120.85,28.0
levanter-gpu,123,265.454564,0.000275999999985288,model_load,61363.5,61381.0,0.0,0.0,118.63125,120.9,28.0
levanter-gpu,124,267.578555,0.00035200000002078013,model_load,61363.5,61381.0,0.0,0.0,118.63874999999999,120.95,28.0
levanter-gpu,125,269.69524,0.0002230000000054133,model_load,61363.5,61381.0,0.0,0.0,118.63875000000002,120.92,28.0
levanter-gpu,126,271.8181965,0.00025899999997136547,model_load,61363.5,61381.0,0.0,0.0,118.63,120.94,28.0
levanter-gpu,127,273.989635,0.0002460000000041873,model_load,61363.5,61381.0,0.0,0.0,118.63874999999999,120.96,28.0
levanter-gpu,128,276.1086785,0.00025099999999156353,model_load,61363.5,61381.0,0.0,0.0,118.625,120.92,28.0
levanter-gpu,129,278.22690650000004,0.0003530000000182554,model_load,61363.5,61381.0,0.0,0.0,118.65125,120.91,28.0
levanter-gpu,130,280.34565599999996,0.0002460000000041873,model_load,61363.5,61381.0,0.0,0.0,118.6425,120.95,28.0
levanter-gpu,131,282.518421,0.0002579999999738902,model_load,61363.5,61381.0,0.0,0.0,118.68,120.95,28.0
levanter-gpu,132,284.637514,0.00024899999999661304,model_load,61363.5,61381.0,0.0,0.0,118.62875,120.91,28.0
levanter-gpu,133,286.78498549999995,0.00027399999999033753,model_load,61363.5,61381.0,0.0,0.0,118.60249999999999,120.89,28.0
levanter-gpu,134,288.90405599999997,0.0002460000000041873,model_load,61363.5,61381.0,0.0,0.0,118.63625,120.9,28.0
levanter-gpu,135,291.0230355,0.0002520000000458822,model_load,61363.5,61381.0,0.0,0.0,118.5625,120.94,28.0
levanter-gpu,136,293.14534449999996,0.00046000000003232344,model_load,61363.5,61381.0,3.5,11.0,118.5725,120.92,28.0
levanter-gpu,137,295.3174795,0.0002800000000320324,model_load,61363.5,61381.0,0.5,4.0,118.61375000000001,120.99,28.0
levanter-gpu,138,297.434816,0.0003469999999765605,model_load,61363.5,61381.0,0.0,0.0,118.5625,120.91,28.0
levanter-gpu,139,299.55764350000004,0.0004130000000373002,model_load,61363.5,61381.0,0.0,0.0,118.5975,120.93,28.0
levanter-gpu,140,301.6793295,0.0002479999999991378,model_load,61363.5,61381.0,0.0,0.0,118.555,120.94,28.0
levanter-gpu,141,303.7982495,0.00024200000001428634,model_load,61363.5,61381.0,0.0,0.0,118.5675,120.99,28.0
levanter-gpu,142,305.9225345,0.0002550000000383079,model_load,61363.5,61381.0,0.0,0.0,118.5775,120.94,28.0
levanter-gpu,143,308.041526,0.0002340000000344844,model_load,61363.5,61381.0,0.0,0.0,118.54499999999999,120.93,28.0
levanter-gpu,144,310.161404,0.0002959999999916363,model_load,61363.5,61381.0,0.0,0.0,118.5575,120.91,28.0
levanter-gpu,145,312.362298,0.0002920000000017353,model_load,61363.5,61381.0,0.0,0.0,118.56875,120.91,28.0
levanter-gpu,146,314.48234249999996,0.00024899999999661304,model_load,61363.5,61381.0,0.0,0.0,118.535,120.84,28.0
levanter-gpu,147,316.60366750000003,0.0002870000000143591,model_load,61363.5,61381.0,0.0,0.0,118.59125,120.95,28.0
levanter-gpu,148,318.72424750000005,0.00025099999999156353,model_load,61363.5,61381.0,0.0,0.0,118.60375,120.96,28.0
levanter-gpu,149,320.8433255,0.00044700000000830187,model_load,61363.5,61381.0,0.0,0.0,118.5575,120.96,28.0
levanter-gpu,150,322.96155650000003,0.00021700000002056186,model_load,61363.5,61381.0,0.0,0.0,118.55375000000001,120.89,28.0
levanter-gpu,151,325.0801825,0.00024400000000923683,model_load,61363.5,61381.0,0.0,0.0,118.56375,120.98,28.0
levanter-gpu,152,327.2013985,0.000371999999970285,model_load,61363.5,61381.0,0.0,0.0,118.6175,121.0,28.0
levanter-gpu,153,329.3205365,0.00022200000000793807,model_load,61363.5,61381.0,0.0,0.0,118.57,120.93,28.0
levanter-gpu,154,331.4400845,0.0002499999999940883,model_load,61363.5,61381.0,0.0,0.0,118.58375,120.91,28.0
levanter-gpu,155,333.56039699999997,0.00024000000001933586,model_load,61363.5,61381.0,3.0,11.0,118.60875,120.96,28.0
levanter-gpu,156,335.67985699999997,0.000532999999961703,model_load,61363.5,61381.0,0.0,0.0,118.57000000000001,120.94,28.0
levanter-gpu,157,337.8008595,0.0002389999999650172,model_load,61363.5,61381.0,0.0,0.0,118.58125000000001,120.96,28.0
levanter-gpu,158,339.968625,0.0002620000000206346,model_load,61363.5,61381.0,0.0,0.0,118.55625,120.93,28.0
levanter-gpu,159,342.08842549999997,0.000302999999973963,model_load,61363.5,61381.0,0.0,0.0,118.55875,120.93,28.0
levanter-gpu,160,344.21758150000005,0.00025300000004335743,model_load,61365.5,61383.0,1.875,10.0,118.59625,120.95,28.0
levanter-gpu,161,346.659679,0.01547299999998586,model_load,61365.5,61383.0,0.0,0.0,118.545,120.88,28.0
levanter-gpu,162,348.82989,0.010940000000005057,model_load,61365.5,61383.0,0.0,0.0,118.58500000000001,120.94,28.0
levanter-gpu,163,350.952186,0.00030200000003333116,model_load,61443.25,61577.0,1.875,8.0,118.60125,120.98,28.0
levanter-gpu,164,353.1039905,0.0002840000000219334,batch_1_256,65023.25,65039.0,5.5,24.0,132.325,134.85,28.0
levanter-gpu,165,358.8427295,0.01103899999998248,batch_1_256,65023.25,65039.0,0.0,0.0,118.7275,121.14,28.0
levanter-gpu,166,362.65106549999996,0.000367999999980384,batch_1_256,65023.25,65039.0,0.0,0.0,118.71000000000001,121.1,28.0
levanter-gpu,167,366.74663150000003,0.012533999999959633,batch_1_256,65023.25,65039.0,0.0,0.0,118.70625000000001,121.11,28.0
levanter-gpu,168,373.003963,3.389630000000011,batch_3_1024,65027.25,65043.0,15.625,51.0,272.225,282.64,30.0
levanter-gpu,169,379.2864425,0.0003070000000207074,batch_3_1024,65027.25,65043.0,0.0,0.0,118.89625000000001,121.27,28.0
levanter-gpu,170,381.4417505,0.00025099999999156353,batch_3_1024,65027.25,65043.0,45.875,97.0,137.23375,147.17,30.0
levanter-gpu,171,383.59799899999996,0.00022899999999026477,batch_4_1024,65027.25,65043.0,98.0,99.0,285.43,292.61,32.0
levanter-gpu,172,388.661619,0.024740000000008422,batch_5_4096,65029.25,65045.0,0.0,0.0,119.05875,121.5,29.0
levanter-gpu,173,394.5250605,0.00031799999999293505,batch_5_4096,65029.25,65045.0,0.0,0.0,118.95625000000001,121.41,29.0
levanter-gpu,174,396.6739005,0.00026300000001810986,batch_5_4096,65029.25,65045.0,0.0,0.0,118.89875,121.38,28.0
levanter-gpu,175,398.82869400000004,0.00025099999999156353,batch_5_4096,65031.25,65047.0,97.625,99.0,210.46375,217.53,32.0
levanter-gpu,176,400.97972000000004,0.000252999999986514,batch_5_4096,65031.25,65047.0,97.625,99.0,216.64375,223.02,31.0
levanter-gpu,177,403.1311095,0.00024200000001428634,batch_6_4096,65031.25,65047.0,96.125,99.0,205.17125,218.71,33.0
levanter-gpu,178,405.2851025,0.00023900000002186061,batch_6_4096,65031.25,65047.0,97.0,99.0,212.78750000000002,222.08,32.0
levanter-gpu,179,411.25100999999995,0.00029499999999416104,batch_7_16384,65031.25,65047.0,0.0,0.0,119.51375,122.05,30.0
levanter-gpu,180,417.43437900000004,0.10082599999998365,batch_7_16384,65031.25,65047.0,0.0,0.0,119.1225,121.62,29.0
levanter-gpu,181,419.60215100000005,0.00026500000001306034,batch_7_16384,65033.25,65049.0,48.125,98.0,142.37875,152.66,33.0
levanter-gpu,182,421.75142700000004,0.00023900000002186061,batch_7_16384,65033.25,65049.0,98.5,100.0,203.42125,213.94,31.0
levanter-gpu,183,423.89957100000004,0.00023599999997259147,batch_7_16384,65033.25,65049.0,94.625,97.0,191.18875,204.81,30.0
levanter-gpu,184,426.054484,0.00022599999999783904,batch_7_16384,65033.25,65049.0,93.0,98.0,180.83749999999998,192.83,30.0
levanter-gpu,185,428.20679900000005,0.00022899999999026477,batch_7_16384,65033.25,65049.0,96.0,100.0,194.5925,206.38,31.0
levanter-gpu,186,430.356809,0.00023300000003700916,batch_7_16384,65033.25,65049.0,93.125,99.0,180.08625,197.52,30.0
levanter-gpu,187,432.50973150000004,0.00027399999999033753,batch_7_16384,65033.25,65049.0,94.25,99.0,188.465,198.58,31.0
levanter-gpu,188,434.654663,0.00022200000000793807,batch_7_16384,65033.25,65049.0,94.875,97.0,188.48874999999998,207.13,31.0
levanter-gpu,189,436.800376,0.00022899999999026477,batch_7_16384,65033.25,65049.0,93.125,99.0,169.8225,175.04,31.0
levanter-gpu,190,444.0521205,1.5931439999999952,batch_8_32768,65033.25,65049.0,0.0,0.0,119.38,121.93,30.0
levanter-gpu,191,448.5119895,0.005352000000016233,batch_8_32768,65033.25,65049.0,0.0,0.0,119.265,121.76,29.0
levanter-gpu,192,450.67027199999995,0.00023999999996249244,batch_8_32768,65033.25,65049.0,53.375,100.0,157.8625,166.31,33.0
levanter-gpu,193,452.82126949999997,0.00020499999999401552,batch_8_32768,65033.25,65049.0,96.0,99.0,178.31375,199.43,30.0
levanter-gpu,194,454.9717895,0.00023499999997511622,batch_8_32768,65033.25,65049.0,98.5,100.0,209.20625,216.09,33.0
levanter-gpu,195,457.13080649999995,0.0002020000000015898,batch_8_32768,65033.25,65049.0,96.25,99.0,164.75125000000003,177.98,35.0
levanter-gpu,196,459.2832305,0.00033199999995758844,batch_8_32768,65033.25,65049.0,95.0,99.0,196.10125,201.88,30.0
levanter-gpu,197,461.43593250000004,0.00030699999996386396,batch_8_32768,65033.25,65049.0,97.625,100.0,146.57125000000002,167.83,32.0
levanter-gpu,198,463.582657,0.00034999999996898623,batch_8_32768,65033.25,65049.0,96.875,99.0,194.80875,200.8,30.0
levanter-gpu,199,465.73886,0.00035500000001320586,batch_8_32768,65033.25,65049.0,99.625,100.0,181.68625,200.54,36.0
levanter-gpu,200,467.88912,0.0003240000000346299,batch_8_32768,65033.25,65049.0,96.5,99.0,178.4425,200.2,30.0
levanter-gpu,201,470.0398575,0.00034299999998665953,batch_8_32768,65033.25,65049.0,96.0,100.0,196.62375,201.25,31.0
levanter-gpu,202,472.19318799999996,0.00032699999997021223,batch_8_32768,65033.25,65049.0,96.75,99.0,162.56,171.84,33.0
levanter-gpu,203,474.34319849999997,0.0003379999999992833,batch_8_32768,65033.25,65049.0,97.0,99.0,197.49,205.02,31.0
levanter-gpu,204,476.4980765,0.00032499999997526174,batch_8_32768,65033.25,65049.0,99.0,100.0,157.9925,167.82,33.0
levanter-gpu,205,478.6448445,0.00034800000003087916,batch_8_32768,65033.25,65049.0,96.625,99.0,190.695,201.41,31.0
levanter-gpu,206,480.794797,0.00034599999997908526,batch_8_32768,65033.25,65049.0,98.25,100.0,196.27625,202.4,34.0
levanter-gpu,207,482.9455535,0.00033899999999675856,batch_8_32768,65033.25,65049.0,96.375,99.0,182.32875,200.69,31.0
levanter-gpu,208,485.1009995,0.00034500000003845344,batch_8_32768,65033.25,65049.0,96.5,99.0,209.49124999999998,214.93,31.0
vllm-gpu,0,0.160456,0.00014300000000000423,imports,0.0,0.0,0.0,0.0,69.75874999999999,71.3,25.0
vllm-gpu,1,2.3168885,0.0001609999999998557,imports,0.0,0.0,0.0,0.0,69.76875000000001,71.3,25.0
vllm-gpu,2,4.473551,0.00037300000000062283,imports,0.0,0.0,0.0,0.0,69.75,71.27,25.0
vllm-gpu,3,6.8138125,0.00031300000000022976,imports,0.0,0.0,0.0,0.0,69.76750000000001,71.3,25.0
vllm-gpu,4,8.9785575,0.00034299999999909403,imports,0.0,0.0,0.0,0.0,69.76625000000001,71.28,25.0
vllm-gpu,5,11.135072999999998,0.00032999999999994145,imports,0.0,0.0,0.0,0.0,69.76125,71.29,25.0
vllm-gpu,6,13.302496000000001,0.00025399999999997647,imports,0.0,0.0,0.0,0.0,69.7475,71.26,25.0
vllm-gpu,7,15.457175,0.0002469999999998862,server_startup,0.0,0.0,0.0,0.0,69.74625,71.31,25.0
vllm-gpu,8,17.6114495,0.00018599999999935335,server_startup,0.0,0.0,0.0,0.0,69.7675,71.32,25.0
vllm-gpu,9,19.766192,0.00024499999999960664,server_startup,0.0,0.0,0.0,0.0,69.76375,71.31,25.0
vllm-gpu,10,22.134265,0.00021800000000027353,server_startup,0.0,0.0,0.0,0.0,69.7575,71.3,25.0
vllm-gpu,11,24.291969,0.00022799999999989495,server_startup,0.0,0.0,0.0,0.0,69.7525,71.3,25.0
vllm-gpu,12,26.4479875,0.00022199999999727993,server_startup,0.0,0.0,0.0,0.0,69.76125,71.29,25.0
vllm-gpu,13,28.6102705,0.0002190000000013015,server_startup,0.0,0.0,0.0,0.0,69.73375,71.29,25.0
vllm-gpu,14,30.765298,0.00021799999999672082,server_startup,0.0,0.0,0.0,0.0,69.76375,71.31,25.0
vllm-gpu,15,32.921711,0.00020299999999906504,server_startup,0.0,0.0,0.0,0.0,69.74,71.28,25.0
vllm-gpu,16,35.142757,0.0002539999999982001,server_startup,0.0,0.0,0.0,0.0,69.73499999999999,71.29,25.0
vllm-gpu,17,37.622842000000006,0.00022599999999783904,server_startup,0.0,0.0,0.0,0.0,69.72125,71.32,25.0
vllm-gpu,18,40.124404,0.00023600000000101318,server_startup,0.0,0.0,0.0,0.0,69.73500000000001,71.29,25.0
vllm-gpu,19,42.278869,0.00033099999999564034,server_startup,0.0,0.0,0.0,0.0,69.69250000000001,71.27,25.0
vllm-gpu,20,44.452242,0.0002420000000000755,server_startup,0.0,0.0,0.0,0.0,69.705,71.28,25.0
vllm-gpu,21,46.607744999999994,0.0002440000000021314,server_startup,0.0,0.0,0.0,0.0,69.72,71.31,25.0
vllm-gpu,22,48.7658625,0.00033899999999675856,server_startup,0.0,0.0,0.0,0.0,69.715,71.29,25.0
vllm-gpu,23,50.983326,0.0002840000000006171,server_startup,0.0,0.0,0.0,0.0,69.73375,71.31,25.0
vllm-gpu,24,53.204359,0.0002250000000003638,server_startup,0.0,0.0,0.0,0.0,69.72625000000001,71.33,25.0
vllm-gpu,25,55.726524,0.0002329999999943766,server_startup,0.25,1.0,0.0,0.0,69.72375,71.32,25.0
vllm-gpu,26,58.989155,0.00028300000000314185,server_startup,2.125,4.0,0.0,0.0,69.7525,71.35,25.0
vllm-gpu,27,61.115967999999995,0.00023399999999895726,server_startup,465.125,531.0,0.0,0.0,109.66375,119.05,26.0
vllm-gpu,28,63.241357,0.00023699999999848842,server_startup,465.125,531.0,0.0,0.0,109.71375,117.27,26.0
vllm-gpu,29,65.365742,0.00021499999999718966,server_startup,1073.0,1079.0,0.0,0.0,116.55250000000001,118.92,26.0
vllm-gpu,30,67.6544965,0.00041299999999466763,server_startup,23311.0,23317.0,0.0,0.0,115.4125,117.44,26.0
vllm-gpu,31,69.8944345,0.000400999999996543,server_startup,23311.0,23317.0,0.25,1.0,115.36625000000001,117.54,26.0
vllm-gpu,32,72.146099,0.00031100000001060835,server_startup,23311.0,23317.0,0.875,7.0,115.4025,117.59,26.0
vllm-gpu,33,74.297794,0.00023399999999185184,server_startup,27231.0,27237.0,63.625,97.0,149.01875,150.97,27.0
vllm-gpu,34,76.4387665,0.00026200000000642376,server_startup,27231.0,27237.0,95.75,97.0,149.63125,152.58,28.0
vllm-gpu,35,78.5814945,0.00022100000001046283,server_startup,27231.0,27237.0,96.625,97.0,150.34875,152.61,28.0
vllm-gpu,36,80.72621,0.00023500000000353793,server_startup,27231.0,27237.0,32.0,97.0,146.14249999999998,148.91,28.0
vllm-gpu,37,82.922248,0.0002729999999928623,server_startup,27235.5,27249.0,89.125,100.0,136.14375,138.22,28.0
vllm-gpu,38,85.0524825,0.0002389999999934389,server_startup,20067.0,20073.0,0.0,0.0,115.66,117.24,27.0
vllm-gpu,39,87.1804425,0.00022999999998774,server_startup,20067.0,20073.0,0.0,0.0,115.55875,117.26,27.0
vllm-gpu,40,89.308294,0.00021399999999971442,server_startup,20067.0,20073.0,0.0,0.0,115.63625000000002,117.87,27.0
vllm-gpu,41,91.436622,0.00021399999999971442,server_startup,20067.0,20073.0,0.0,0.0,115.64000000000001,117.92,27.0
vllm-gpu,42,93.564043,0.00022599999999783904,server_startup,20067.0,20073.0,0.0,0.0,115.64125,117.92,27.0
vllm-gpu,43,95.6965455,0.00022099999999625197,server_startup,20139.0,20145.0,5.5,24.0,126.9725,129.0,27.0
vllm-gpu,44,97.91209950000001,0.00024899999999661304,server_startup,20139.0,20145.0,0.0,0.0,115.755,118.03,27.0
vllm-gpu,45,100.267298,0.0002490000000108239,server_startup,20768.25,20775.0,0.0,0.0,115.83500000000001,118.14,27.0
vllm-gpu,46,102.3976595,0.00023300000000858745,server_startup,20769.0,20775.0,0.0,0.0,123.41749999999999,126.8,27.0
vllm-gpu,47,104.567579,0.00027999999998939984,server_startup,20770.75,20777.0,14.25,79.0,125.59875,133.67,27.0
vllm-gpu,48,106.6977005,0.00021499999999718966,server_startup,20771.0,20777.0,0.0,0.0,116.93875,124.13,27.0
vllm-gpu,49,108.83117,0.00022899999999026477,server_startup,20771.0,20777.0,0.0,0.0,119.9925,123.83,27.0
vllm-gpu,50,110.96019849999999,0.00025300000000072487,server_startup,20771.0,20777.0,0.0,0.0,115.85875,118.21,28.0
vllm-gpu,51,113.0939215,0.00023499999998932708,server_startup,20771.0,20777.0,9.375,75.0,119.30125,142.91,29.0
vllm-gpu,52,115.22381949999999,0.00022100000001046283,server_startup,20771.0,20777.0,0.0,0.0,115.8325,118.15,28.0
vllm-gpu,53,117.353306,0.00023300000000858745,server_startup,20771.0,20777.0,0.0,0.0,115.8275,118.19,28.0
vllm-gpu,54,119.4838235,0.00021800000000382624,server_startup,20771.0,20777.0,0.0,0.0,115.82875,118.18,28.0
vllm-gpu,55,121.6188385,0.00023000000000195087,server_startup,20771.0,20777.0,0.0,0.0,115.81125,118.18,28.0
vllm-gpu,56,123.750697,0.00023199999999690135,server_startup,20771.0,20777.0,0.0,0.0,115.78125,118.17,28.0
vllm-gpu,57,125.8807425,0.00021399999999971442,server_startup,20771.0,20777.0,0.0,0.0,115.80375000000001,118.21,28.0
vllm-gpu,58,128.0110685,0.00023000000001616172,server_startup,20771.0,20777.0,0.0,0.0,115.81125,118.18,28.0
vllm-gpu,59,130.1410225,0.00023699999999848842,server_startup,20771.0,20777.0,0.0,0.0,115.82124999999999,118.19,28.0
vllm-gpu,60,132.272031,0.00022799999999278953,server_startup,20771.0,20777.0,0.0,0.0,115.79625,118.18,28.0
vllm-gpu,61,134.4085025,0.00023299999998016574,server_startup,20771.0,20777.0,10.0,57.0,131.31625000000003,139.06,28.0
vllm-gpu,62,136.54110400000002,0.00023300000000858745,server_startup,20771.25,20777.0,0.0,0.0,119.40375,142.25,28.0
vllm-gpu,63,138.67392949999999,0.00022599999999783904,server_startup,20306.25,20311.0,0.0,0.0,120.04124999999999,138.12,28.0
vllm-gpu,64,140.804717,0.00023600000000101318,server_startup,20360.5,20365.0,0.0,0.0,116.11875,117.91,28.0
vllm-gpu,65,143.024487,0.0002319999999826905,server_startup,75408.75,75415.0,7.375,18.0,121.615,124.12,28.0
vllm-gpu,66,145.155374,0.00024299999998333988,server_startup,75352.75,75359.0,0.0,0.0,119.83875,122.45,28.0
vllm-gpu,67,147.2869025,0.00022699999999531428,server_startup,75352.75,75359.0,0.0,0.0,115.97125,118.32,28.0
vllm-gpu,68,149.4180075,0.0002090000000123382,server_startup,75352.75,75359.0,0.0,0.0,115.95875,118.32,28.0
vllm-gpu,69,151.549302,0.0002179999999896154,wave_1_256,75353.25,75359.0,0.0,0.0,121.055,123.46,28.0
vllm-gpu,70,153.6806215,0.00022599999999783904,wave_1_256,75374.75,75383.0,0.0,0.0,116.04375,118.32,28.0
vllm-gpu,71,155.818899,0.000298999999984062,wave_6_4096,75416.5,75425.0,36.375,100.0,208.865,218.22,30.0
vllm-gpu,72,157.967442,0.00022200000000793807,wave_7_16384,75416.5,75425.0,96.875,100.0,277.7175,282.72,32.0
vllm-gpu,73,160.112649,0.0002409999999883894,wave_8_32768,75416.5,75425.0,100.0,100.0,287.64625,293.24,33.0
vllm-gpu,74,162.255804,0.00024000000001933586,wave_8_32768,75417.0,75425.0,96.75,100.0,252.8725,261.33,33.0
vllm-gpu,75,164.4078165,0.00022699999999531428,rank_sentinel,75417.75,75425.0,100.0,100.0,243.43375,250.83,33.0
vllm-gpu,76,166.968161,0.00032000000001630724,rank_sentinel,10565.125,28135.0,13.375,56.0,123.875,127.94,30.0
vllm-gpu,77,169.11524500000002,0.00025599999997893974,rank_sentinel,10565.125,28135.0,0.0,0.0,103.1575,117.58,29.0
vllm-gpu,78,171.2632545,0.0002570000000048367,rank_sentinel,10565.125,28135.0,0.0,0.0,88.0325,117.5,29.0
vllm-gpu,79,173.410441,0.00024299999998333988,rank_sentinel,10546.375,28101.0,0.0,0.0,87.89999999999999,117.47,29.0
vllm-gpu,80,175.7507805,0.00026700000000801083,complete,3516.375,28098.0,0.0,0.0,89.59375,123.47,29.0
