variant,surrogate_variant,stage,start_id,eta,lam,reg,beta,a_broad_text,a_tech_code,a_reasoning,tau_broad_text,tau_tech_code,tau_reasoning,cv_rmse,cv_regret_at_1,cv_foldmean_regret_at_1,lower_tail_optimism,objective
power_family_penalty_no_l2,power_family_penalty,coarse,2,7.953353221571568,1.229842470665642e-05,0.0,0.2629059619755788,0.6462737477673589,0.1657586322714625,0.2076641777781618,3.193090495213877,6.2042610686315145,5.136810831800622,0.12622896415609652,0.05540759325362421,0.004205372131910856,0.05492744930580849,0.15390295741559631
power_family_penalty_no_l2,power_family_penalty,coarse,4,6.627794351309641,6.14421235332821e-06,0.0,0.3429059619755788,0.6462737477673589,0.1657586322714625,0.2076641777781618,3.193090495213877,6.7042610686315145,5.136810831800622,0.13199153775223108,0.05540759325362421,0.032626450724180155,0.048258505600888846,0.1577521130888845
power_family_penalty_no_l2,power_family_penalty,coarse,8,6.627794351309641,6.14421235332821e-06,0.0,0.2629059619755788,0.6462737477673589,0.1657586322714625,0.2076641777781618,3.693090495213877,5.604261068631515,5.536810831800622,0.13202714312687083,0.05540759325362421,0.004205372131910856,0.05483915738490186,0.1596569904259173
power_family_penalty_no_l2,power_family_penalty,coarse,5,6.627794351309641,6.14421235332821e-06,0.0,0.2629059619755788,0.48470531082551915,0.1657586322714625,0.2076641777781618,3.193090495213877,6.2042610686315145,5.136810831800622,0.13270466822200042,0.05540759325362421,0.03622561715560675,0.0507189341377019,0.1598754161486317
power_family_penalty_no_l2,power_family_penalty,coarse,6,6.627794351309641,6.14421235332821e-06,0.0,0.2629059619755788,0.6462737477673589,0.24863794840719378,0.2076641777781618,3.193090495213877,6.2042610686315145,5.136810831800622,0.1325599797634837,0.05540759325362421,0.004205372131910856,0.05493258407892516,0.1602365404095418
power_family_penalty_no_l2,power_family_penalty,coarse,7,6.627794351309641,6.14421235332821e-06,0.0,0.2629059619755788,0.6462737477673589,0.1657586322714625,0.28034664000051845,3.193090495213877,6.2042610686315145,5.136810831800622,0.13271969515846188,0.05540759325362421,0.004205372131910856,0.05476280066626655,0.1603113640981907
power_family_penalty_no_l2,power_family_penalty,coarse,0,6.627794351309641,6.14421235332821e-06,0.0,0.2629059619755788,0.6462737477673589,0.1657586322714625,0.2076641777781618,3.193090495213877,6.2042610686315145,5.136810831800622,0.13270127930762787,0.05540759325362421,0.004205372131910856,0.05494366854478927,0.16038338218661805
power_family_penalty_no_l2,power_family_penalty,coarse,3,6.627794351309641,6.14421235332821e-06,0.0,0.1829059619755788,0.6462737477673589,0.1657586322714625,0.2076641777781618,2.793090495213877,6.2042610686315145,5.136810831800622,0.13377852365089996,0.05540759325362421,0.0,0.057132936012123624,0.16234499165696176
power_family_penalty_no_l2,power_family_penalty,coarse,1,5.302235481047713,3.072106176664105e-06,0.0,0.2629059619755788,0.6462737477673589,0.1657586322714625,0.2076641777781618,3.193090495213877,6.2042610686315145,5.136810831800622,0.142583015226945,0.05540759325362421,0.022630962229141273,0.05122626926381012,0.16932769797030714
