continuation_id,role,fit_budget,referee_holdout,pool_index,tv_to_proportional,hellinger_to_proportional,max_phase_1_materialized_epoch,weights_json
fit_wave2_near_fill_00,wave2_near_fill,True,False,36370,0.2392578125,0.3249029446001796,0.905435897302456,"{""dolma3_arxiv"": 0.0, ""dolma3_cc/art_and_design_high"": 0.0, ""dolma3_cc/art_and_design_low"": 0.00048828125, ""dolma3_cc/crime_and_law_high"": 0.01904296875, ""dolma3_cc/crime_and_law_low"": 0.01611328125, ""dolma3_cc/education_and_jobs_high"": 0.0419921875, ""dolma3_cc/education_and_jobs_low"": 0.0, ""dolma3_cc/electronics_and_hardware_high"": 0.00146484375, ""dolma3_cc/electronics_and_hardware_low"": 0.00146484375, ""dolma3_cc/entertainment_high"": 0.0478515625, ""dolma3_cc/entertainment_low"": 0.03515625, ""dolma3_cc/finance_and_business_high"": 0.064453125, ""dolma3_cc/finance_and_business_low"": 0.03564453125, ""dolma3_cc/food_and_dining_high"": 0.0, ""dolma3_cc/food_and_dining_low"": 0.02978515625, ""dolma3_cc/games_high"": 0.0546875, ""dolma3_cc/games_low"": 0.0, ""dolma3_cc/health_high"": 0.0654296875, ""dolma3_cc/health_low"": 0.01171875, ""dolma3_cc/history_and_geography_high"": 0.0380859375, ""dolma3_cc/history_and_geography_low"": 0.0263671875, ""dolma3_cc/industrial_high"": 0.0, ""dolma3_cc/industrial_low"": 0.0, ""dolma3_cc/literature_high"": 0.03564453125, ""dolma3_cc/literature_low"": 0.00830078125, ""dolma3_cc/science_math_and_technology_high"": 0.03466796875, ""dolma3_cc/science_math_and_technology_low"": 0.0009765625, ""dolma3_finemath_3plus"": 0.00048828125, ""dolma3_stack_edu"": 0.00341796875, ""dolma3_wikipedia"": 0.0, ""dolmino_common_crawl_hq"": 0.20361328125, ""dolmino_olmocr_pdfs_hq"": 0.14208984375, ""dolmino_stack_edu_fim"": 0.0224609375, ""dolmino_stem_heavy_crawl"": 0.0, ""dolmino_synth_code"": 0.0, ""dolmino_synth_instruction"": 0.0, ""dolmino_synth_math"": 0.0, ""dolmino_synth_qa"": 0.05859375, ""dolmino_synth_thinking"": 0.0}"
fit_wave2_near_fill_01,wave2_near_fill,True,False,36672,0.2451171875,0.3183004341572645,0.6706932572610785,"{""dolma3_arxiv"": 0.0, ""dolma3_cc/art_and_design_high"": 0.04443359375, ""dolma3_cc/art_and_design_low"": 0.0, ""dolma3_cc/crime_and_law_high"": 0.0009765625, ""dolma3_cc/crime_and_law_low"": 0.00341796875, ""dolma3_cc/education_and_jobs_high"": 0.1005859375, ""dolma3_cc/education_and_jobs_low"": 0.0205078125, ""dolma3_cc/electronics_and_hardware_high"": 0.00390625, ""dolma3_cc/electronics_and_hardware_low"": 0.00537109375, ""dolma3_cc/entertainment_high"": 0.037109375, ""dolma3_cc/entertainment_low"": 0.00048828125, ""dolma3_cc/finance_and_business_high"": 0.0751953125, ""dolma3_cc/finance_and_business_low"": 0.041015625, ""dolma3_cc/food_and_dining_high"": 0.00048828125, ""dolma3_cc/food_and_dining_low"": 0.00048828125, ""dolma3_cc/games_high"": 0.0, ""dolma3_cc/games_low"": 0.01318359375, ""dolma3_cc/health_high"": 0.0556640625, ""dolma3_cc/health_low"": 0.0244140625, ""dolma3_cc/history_and_geography_high"": 0.001953125, ""dolma3_cc/history_and_geography_low"": 0.01953125, ""dolma3_cc/industrial_high"": 0.0234375, ""dolma3_cc/industrial_low"": 0.0, ""dolma3_cc/literature_high"": 0.05029296875, ""dolma3_cc/literature_low"": 0.0, ""dolma3_cc/science_math_and_technology_high"": 0.0400390625, ""dolma3_cc/science_math_and_technology_low"": 0.0166015625, ""dolma3_finemath_3plus"": 0.001953125, ""dolma3_stack_edu"": 0.00927734375, ""dolma3_wikipedia"": 0.0, ""dolmino_common_crawl_hq"": 0.2001953125, ""dolmino_olmocr_pdfs_hq"": 0.10693359375, ""dolmino_stack_edu_fim"": 0.01318359375, ""dolmino_stem_heavy_crawl"": 0.0, ""dolmino_synth_code"": 0.0, ""dolmino_synth_instruction"": 0.00341796875, ""dolmino_synth_math"": 0.0, ""dolmino_synth_qa"": 0.0849609375, ""dolmino_synth_thinking"": 0.0009765625}"
fit_wave2_near_fill_02,wave2_near_fill,True,True,48514,0.23486328125,0.3201133563954988,1.3666990942589816,"{""dolma3_arxiv"": 0.0, ""dolma3_cc/art_and_design_high"": 0.00537109375, ""dolma3_cc/art_and_design_low"": 0.0, ""dolma3_cc/crime_and_law_high"": 0.03857421875, ""dolma3_cc/crime_and_law_low"": 0.0, ""dolma3_cc/education_and_jobs_high"": 0.0498046875, ""dolma3_cc/education_and_jobs_low"": 0.02490234375, ""dolma3_cc/electronics_and_hardware_high"": 0.0361328125, ""dolma3_cc/electronics_and_hardware_low"": 0.0009765625, ""dolma3_cc/entertainment_high"": 0.10205078125, ""dolma3_cc/entertainment_low"": 0.00146484375, ""dolma3_cc/finance_and_business_high"": 0.08984375, ""dolma3_cc/finance_and_business_low"": 0.025390625, ""dolma3_cc/food_and_dining_high"": 0.00439453125, ""dolma3_cc/food_and_dining_low"": 0.0, ""dolma3_cc/games_high"": 0.05322265625, ""dolma3_cc/games_low"": 0.02197265625, ""dolma3_cc/health_high"": 0.06787109375, ""dolma3_cc/health_low"": 0.025390625, ""dolma3_cc/history_and_geography_high"": 0.0, ""dolma3_cc/history_and_geography_low"": 0.00048828125, ""dolma3_cc/industrial_high"": 0.0, ""dolma3_cc/industrial_low"": 0.00048828125, ""dolma3_cc/literature_high"": 0.02490234375, ""dolma3_cc/literature_low"": 0.07373046875, ""dolma3_cc/science_math_and_technology_high"": 0.04150390625, ""dolma3_cc/science_math_and_technology_low"": 0.0, ""dolma3_finemath_3plus"": 0.00244140625, ""dolma3_stack_edu"": 0.01513671875, ""dolma3_wikipedia"": 0.0, ""dolmino_common_crawl_hq"": 0.18701171875, ""dolmino_olmocr_pdfs_hq"": 0.00927734375, ""dolmino_stack_edu_fim"": 0.0, ""dolmino_stem_heavy_crawl"": 0.0, ""dolmino_synth_code"": 0.0, ""dolmino_synth_instruction"": 0.0126953125, ""dolmino_synth_math"": 0.0, ""dolmino_synth_qa"": 0.0849609375, ""dolmino_synth_thinking"": 0.0}"
fit_wave2_near_fill_03,wave2_near_fill,True,False,44573,0.24755859375,0.3234098724957495,1.7830445137021151,"{""dolma3_arxiv"": 0.00048828125, ""dolma3_cc/art_and_design_high"": 0.0009765625, ""dolma3_cc/art_and_design_low"": 0.0, ""dolma3_cc/crime_and_law_high"": 0.0234375, ""dolma3_cc/crime_and_law_low"": 0.0, ""dolma3_cc/education_and_jobs_high"": 0.0107421875, ""dolma3_cc/education_and_jobs_low"": 0.0, ""dolma3_cc/electronics_and_hardware_high"": 0.01953125, ""dolma3_cc/electronics_and_hardware_low"": 0.0, ""dolma3_cc/entertainment_high"": 0.04833984375, ""dolma3_cc/entertainment_low"": 0.0, ""dolma3_cc/finance_and_business_high"": 0.11767578125, ""dolma3_cc/finance_and_business_low"": 0.00830078125, ""dolma3_cc/food_and_dining_high"": 0.01611328125, ""dolma3_cc/food_and_dining_low"": 0.00048828125, ""dolma3_cc/games_high"": 0.03466796875, ""dolma3_cc/games_low"": 0.0, ""dolma3_cc/health_high"": 0.06884765625, ""dolma3_cc/health_low"": 0.0341796875, ""dolma3_cc/history_and_geography_high"": 0.005859375, ""dolma3_cc/history_and_geography_low"": 0.0, ""dolma3_cc/industrial_high"": 0.00537109375, ""dolma3_cc/industrial_low"": 0.0, ""dolma3_cc/literature_high"": 0.0390625, ""dolma3_cc/literature_low"": 0.09619140625, ""dolma3_cc/science_math_and_technology_high"": 0.0517578125, ""dolma3_cc/science_math_and_technology_low"": 0.0439453125, ""dolma3_finemath_3plus"": 0.009765625, ""dolma3_stack_edu"": 0.03173828125, ""dolma3_wikipedia"": 0.0, ""dolmino_common_crawl_hq"": 0.203125, ""dolmino_olmocr_pdfs_hq"": 0.0439453125, ""dolmino_stack_edu_fim"": 0.02783203125, ""dolmino_stem_heavy_crawl"": 0.0, ""dolmino_synth_code"": 0.0, ""dolmino_synth_instruction"": 0.0, ""dolmino_synth_math"": 0.0, ""dolmino_synth_qa"": 0.05712890625, ""dolmino_synth_thinking"": 0.00048828125}"
fit_wave2_near_fill_04,wave2_near_fill,True,True,40057,0.2421875,0.3283534334025399,1.2138336875907285,"{""dolma3_arxiv"": 0.00439453125, ""dolma3_cc/art_and_design_high"": 0.02880859375, ""dolma3_cc/art_and_design_low"": 0.0, ""dolma3_cc/crime_and_law_high"": 0.0, ""dolma3_cc/crime_and_law_low"": 0.01220703125, ""dolma3_cc/education_and_jobs_high"": 0.0400390625, ""dolma3_cc/education_and_jobs_low"": 0.001953125, ""dolma3_cc/electronics_and_hardware_high"": 0.01123046875, ""dolma3_cc/electronics_and_hardware_low"": 0.01171875, ""dolma3_cc/entertainment_high"": 0.05859375, ""dolma3_cc/entertainment_low"": 0.146484375, ""dolma3_cc/finance_and_business_high"": 0.09033203125, ""dolma3_cc/finance_and_business_low"": 0.0322265625, ""dolma3_cc/food_and_dining_high"": 0.0, ""dolma3_cc/food_and_dining_low"": 0.0009765625, ""dolma3_cc/games_high"": 0.021484375, ""dolma3_cc/games_low"": 0.0, ""dolma3_cc/health_high"": 0.091796875, ""dolma3_cc/health_low"": 0.01416015625, ""dolma3_cc/history_and_geography_high"": 0.0, ""dolma3_cc/history_and_geography_low"": 0.0, ""dolma3_cc/industrial_high"": 0.00537109375, ""dolma3_cc/industrial_low"": 0.00146484375, ""dolma3_cc/literature_high"": 0.04541015625, ""dolma3_cc/literature_low"": 0.01123046875, ""dolma3_cc/science_math_and_technology_high"": 0.0654296875, ""dolma3_cc/science_math_and_technology_low"": 0.01416015625, ""dolma3_finemath_3plus"": 0.0, ""dolma3_stack_edu"": 0.0009765625, ""dolma3_wikipedia"": 0.0, ""dolmino_common_crawl_hq"": 0.177734375, ""dolmino_olmocr_pdfs_hq"": 0.017578125, ""dolmino_stack_edu_fim"": 0.0029296875, ""dolmino_stem_heavy_crawl"": 0.0, ""dolmino_synth_code"": 0.00390625, ""dolmino_synth_instruction"": 0.0, ""dolmino_synth_math"": 0.0, ""dolmino_synth_qa"": 0.08740234375, ""dolmino_synth_thinking"": 0.0}"
fit_wave2_near_fill_05,wave2_near_fill,True,False,226,0.1884765625,0.3149251100006399,0.2391542982682933,"{""dolma3_arxiv"": 0.0048828125, ""dolma3_cc/art_and_design_high"": 0.02001953125, ""dolma3_cc/art_and_design_low"": 0.00830078125, ""dolma3_cc/crime_and_law_high"": 0.02734375, ""dolma3_cc/crime_and_law_low"": 0.01220703125, ""dolma3_cc/education_and_jobs_high"": 0.04443359375, ""dolma3_cc/education_and_jobs_low"": 0.021484375, ""dolma3_cc/electronics_and_hardware_high"": 0.0234375, ""dolma3_cc/electronics_and_hardware_low"": 0.01123046875, ""dolma3_cc/entertainment_high"": 0.07470703125, ""dolma3_cc/entertainment_low"": 0.02734375, ""dolma3_cc/finance_and_business_high"": 0.09619140625, ""dolma3_cc/finance_and_business_low"": 0.0458984375, ""dolma3_cc/food_and_dining_high"": 0.0302734375, ""dolma3_cc/food_and_dining_low"": 0.0146484375, ""dolma3_cc/games_high"": 0.0400390625, ""dolma3_cc/games_low"": 0.01513671875, ""dolma3_cc/health_high"": 0.07666015625, ""dolma3_cc/health_low"": 0.03271484375, ""dolma3_cc/history_and_geography_high"": 0.02392578125, ""dolma3_cc/history_and_geography_low"": 0.00634765625, ""dolma3_cc/industrial_high"": 0.0146484375, ""dolma3_cc/industrial_low"": 0.0078125, ""dolma3_cc/literature_high"": 0.04541015625, ""dolma3_cc/literature_low"": 0.01220703125, ""dolma3_cc/science_math_and_technology_high"": 0.04296875, ""dolma3_cc/science_math_and_technology_low"": 0.01953125, ""dolma3_finemath_3plus"": 0.005859375, ""dolma3_stack_edu"": 0.0234375, ""dolma3_wikipedia"": 0.00048828125, ""dolmino_common_crawl_hq"": 0.0, ""dolmino_olmocr_pdfs_hq"": 0.0361328125, ""dolmino_stack_edu_fim"": 0.0234375, ""dolmino_stem_heavy_crawl"": 0.0009765625, ""dolmino_synth_code"": 0.00341796875, ""dolmino_synth_instruction"": 0.0029296875, ""dolmino_synth_math"": 0.00390625, ""dolmino_synth_qa"": 0.0927734375, ""dolmino_synth_thinking"": 0.0068359375}"
fit_wave2_near_fill_06,wave2_near_fill,True,False,33177,0.24755859375,0.33720265488558204,2.658667676168063,"{""dolma3_arxiv"": 0.0, ""dolma3_cc/art_and_design_high"": 0.00830078125, ""dolma3_cc/art_and_design_low"": 0.0, ""dolma3_cc/crime_and_law_high"": 0.0, ""dolma3_cc/crime_and_law_low"": 0.0, ""dolma3_cc/education_and_jobs_high"": 0.0400390625, ""dolma3_cc/education_and_jobs_low"": 0.01318359375, ""dolma3_cc/electronics_and_hardware_high"": 0.01416015625, ""dolma3_cc/electronics_and_hardware_low"": 0.00341796875, ""dolma3_cc/entertainment_high"": 0.1240234375, ""dolma3_cc/entertainment_low"": 0.02197265625, ""dolma3_cc/finance_and_business_high"": 0.0869140625, ""dolma3_cc/finance_and_business_low"": 0.05908203125, ""dolma3_cc/food_and_dining_high"": 0.0087890625, ""dolma3_cc/food_and_dining_low"": 0.00048828125, ""dolma3_cc/games_high"": 0.03955078125, ""dolma3_cc/games_low"": 0.00634765625, ""dolma3_cc/health_high"": 0.02001953125, ""dolma3_cc/health_low"": 0.048828125, ""dolma3_cc/history_and_geography_high"": 0.02001953125, ""dolma3_cc/history_and_geography_low"": 0.00244140625, ""dolma3_cc/industrial_high"": 0.0, ""dolma3_cc/industrial_low"": 0.0, ""dolma3_cc/literature_high"": 0.04345703125, ""dolma3_cc/literature_low"": 0.0009765625, ""dolma3_cc/science_math_and_technology_high"": 0.033203125, ""dolma3_cc/science_math_and_technology_low"": 0.00390625, ""dolma3_finemath_3plus"": 0.07080078125, ""dolma3_stack_edu"": 0.0224609375, ""dolma3_wikipedia"": 0.0, ""dolmino_common_crawl_hq"": 0.18310546875, ""dolmino_olmocr_pdfs_hq"": 0.0, ""dolmino_stack_edu_fim"": 0.00048828125, ""dolmino_stem_heavy_crawl"": 0.0, ""dolmino_synth_code"": 0.029296875, ""dolmino_synth_instruction"": 0.0166015625, ""dolmino_synth_math"": 0.0, ""dolmino_synth_qa"": 0.078125, ""dolmino_synth_thinking"": 0.0}"
fit_wave2_near_fill_07,wave2_near_fill,True,True,48689,0.24462890625,0.31657118725099637,0.6587976439964747,"{""dolma3_arxiv"": 0.0, ""dolma3_cc/art_and_design_high"": 0.00537109375, ""dolma3_cc/art_and_design_low"": 0.0, ""dolma3_cc/crime_and_law_high"": 0.009765625, ""dolma3_cc/crime_and_law_low"": 0.0, ""dolma3_cc/education_and_jobs_high"": 0.05615234375, ""dolma3_cc/education_and_jobs_low"": 0.0341796875, ""dolma3_cc/electronics_and_hardware_high"": 0.01953125, ""dolma3_cc/electronics_and_hardware_low"": 0.00048828125, ""dolma3_cc/entertainment_high"": 0.0478515625, ""dolma3_cc/entertainment_low"": 0.0625, ""dolma3_cc/finance_and_business_high"": 0.11865234375, ""dolma3_cc/finance_and_business_low"": 0.03125, ""dolma3_cc/food_and_dining_high"": 0.0, ""dolma3_cc/food_and_dining_low"": 0.0, ""dolma3_cc/games_high"": 0.001953125, ""dolma3_cc/games_low"": 0.0, ""dolma3_cc/health_high"": 0.10400390625, ""dolma3_cc/health_low"": 0.013671875, ""dolma3_cc/history_and_geography_high"": 0.0126953125, ""dolma3_cc/history_and_geography_low"": 0.0087890625, ""dolma3_cc/industrial_high"": 0.02099609375, ""dolma3_cc/industrial_low"": 0.0, ""dolma3_cc/literature_high"": 0.04150390625, ""dolma3_cc/literature_low"": 0.0, ""dolma3_cc/science_math_and_technology_high"": 0.0390625, ""dolma3_cc/science_math_and_technology_low"": 0.001953125, ""dolma3_finemath_3plus"": 0.0, ""dolma3_stack_edu"": 0.0576171875, ""dolma3_wikipedia"": 0.0, ""dolmino_common_crawl_hq"": 0.19287109375, ""dolmino_olmocr_pdfs_hq"": 0.01806640625, ""dolmino_stack_edu_fim"": 0.0, ""dolmino_stem_heavy_crawl"": 0.0, ""dolmino_synth_code"": 0.0, ""dolmino_synth_instruction"": 0.00927734375, ""dolmino_synth_math"": 0.00341796875, ""dolmino_synth_qa"": 0.08837890625, ""dolmino_synth_thinking"": 0.0}"
fit_wave2_near_fill_08,wave2_near_fill,True,False,45140,0.24267578125,0.32193449024540893,0.6335791497596489,"{""dolma3_arxiv"": 0.00732421875, ""dolma3_cc/art_and_design_high"": 0.01220703125, ""dolma3_cc/art_and_design_low"": 0.0, ""dolma3_cc/crime_and_law_high"": 0.0185546875, ""dolma3_cc/crime_and_law_low"": 0.0, ""dolma3_cc/education_and_jobs_high"": 0.0, ""dolma3_cc/education_and_jobs_low"": 0.01953125, ""dolma3_cc/electronics_and_hardware_high"": 0.00048828125, ""dolma3_cc/electronics_and_hardware_low"": 0.01318359375, ""dolma3_cc/entertainment_high"": 0.05419921875, ""dolma3_cc/entertainment_low"": 0.03857421875, ""dolma3_cc/finance_and_business_high"": 0.05810546875, ""dolma3_cc/finance_and_business_low"": 0.087890625, ""dolma3_cc/food_and_dining_high"": 0.076171875, ""dolma3_cc/food_and_dining_low"": 0.0, ""dolma3_cc/games_high"": 0.0263671875, ""dolma3_cc/games_low"": 0.009765625, ""dolma3_cc/health_high"": 0.078125, ""dolma3_cc/health_low"": 0.0283203125, ""dolma3_cc/history_and_geography_high"": 0.03466796875, ""dolma3_cc/history_and_geography_low"": 0.0, ""dolma3_cc/industrial_high"": 0.04052734375, ""dolma3_cc/industrial_low"": 0.0009765625, ""dolma3_cc/literature_high"": 0.00390625, ""dolma3_cc/literature_low"": 0.00048828125, ""dolma3_cc/science_math_and_technology_high"": 0.0546875, ""dolma3_cc/science_math_and_technology_low"": 0.0, ""dolma3_finemath_3plus"": 0.01416015625, ""dolma3_stack_edu"": 0.0, ""dolma3_wikipedia"": 0.0, ""dolmino_common_crawl_hq"": 0.1806640625, ""dolmino_olmocr_pdfs_hq"": 0.02294921875, ""dolmino_stack_edu_fim"": 0.03564453125, ""dolmino_stem_heavy_crawl"": 0.0, ""dolmino_synth_code"": 0.0, ""dolmino_synth_instruction"": 0.0, ""dolmino_synth_math"": 0.0, ""dolmino_synth_qa"": 0.08203125, ""dolmino_synth_thinking"": 0.00048828125}"
fit_wave2_near_fill_09,wave2_near_fill,True,False,36121,0.248046875,0.30558732957579954,2.2299378123191755,"{""dolma3_arxiv"": 0.04931640625, ""dolma3_cc/art_and_design_high"": 0.00537109375, ""dolma3_cc/art_and_design_low"": 0.00390625, ""dolma3_cc/crime_and_law_high"": 0.005859375, ""dolma3_cc/crime_and_law_low"": 0.0, ""dolma3_cc/education_and_jobs_high"": 0.0517578125, ""dolma3_cc/education_and_jobs_low"": 0.0126953125, ""dolma3_cc/electronics_and_hardware_high"": 0.00634765625, ""dolma3_cc/electronics_and_hardware_low"": 0.0, ""dolma3_cc/entertainment_high"": 0.087890625, ""dolma3_cc/entertainment_low"": 0.0009765625, ""dolma3_cc/finance_and_business_high"": 0.08056640625, ""dolma3_cc/finance_and_business_low"": 0.015625, ""dolma3_cc/food_and_dining_high"": 0.046875, ""dolma3_cc/food_and_dining_low"": 0.017578125, ""dolma3_cc/games_high"": 0.07275390625, ""dolma3_cc/games_low"": 0.0068359375, ""dolma3_cc/health_high"": 0.052734375, ""dolma3_cc/health_low"": 0.0009765625, ""dolma3_cc/history_and_geography_high"": 0.01123046875, ""dolma3_cc/history_and_geography_low"": 0.0029296875, ""dolma3_cc/industrial_high"": 0.00927734375, ""dolma3_cc/industrial_low"": 0.00048828125, ""dolma3_cc/literature_high"": 0.025390625, ""dolma3_cc/literature_low"": 0.0576171875, ""dolma3_cc/science_math_and_technology_high"": 0.05322265625, ""dolma3_cc/science_math_and_technology_low"": 0.0, ""dolma3_finemath_3plus"": 0.0, ""dolma3_stack_edu"": 0.00048828125, ""dolma3_wikipedia"": 0.0, ""dolmino_common_crawl_hq"": 0.181640625, ""dolmino_olmocr_pdfs_hq"": 0.037109375, ""dolmino_stack_edu_fim"": 0.01171875, ""dolmino_stem_heavy_crawl"": 0.0, ""dolmino_synth_code"": 0.0009765625, ""dolmino_synth_instruction"": 0.0, ""dolmino_synth_math"": 0.0, ""dolmino_synth_qa"": 0.08984375, ""dolmino_synth_thinking"": 0.0}"
fit_wave2_near_fill_10,wave2_near_fill,True,False,35772,0.2470703125,0.31275146343950133,1.543838001020546,"{""dolma3_arxiv"": 0.0, ""dolma3_cc/art_and_design_high"": 0.0029296875, ""dolma3_cc/art_and_design_low"": 0.0, ""dolma3_cc/crime_and_law_high"": 0.0029296875, ""dolma3_cc/crime_and_law_low"": 0.0, ""dolma3_cc/education_and_jobs_high"": 0.03369140625, ""dolma3_cc/education_and_jobs_low"": 0.03125, ""dolma3_cc/electronics_and_hardware_high"": 0.03759765625, ""dolma3_cc/electronics_and_hardware_low"": 0.0, ""dolma3_cc/entertainment_high"": 0.04248046875, ""dolma3_cc/entertainment_low"": 0.0126953125, ""dolma3_cc/finance_and_business_high"": 0.0986328125, ""dolma3_cc/finance_and_business_low"": 0.01953125, ""dolma3_cc/food_and_dining_high"": 0.01416015625, ""dolma3_cc/food_and_dining_low"": 0.01953125, ""dolma3_cc/games_high"": 0.03173828125, ""dolma3_cc/games_low"": 0.01318359375, ""dolma3_cc/health_high"": 0.0078125, ""dolma3_cc/health_low"": 0.0048828125, ""dolma3_cc/history_and_geography_high"": 0.01708984375, ""dolma3_cc/history_and_geography_low"": 0.00390625, ""dolma3_cc/industrial_high"": 0.0146484375, ""dolma3_cc/industrial_low"": 0.0, ""dolma3_cc/literature_high"": 0.03857421875, ""dolma3_cc/literature_low"": 0.0, ""dolma3_cc/science_math_and_technology_high"": 0.037109375, ""dolma3_cc/science_math_and_technology_low"": 0.0078125, ""dolma3_finemath_3plus"": 0.0, ""dolma3_stack_edu"": 0.162109375, ""dolma3_wikipedia"": 0.0, ""dolmino_common_crawl_hq"": 0.18505859375, ""dolmino_olmocr_pdfs_hq"": 0.021484375, ""dolmino_stack_edu_fim"": 0.02392578125, ""dolmino_stem_heavy_crawl"": 0.0, ""dolmino_synth_code"": 0.0, ""dolmino_synth_instruction"": 0.0, ""dolmino_synth_math"": 0.00390625, ""dolmino_synth_qa"": 0.10546875, ""dolmino_synth_thinking"": 0.005859375}"
fit_wave2_near_fill_11,wave2_near_fill,True,False,48887,0.2451171875,0.3065826980459698,0.7446491303385406,"{""dolma3_arxiv"": 0.0, ""dolma3_cc/art_and_design_high"": 0.0078125, ""dolma3_cc/art_and_design_low"": 0.0, ""dolma3_cc/crime_and_law_high"": 0.0380859375, ""dolma3_cc/crime_and_law_low"": 0.0, ""dolma3_cc/education_and_jobs_high"": 0.00146484375, ""dolma3_cc/education_and_jobs_low"": 0.07177734375, ""dolma3_cc/electronics_and_hardware_high"": 0.01220703125, ""dolma3_cc/electronics_and_hardware_low"": 0.0, ""dolma3_cc/entertainment_high"": 0.0654296875, ""dolma3_cc/entertainment_low"": 0.0107421875, ""dolma3_cc/finance_and_business_high"": 0.0693359375, ""dolma3_cc/finance_and_business_low"": 0.033203125, ""dolma3_cc/food_and_dining_high"": 0.00927734375, ""dolma3_cc/food_and_dining_low"": 0.01123046875, ""dolma3_cc/games_high"": 0.01416015625, ""dolma3_cc/games_low"": 0.0, ""dolma3_cc/health_high"": 0.064453125, ""dolma3_cc/health_low"": 0.00048828125, ""dolma3_cc/history_and_geography_high"": 0.01025390625, ""dolma3_cc/history_and_geography_low"": 0.0009765625, ""dolma3_cc/industrial_high"": 0.01220703125, ""dolma3_cc/industrial_low"": 0.0, ""dolma3_cc/literature_high"": 0.09765625, ""dolma3_cc/literature_low"": 0.03857421875, ""dolma3_cc/science_math_and_technology_high"": 0.044921875, ""dolma3_cc/science_math_and_technology_low"": 0.0390625, ""dolma3_finemath_3plus"": 0.0, ""dolma3_stack_edu"": 0.05029296875, ""dolma3_wikipedia"": 0.0, ""dolmino_common_crawl_hq"": 0.1884765625, ""dolmino_olmocr_pdfs_hq"": 0.04296875, ""dolmino_stack_edu_fim"": 0.0146484375, ""dolmino_stem_heavy_crawl"": 0.0, ""dolmino_synth_code"": 0.0, ""dolmino_synth_instruction"": 0.0, ""dolmino_synth_math"": 0.0, ""dolmino_synth_qa"": 0.05029296875, ""dolmino_synth_thinking"": 0.0}"
fit_wave2_near_fill_12,wave2_near_fill,True,False,45611,0.24462890625,0.30890443808983264,1.4664445088183826,"{""dolma3_arxiv"": 0.00048828125, ""dolma3_cc/art_and_design_high"": 0.00048828125, ""dolma3_cc/art_and_design_low"": 0.05322265625, ""dolma3_cc/crime_and_law_high"": 0.0751953125, ""dolma3_cc/crime_and_law_low"": 0.0107421875, ""dolma3_cc/education_and_jobs_high"": 0.03076171875, ""dolma3_cc/education_and_jobs_low"": 0.0009765625, ""dolma3_cc/electronics_and_hardware_high"": 0.01123046875, ""dolma3_cc/electronics_and_hardware_low"": 0.0087890625, ""dolma3_cc/entertainment_high"": 0.0498046875, ""dolma3_cc/entertainment_low"": 0.0302734375, ""dolma3_cc/finance_and_business_high"": 0.06103515625, ""dolma3_cc/finance_and_business_low"": 0.03857421875, ""dolma3_cc/food_and_dining_high"": 0.00244140625, ""dolma3_cc/food_and_dining_low"": 0.0, ""dolma3_cc/games_high"": 0.03857421875, ""dolma3_cc/games_low"": 0.0146484375, ""dolma3_cc/health_high"": 0.06787109375, ""dolma3_cc/health_low"": 0.0029296875, ""dolma3_cc/history_and_geography_high"": 0.00537109375, ""dolma3_cc/history_and_geography_low"": 0.01416015625, ""dolma3_cc/industrial_high"": 0.03076171875, ""dolma3_cc/industrial_low"": 0.00244140625, ""dolma3_cc/literature_high"": 0.00537109375, ""dolma3_cc/literature_low"": 0.0, ""dolma3_cc/science_math_and_technology_high"": 0.09228515625, ""dolma3_cc/science_math_and_technology_low"": 0.01708984375, ""dolma3_finemath_3plus"": 0.0, ""dolma3_stack_edu"": 0.00146484375, ""dolma3_wikipedia"": 0.0, ""dolmino_common_crawl_hq"": 0.19482421875, ""dolmino_olmocr_pdfs_hq"": 0.02880859375, ""dolmino_stack_edu_fim"": 0.00048828125, ""dolmino_stem_heavy_crawl"": 0.0, ""dolmino_synth_code"": 0.0, ""dolmino_synth_instruction"": 0.0, ""dolmino_synth_math"": 0.0, ""dolmino_synth_qa"": 0.09423828125, ""dolmino_synth_thinking"": 0.0146484375}"
fit_wave2_near_fill_13,wave2_near_fill,True,False,43998,0.216796875,0.30393402640357153,0.46023630900825646,"{""dolma3_arxiv"": 0.0, ""dolma3_cc/art_and_design_high"": 0.0, ""dolma3_cc/art_and_design_low"": 0.0, ""dolma3_cc/crime_and_law_high"": 0.05517578125, ""dolma3_cc/crime_and_law_low"": 0.02392578125, ""dolma3_cc/education_and_jobs_high"": 0.07568359375, ""dolma3_cc/education_and_jobs_low"": 0.0185546875, ""dolma3_cc/electronics_and_hardware_high"": 0.01806640625, ""dolma3_cc/electronics_and_hardware_low"": 0.015625, ""dolma3_cc/entertainment_high"": 0.06396484375, ""dolma3_cc/entertainment_low"": 0.0400390625, ""dolma3_cc/finance_and_business_high"": 0.08447265625, ""dolma3_cc/finance_and_business_low"": 0.0048828125, ""dolma3_cc/food_and_dining_high"": 0.03076171875, ""dolma3_cc/food_and_dining_low"": 0.00244140625, ""dolma3_cc/games_high"": 0.0, ""dolma3_cc/games_low"": 0.0078125, ""dolma3_cc/health_high"": 0.08056640625, ""dolma3_cc/health_low"": 0.01171875, ""dolma3_cc/history_and_geography_high"": 0.00390625, ""dolma3_cc/history_and_geography_low"": 0.0, ""dolma3_cc/industrial_high"": 0.0107421875, ""dolma3_cc/industrial_low"": 0.0, ""dolma3_cc/literature_high"": 0.04296875, ""dolma3_cc/literature_low"": 0.0, ""dolma3_cc/science_math_and_technology_high"": 0.0244140625, ""dolma3_cc/science_math_and_technology_low"": 0.00048828125, ""dolma3_finemath_3plus"": 0.0, ""dolma3_stack_edu"": 0.0205078125, ""dolma3_wikipedia"": 0.0, ""dolmino_common_crawl_hq"": 0.193359375, ""dolmino_olmocr_pdfs_hq"": 0.07421875, ""dolmino_stack_edu_fim"": 0.0, ""dolmino_stem_heavy_crawl"": 0.0, ""dolmino_synth_code"": 0.0009765625, ""dolmino_synth_instruction"": 0.0009765625, ""dolmino_synth_math"": 0.0, ""dolmino_synth_qa"": 0.08203125, ""dolmino_synth_thinking"": 0.01171875}"
fit_wave2_near_fill_14,wave2_near_fill,True,False,38082,0.2333984375,0.29893663906423074,0.9371187969248261,"{""dolma3_arxiv"": 0.0, ""dolma3_cc/art_and_design_high"": 0.0, ""dolma3_cc/art_and_design_low"": 0.0, ""dolma3_cc/crime_and_law_high"": 0.0, ""dolma3_cc/crime_and_law_low"": 0.02685546875, ""dolma3_cc/education_and_jobs_high"": 0.06396484375, ""dolma3_cc/education_and_jobs_low"": 0.03955078125, ""dolma3_cc/electronics_and_hardware_high"": 0.0244140625, ""dolma3_cc/electronics_and_hardware_low"": 0.0009765625, ""dolma3_cc/entertainment_high"": 0.0537109375, ""dolma3_cc/entertainment_low"": 0.021484375, ""dolma3_cc/finance_and_business_high"": 0.0966796875, ""dolma3_cc/finance_and_business_low"": 0.0322265625, ""dolma3_cc/food_and_dining_high"": 0.0009765625, ""dolma3_cc/food_and_dining_low"": 0.0009765625, ""dolma3_cc/games_high"": 0.03125, ""dolma3_cc/games_low"": 0.01123046875, ""dolma3_cc/health_high"": 0.12060546875, ""dolma3_cc/health_low"": 0.02685546875, ""dolma3_cc/history_and_geography_high"": 0.00048828125, ""dolma3_cc/history_and_geography_low"": 0.0146484375, ""dolma3_cc/industrial_high"": 0.0126953125, ""dolma3_cc/industrial_low"": 0.03173828125, ""dolma3_cc/literature_high"": 0.00634765625, ""dolma3_cc/literature_low"": 0.00390625, ""dolma3_cc/science_math_and_technology_high"": 0.0244140625, ""dolma3_cc/science_math_and_technology_low"": 0.00048828125, ""dolma3_finemath_3plus"": 0.0, ""dolma3_stack_edu"": 0.009765625, ""dolma3_wikipedia"": 0.0, ""dolmino_common_crawl_hq"": 0.19775390625, ""dolmino_olmocr_pdfs_hq"": 0.0068359375, ""dolmino_stack_edu_fim"": 0.03173828125, ""dolmino_stem_heavy_crawl"": 0.0, ""dolmino_synth_code"": 0.0, ""dolmino_synth_instruction"": 0.0, ""dolmino_synth_math"": 0.0, ""dolmino_synth_qa"": 0.09326171875, ""dolmino_synth_thinking"": 0.01416015625}"
fit_wave2_near_fill_15,wave2_near_fill,True,False,47482,0.2490234375,0.30238385057440603,0.8904398296865419,"{""dolma3_arxiv"": 0.01513671875, ""dolma3_cc/art_and_design_high"": 0.00439453125, ""dolma3_cc/art_and_design_low"": 0.0185546875, ""dolma3_cc/crime_and_law_high"": 0.02490234375, ""dolma3_cc/crime_and_law_low"": 0.0341796875, ""dolma3_cc/education_and_jobs_high"": 0.001953125, ""dolma3_cc/education_and_jobs_low"": 0.06787109375, ""dolma3_cc/electronics_and_hardware_high"": 0.0029296875, ""dolma3_cc/electronics_and_hardware_low"": 0.04345703125, ""dolma3_cc/entertainment_high"": 0.04931640625, ""dolma3_cc/entertainment_low"": 0.0029296875, ""dolma3_cc/finance_and_business_high"": 0.0693359375, ""dolma3_cc/finance_and_business_low"": 0.0224609375, ""dolma3_cc/food_and_dining_high"": 0.02978515625, ""dolma3_cc/food_and_dining_low"": 0.00146484375, ""dolma3_cc/games_high"": 0.0322265625, ""dolma3_cc/games_low"": 0.00390625, ""dolma3_cc/health_high"": 0.05615234375, ""dolma3_cc/health_low"": 0.037109375, ""dolma3_cc/history_and_geography_high"": 0.00341796875, ""dolma3_cc/history_and_geography_low"": 0.00048828125, ""dolma3_cc/industrial_high"": 0.0, ""dolma3_cc/industrial_low"": 0.02490234375, ""dolma3_cc/literature_high"": 0.029296875, ""dolma3_cc/literature_low"": 0.00048828125, ""dolma3_cc/science_math_and_technology_high"": 0.03759765625, ""dolma3_cc/science_math_and_technology_low"": 0.02734375, ""dolma3_finemath_3plus"": 0.01025390625, ""dolma3_stack_edu"": 0.00048828125, ""dolma3_wikipedia"": 0.0, ""dolmino_common_crawl_hq"": 0.19287109375, ""dolmino_olmocr_pdfs_hq"": 0.00146484375, ""dolmino_stack_edu_fim"": 0.05078125, ""dolmino_stem_heavy_crawl"": 0.0, ""dolmino_synth_code"": 0.0087890625, ""dolmino_synth_instruction"": 0.0, ""dolmino_synth_math"": 0.0, ""dolmino_synth_qa"": 0.09326171875, ""dolmino_synth_thinking"": 0.00048828125}"
fit_wave2_near_fill_16,wave2_near_fill,True,False,45603,0.2392578125,0.2966431231303351,1.9236379004750785,"{""dolma3_arxiv"": 0.0, ""dolma3_cc/art_and_design_high"": 0.005859375, ""dolma3_cc/art_and_design_low"": 0.00341796875, ""dolma3_cc/crime_and_law_high"": 0.0390625, ""dolma3_cc/crime_and_law_low"": 0.009765625, ""dolma3_cc/education_and_jobs_high"": 0.0166015625, ""dolma3_cc/education_and_jobs_low"": 0.0009765625, ""dolma3_cc/electronics_and_hardware_high"": 0.01416015625, ""dolma3_cc/electronics_and_hardware_low"": 0.01220703125, ""dolma3_cc/entertainment_high"": 0.0693359375, ""dolma3_cc/entertainment_low"": 0.0, ""dolma3_cc/finance_and_business_high"": 0.08837890625, ""dolma3_cc/finance_and_business_low"": 0.01708984375, ""dolma3_cc/food_and_dining_high"": 0.02734375, ""dolma3_cc/food_and_dining_low"": 0.03955078125, ""dolma3_cc/games_high"": 0.00830078125, ""dolma3_cc/games_low"": 0.00732421875, ""dolma3_cc/health_high"": 0.07861328125, ""dolma3_cc/health_low"": 0.03125, ""dolma3_cc/history_and_geography_high"": 0.005859375, ""dolma3_cc/history_and_geography_low"": 0.0, ""dolma3_cc/industrial_high"": 0.123046875, ""dolma3_cc/industrial_low"": 0.00048828125, ""dolma3_cc/literature_high"": 0.0634765625, ""dolma3_cc/literature_low"": 0.00439453125, ""dolma3_cc/science_math_and_technology_high"": 0.01416015625, ""dolma3_cc/science_math_and_technology_low"": 0.0009765625, ""dolma3_finemath_3plus"": 0.0, ""dolma3_stack_edu"": 0.01123046875, ""dolma3_wikipedia"": 0.0, ""dolmino_common_crawl_hq"": 0.177734375, ""dolmino_olmocr_pdfs_hq"": 0.03369140625, ""dolmino_stack_edu_fim"": 0.0126953125, ""dolmino_stem_heavy_crawl"": 0.0, ""dolmino_synth_code"": 0.0, ""dolmino_synth_instruction"": 0.0, ""dolmino_synth_math"": 0.0, ""dolmino_synth_qa"": 0.08154296875, ""dolmino_synth_thinking"": 0.00146484375}"
fit_wave2_near_fill_17,wave2_near_fill,True,False,48985,0.24755859375,0.3075611079180413,1.0224750703687804,"{""dolma3_arxiv"": 0.0, ""dolma3_cc/art_and_design_high"": 0.0, ""dolma3_cc/art_and_design_low"": 0.037109375, ""dolma3_cc/crime_and_law_high"": 0.0078125, ""dolma3_cc/crime_and_law_low"": 0.0009765625, ""dolma3_cc/education_and_jobs_high"": 0.00048828125, ""dolma3_cc/education_and_jobs_low"": 0.087890625, ""dolma3_cc/electronics_and_hardware_high"": 0.00927734375, ""dolma3_cc/electronics_and_hardware_low"": 0.00439453125, ""dolma3_cc/entertainment_high"": 0.12158203125, ""dolma3_cc/entertainment_low"": 0.0205078125, ""dolma3_cc/finance_and_business_high"": 0.12109375, ""dolma3_cc/finance_and_business_low"": 0.02783203125, ""dolma3_cc/food_and_dining_high"": 0.02490234375, ""dolma3_cc/food_and_dining_low"": 0.0087890625, ""dolma3_cc/games_high"": 0.01171875, ""dolma3_cc/games_low"": 0.00048828125, ""dolma3_cc/health_high"": 0.0634765625, ""dolma3_cc/health_low"": 0.01025390625, ""dolma3_cc/history_and_geography_high"": 0.0322265625, ""dolma3_cc/history_and_geography_low"": 0.0, ""dolma3_cc/industrial_high"": 0.00830078125, ""dolma3_cc/industrial_low"": 0.001953125, ""dolma3_cc/literature_high"": 0.025390625, ""dolma3_cc/literature_low"": 0.00048828125, ""dolma3_cc/science_math_and_technology_high"": 0.05615234375, ""dolma3_cc/science_math_and_technology_low"": 0.015625, ""dolma3_finemath_3plus"": 0.0, ""dolma3_stack_edu"": 0.021484375, ""dolma3_wikipedia"": 0.0, ""dolmino_common_crawl_hq"": 0.181640625, ""dolmino_olmocr_pdfs_hq"": 0.0009765625, ""dolmino_stack_edu_fim"": 0.01708984375, ""dolmino_stem_heavy_crawl"": 0.0, ""dolmino_synth_code"": 0.0, ""dolmino_synth_instruction"": 0.0, ""dolmino_synth_math"": 0.0, ""dolmino_synth_qa"": 0.080078125, ""dolmino_synth_thinking"": 0.0}"
fit_wave2_near_fill_18,wave2_near_fill,True,False,40410,0.24169921875,0.3075554710853917,0.6611018160466985,"{""dolma3_arxiv"": 0.0, ""dolma3_cc/art_and_design_high"": 0.01220703125, ""dolma3_cc/art_and_design_low"": 0.0185546875, ""dolma3_cc/crime_and_law_high"": 0.0244140625, ""dolma3_cc/crime_and_law_low"": 0.00537109375, ""dolma3_cc/education_and_jobs_high"": 0.083984375, ""dolma3_cc/education_and_jobs_low"": 0.033203125, ""dolma3_cc/electronics_and_hardware_high"": 0.0, ""dolma3_cc/electronics_and_hardware_low"": 0.00146484375, ""dolma3_cc/entertainment_high"": 0.08740234375, ""dolma3_cc/entertainment_low"": 0.00244140625, ""dolma3_cc/finance_and_business_high"": 0.06201171875, ""dolma3_cc/finance_and_business_low"": 0.04248046875, ""dolma3_cc/food_and_dining_high"": 0.025390625, ""dolma3_cc/food_and_dining_low"": 0.00048828125, ""dolma3_cc/games_high"": 0.00244140625, ""dolma3_cc/games_low"": 0.0, ""dolma3_cc/health_high"": 0.109375, ""dolma3_cc/health_low"": 0.00439453125, ""dolma3_cc/history_and_geography_high"": 0.0029296875, ""dolma3_cc/history_and_geography_low"": 0.0, ""dolma3_cc/industrial_high"": 0.03759765625, ""dolma3_cc/industrial_low"": 0.0, ""dolma3_cc/literature_high"": 0.04345703125, ""dolma3_cc/literature_low"": 0.0, ""dolma3_cc/science_math_and_technology_high"": 0.03466796875, ""dolma3_cc/science_math_and_technology_low"": 0.0048828125, ""dolma3_finemath_3plus"": 0.00048828125, ""dolma3_stack_edu"": 0.0380859375, ""dolma3_wikipedia"": 0.0, ""dolmino_common_crawl_hq"": 0.181640625, ""dolmino_olmocr_pdfs_hq"": 0.029296875, ""dolmino_stack_edu_fim"": 0.0, ""dolmino_stem_heavy_crawl"": 0.0, ""dolmino_synth_code"": 0.009765625, ""dolmino_synth_instruction"": 0.0, ""dolmino_synth_math"": 0.0, ""dolmino_synth_qa"": 0.1015625, ""dolmino_synth_thinking"": 0.0}"
fit_wave2_near_fill_19,wave2_near_fill,True,True,41147,0.24169921875,0.29541710680071226,1.022886820093891,"{""dolma3_arxiv"": 0.0, ""dolma3_cc/art_and_design_high"": 0.02490234375, ""dolma3_cc/art_and_design_low"": 0.0048828125, ""dolma3_cc/crime_and_law_high"": 0.00634765625, ""dolma3_cc/crime_and_law_low"": 0.0, ""dolma3_cc/education_and_jobs_high"": 0.0078125, ""dolma3_cc/education_and_jobs_low"": 0.01220703125, ""dolma3_cc/electronics_and_hardware_high"": 0.03955078125, ""dolma3_cc/electronics_and_hardware_low"": 0.0, ""dolma3_cc/entertainment_high"": 0.10888671875, ""dolma3_cc/entertainment_low"": 0.0, ""dolma3_cc/finance_and_business_high"": 0.07080078125, ""dolma3_cc/finance_and_business_low"": 0.03564453125, ""dolma3_cc/food_and_dining_high"": 0.01953125, ""dolma3_cc/food_and_dining_low"": 0.00341796875, ""dolma3_cc/games_high"": 0.0205078125, ""dolma3_cc/games_low"": 0.0, ""dolma3_cc/health_high"": 0.0703125, ""dolma3_cc/health_low"": 0.03515625, ""dolma3_cc/history_and_geography_high"": 0.02685546875, ""dolma3_cc/history_and_geography_low"": 0.0146484375, ""dolma3_cc/industrial_high"": 0.0654296875, ""dolma3_cc/industrial_low"": 0.00390625, ""dolma3_cc/literature_high"": 0.01513671875, ""dolma3_cc/literature_low"": 0.0009765625, ""dolma3_cc/science_math_and_technology_high"": 0.09375, ""dolma3_cc/science_math_and_technology_low"": 0.00146484375, ""dolma3_finemath_3plus"": 0.0, ""dolma3_stack_edu"": 0.0029296875, ""dolma3_wikipedia"": 0.0, ""dolmino_common_crawl_hq"": 0.1748046875, ""dolmino_olmocr_pdfs_hq"": 0.033203125, ""dolmino_stack_edu_fim"": 0.01708984375, ""dolmino_stem_heavy_crawl"": 0.0, ""dolmino_synth_code"": 0.0, ""dolmino_synth_instruction"": 0.0, ""dolmino_synth_math"": 0.0, ""dolmino_synth_qa"": 0.08984375, ""dolmino_synth_thinking"": 0.0}"
fit_wave2_near_fill_20,wave2_near_fill,True,False,42013,0.24951171875,0.3005398152129937,14.229680746963451,"{""dolma3_arxiv"": 0.017578125, ""dolma3_cc/art_and_design_high"": 0.00634765625, ""dolma3_cc/art_and_design_low"": 0.0, ""dolma3_cc/crime_and_law_high"": 0.05322265625, ""dolma3_cc/crime_and_law_low"": 0.0078125, ""dolma3_cc/education_and_jobs_high"": 0.029296875, ""dolma3_cc/education_and_jobs_low"": 0.03662109375, ""dolma3_cc/electronics_and_hardware_high"": 0.01513671875, ""dolma3_cc/electronics_and_hardware_low"": 0.00048828125, ""dolma3_cc/entertainment_high"": 0.0498046875, ""dolma3_cc/entertainment_low"": 0.0068359375, ""dolma3_cc/finance_and_business_high"": 0.0380859375, ""dolma3_cc/finance_and_business_low"": 0.04150390625, ""dolma3_cc/food_and_dining_high"": 0.05224609375, ""dolma3_cc/food_and_dining_low"": 0.03466796875, ""dolma3_cc/games_high"": 0.00732421875, ""dolma3_cc/games_low"": 0.00048828125, ""dolma3_cc/health_high"": 0.09619140625, ""dolma3_cc/health_low"": 0.048828125, ""dolma3_cc/history_and_geography_high"": 0.00146484375, ""dolma3_cc/history_and_geography_low"": 0.00146484375, ""dolma3_cc/industrial_high"": 0.001953125, ""dolma3_cc/industrial_low"": 0.0, ""dolma3_cc/literature_high"": 0.03515625, ""dolma3_cc/literature_low"": 0.0, ""dolma3_cc/science_math_and_technology_high"": 0.03271484375, ""dolma3_cc/science_math_and_technology_low"": 0.0166015625, ""dolma3_finemath_3plus"": 0.0, ""dolma3_stack_edu"": 0.01806640625, ""dolma3_wikipedia"": 0.0, ""dolmino_common_crawl_hq"": 0.185546875, ""dolmino_olmocr_pdfs_hq"": 0.00390625, ""dolmino_stack_edu_fim"": 0.005859375, ""dolmino_stem_heavy_crawl"": 0.05810546875, ""dolmino_synth_code"": 0.00146484375, ""dolmino_synth_instruction"": 0.0, ""dolmino_synth_math"": 0.0, ""dolmino_synth_qa"": 0.0927734375, ""dolmino_synth_thinking"": 0.00244140625}"
fit_wave2_near_fill_21,wave2_near_fill,True,False,43570,0.2431640625,0.29361296565100137,0.4805390591156122,"{""dolma3_arxiv"": 0.0, ""dolma3_cc/art_and_design_high"": 0.04296875, ""dolma3_cc/art_and_design_low"": 0.0, ""dolma3_cc/crime_and_law_high"": 0.01611328125, ""dolma3_cc/crime_and_law_low"": 0.00048828125, ""dolma3_cc/education_and_jobs_high"": 0.0859375, ""dolma3_cc/education_and_jobs_low"": 0.02978515625, ""dolma3_cc/electronics_and_hardware_high"": 0.00732421875, ""dolma3_cc/electronics_and_hardware_low"": 0.0029296875, ""dolma3_cc/entertainment_high"": 0.06982421875, ""dolma3_cc/entertainment_low"": 0.01318359375, ""dolma3_cc/finance_and_business_high"": 0.07421875, ""dolma3_cc/finance_and_business_low"": 0.037109375, ""dolma3_cc/food_and_dining_high"": 0.00244140625, ""dolma3_cc/food_and_dining_low"": 0.0302734375, ""dolma3_cc/games_high"": 0.0029296875, ""dolma3_cc/games_low"": 0.0, ""dolma3_cc/health_high"": 0.11669921875, ""dolma3_cc/health_low"": 0.02294921875, ""dolma3_cc/history_and_geography_high"": 0.02197265625, ""dolma3_cc/history_and_geography_low"": 0.0087890625, ""dolma3_cc/industrial_high"": 0.001953125, ""dolma3_cc/industrial_low"": 0.0, ""dolma3_cc/literature_high"": 0.0546875, ""dolma3_cc/literature_low"": 0.0, ""dolma3_cc/science_math_and_technology_high"": 0.0361328125, ""dolma3_cc/science_math_and_technology_low"": 0.02978515625, ""dolma3_finemath_3plus"": 0.0, ""dolma3_stack_edu"": 0.04931640625, ""dolma3_wikipedia"": 0.0, ""dolmino_common_crawl_hq"": 0.1572265625, ""dolmino_olmocr_pdfs_hq"": 0.0, ""dolmino_stack_edu_fim"": 0.02294921875, ""dolmino_stem_heavy_crawl"": 0.0, ""dolmino_synth_code"": 0.00048828125, ""dolmino_synth_instruction"": 0.0, ""dolmino_synth_math"": 0.0, ""dolmino_synth_qa"": 0.06103515625, ""dolmino_synth_thinking"": 0.00048828125}"
fit_wave2_near_fill_22,wave2_near_fill,True,False,45006,0.2421875,0.30248423696096555,2.247746174558775,"{""dolma3_arxiv"": 0.00390625, ""dolma3_cc/art_and_design_high"": 0.01513671875, ""dolma3_cc/art_and_design_low"": 0.0, ""dolma3_cc/crime_and_law_high"": 0.09375, ""dolma3_cc/crime_and_law_low"": 0.0, ""dolma3_cc/education_and_jobs_high"": 0.00146484375, ""dolma3_cc/education_and_jobs_low"": 0.00048828125, ""dolma3_cc/electronics_and_hardware_high"": 0.01318359375, ""dolma3_cc/electronics_and_hardware_low"": 0.00146484375, ""dolma3_cc/entertainment_high"": 0.0380859375, ""dolma3_cc/entertainment_low"": 0.02880859375, ""dolma3_cc/finance_and_business_high"": 0.09375, ""dolma3_cc/finance_and_business_low"": 0.0439453125, ""dolma3_cc/food_and_dining_high"": 0.00048828125, ""dolma3_cc/food_and_dining_low"": 0.0078125, ""dolma3_cc/games_high"": 0.01953125, ""dolma3_cc/games_low"": 0.01708984375, ""dolma3_cc/health_high"": 0.0234375, ""dolma3_cc/health_low"": 0.01904296875, ""dolma3_cc/history_and_geography_high"": 0.0322265625, ""dolma3_cc/history_and_geography_low"": 0.00146484375, ""dolma3_cc/industrial_high"": 0.02197265625, ""dolma3_cc/industrial_low"": 0.00146484375, ""dolma3_cc/literature_high"": 0.033203125, ""dolma3_cc/literature_low"": 0.0068359375, ""dolma3_cc/science_math_and_technology_high"": 0.03955078125, ""dolma3_cc/science_math_and_technology_low"": 0.0302734375, ""dolma3_finemath_3plus"": 0.0, ""dolma3_stack_edu"": 0.0, ""dolma3_wikipedia"": 0.0, ""dolmino_common_crawl_hq"": 0.193359375, ""dolmino_olmocr_pdfs_hq"": 0.05517578125, ""dolmino_stack_edu_fim"": 0.05126953125, ""dolmino_stem_heavy_crawl"": 0.0, ""dolmino_synth_code"": 0.033203125, ""dolmino_synth_instruction"": 0.0, ""dolmino_synth_math"": 0.0, ""dolmino_synth_qa"": 0.072265625, ""dolmino_synth_thinking"": 0.00634765625}"
fit_wave2_near_fill_23,wave2_near_fill,True,False,39242,0.2451171875,0.31047558686090637,0.7937635414705007,"{""dolma3_arxiv"": 0.0, ""dolma3_cc/art_and_design_high"": 0.0087890625, ""dolma3_cc/art_and_design_low"": 0.02880859375, ""dolma3_cc/crime_and_law_high"": 0.05224609375, ""dolma3_cc/crime_and_law_low"": 0.0, ""dolma3_cc/education_and_jobs_high"": 0.03564453125, ""dolma3_cc/education_and_jobs_low"": 0.00048828125, ""dolma3_cc/electronics_and_hardware_high"": 0.03173828125, ""dolma3_cc/electronics_and_hardware_low"": 0.00048828125, ""dolma3_cc/entertainment_high"": 0.0693359375, ""dolma3_cc/entertainment_low"": 0.0, ""dolma3_cc/finance_and_business_high"": 0.0849609375, ""dolma3_cc/finance_and_business_low"": 0.087890625, ""dolma3_cc/food_and_dining_high"": 0.09765625, ""dolma3_cc/food_and_dining_low"": 0.00244140625, ""dolma3_cc/games_high"": 0.03564453125, ""dolma3_cc/games_low"": 0.0, ""dolma3_cc/health_high"": 0.052734375, ""dolma3_cc/health_low"": 0.02001953125, ""dolma3_cc/history_and_geography_high"": 0.00146484375, ""dolma3_cc/history_and_geography_low"": 0.0, ""dolma3_cc/industrial_high"": 0.00830078125, ""dolma3_cc/industrial_low"": 0.00146484375, ""dolma3_cc/literature_high"": 0.05078125, ""dolma3_cc/literature_low"": 0.0, ""dolma3_cc/science_math_and_technology_high"": 0.033203125, ""dolma3_cc/science_math_and_technology_low"": 0.02685546875, ""dolma3_finemath_3plus"": 0.0, ""dolma3_stack_edu"": 0.00048828125, ""dolma3_wikipedia"": 0.0, ""dolmino_common_crawl_hq"": 0.20068359375, ""dolmino_olmocr_pdfs_hq"": 0.0244140625, ""dolmino_stack_edu_fim"": 0.0068359375, ""dolmino_stem_heavy_crawl"": 0.0, ""dolmino_synth_code"": 0.0, ""dolmino_synth_instruction"": 0.0, ""dolmino_synth_math"": 0.0, ""dolmino_synth_qa"": 0.03271484375, ""dolmino_synth_thinking"": 0.00390625}"
fit_wave2_global_maximin_24,wave2_global_maximin,True,False,49601,0.72216796875,0.6804391976987981,2.9678176633802726,"{""dolma3_arxiv"": 0.0, ""dolma3_cc/art_and_design_high"": 0.154296875, ""dolma3_cc/art_and_design_low"": 0.05615234375, ""dolma3_cc/crime_and_law_high"": 0.0, ""dolma3_cc/crime_and_law_low"": 0.00048828125, ""dolma3_cc/education_and_jobs_high"": 0.00048828125, ""dolma3_cc/education_and_jobs_low"": 0.0, ""dolma3_cc/electronics_and_hardware_high"": 0.0, ""dolma3_cc/electronics_and_hardware_low"": 0.04541015625, ""dolma3_cc/entertainment_high"": 0.0, ""dolma3_cc/entertainment_low"": 0.0, ""dolma3_cc/finance_and_business_high"": 0.04345703125, ""dolma3_cc/finance_and_business_low"": 0.111328125, ""dolma3_cc/food_and_dining_high"": 0.26171875, ""dolma3_cc/food_and_dining_low"": 0.001953125, ""dolma3_cc/games_high"": 0.0009765625, ""dolma3_cc/games_low"": 0.01025390625, ""dolma3_cc/health_high"": 0.0, ""dolma3_cc/health_low"": 0.07275390625, ""dolma3_cc/history_and_geography_high"": 0.0, ""dolma3_cc/history_and_geography_low"": 0.08642578125, ""dolma3_cc/industrial_high"": 0.0, ""dolma3_cc/industrial_low"": 0.01904296875, ""dolma3_cc/literature_high"": 0.0087890625, ""dolma3_cc/literature_low"": 0.0, ""dolma3_cc/science_math_and_technology_high"": 0.0029296875, ""dolma3_cc/science_math_and_technology_low"": 0.0, ""dolma3_finemath_3plus"": 0.0, ""dolma3_stack_edu"": 0.0, ""dolma3_wikipedia"": 0.0, ""dolmino_common_crawl_hq"": 0.00146484375, ""dolmino_olmocr_pdfs_hq"": 0.0, ""dolmino_stack_edu_fim"": 0.0, ""dolmino_stem_heavy_crawl"": 0.0, ""dolmino_synth_code"": 0.0, ""dolmino_synth_instruction"": 0.0, ""dolmino_synth_math"": 0.0, ""dolmino_synth_qa"": 0.1220703125, ""dolmino_synth_thinking"": 0.0}"
fit_wave2_global_maximin_25,wave2_global_maximin,True,False,49392,0.7138671875,0.6584515139433874,2.3142546193602507,"{""dolma3_arxiv"": 0.04931640625, ""dolma3_cc/art_and_design_high"": 0.0, ""dolma3_cc/art_and_design_low"": 0.0, ""dolma3_cc/crime_and_law_high"": 0.0, ""dolma3_cc/crime_and_law_low"": 0.05419921875, ""dolma3_cc/education_and_jobs_high"": 0.05615234375, ""dolma3_cc/education_and_jobs_low"": 0.0, ""dolma3_cc/electronics_and_hardware_high"": 0.0, ""dolma3_cc/electronics_and_hardware_low"": 0.0, ""dolma3_cc/entertainment_high"": 0.0, ""dolma3_cc/entertainment_low"": 0.0, ""dolma3_cc/finance_and_business_high"": 0.0009765625, ""dolma3_cc/finance_and_business_low"": 0.11572265625, ""dolma3_cc/food_and_dining_high"": 0.07373046875, ""dolma3_cc/food_and_dining_low"": 0.0, ""dolma3_cc/games_high"": 0.0, ""dolma3_cc/games_low"": 0.0, ""dolma3_cc/health_high"": 0.01513671875, ""dolma3_cc/health_low"": 0.00146484375, ""dolma3_cc/history_and_geography_high"": 0.0, ""dolma3_cc/history_and_geography_low"": 0.0, ""dolma3_cc/industrial_high"": 0.0, ""dolma3_cc/industrial_low"": 0.0, ""dolma3_cc/literature_high"": 0.142578125, ""dolma3_cc/literature_low"": 0.0, ""dolma3_cc/science_math_and_technology_high"": 0.0, ""dolma3_cc/science_math_and_technology_low"": 0.14208984375, ""dolma3_finemath_3plus"": 0.0, ""dolma3_stack_edu"": 0.13623046875, ""dolma3_wikipedia"": 0.0, ""dolmino_common_crawl_hq"": 0.00439453125, ""dolmino_olmocr_pdfs_hq"": 0.1201171875, ""dolmino_stack_edu_fim"": 0.0, ""dolmino_stem_heavy_crawl"": 0.0, ""dolmino_synth_code"": 0.0, ""dolmino_synth_instruction"": 0.0, ""dolmino_synth_math"": 0.03955078125, ""dolmino_synth_qa"": 0.04833984375, ""dolmino_synth_thinking"": 0.0}"
fit_wave2_global_maximin_26,wave2_global_maximin,True,False,49875,0.6796875,0.6547332359750213,4.5315471214346275,"{""dolma3_arxiv"": 0.0, ""dolma3_cc/art_and_design_high"": 0.0, ""dolma3_cc/art_and_design_low"": 0.1259765625, ""dolma3_cc/crime_and_law_high"": 0.02490234375, ""dolma3_cc/crime_and_law_low"": 0.1435546875, ""dolma3_cc/education_and_jobs_high"": 0.00048828125, ""dolma3_cc/education_and_jobs_low"": 0.2392578125, ""dolma3_cc/electronics_and_hardware_high"": 0.02685546875, ""dolma3_cc/electronics_and_hardware_low"": 0.0, ""dolma3_cc/entertainment_high"": 0.0, ""dolma3_cc/entertainment_low"": 0.00927734375, ""dolma3_cc/finance_and_business_high"": 0.00146484375, ""dolma3_cc/finance_and_business_low"": 0.08740234375, ""dolma3_cc/food_and_dining_high"": 0.01904296875, ""dolma3_cc/food_and_dining_low"": 0.0068359375, ""dolma3_cc/games_high"": 0.00390625, ""dolma3_cc/games_low"": 0.0009765625, ""dolma3_cc/health_high"": 0.06005859375, ""dolma3_cc/health_low"": 0.0009765625, ""dolma3_cc/history_and_geography_high"": 0.01416015625, ""dolma3_cc/history_and_geography_low"": 0.0, ""dolma3_cc/industrial_high"": 0.00390625, ""dolma3_cc/industrial_low"": 0.0, ""dolma3_cc/literature_high"": 0.0, ""dolma3_cc/literature_low"": 0.0, ""dolma3_cc/science_math_and_technology_high"": 0.0029296875, ""dolma3_cc/science_math_and_technology_low"": 0.0244140625, ""dolma3_finemath_3plus"": 0.0, ""dolma3_stack_edu"": 0.0, ""dolma3_wikipedia"": 0.0, ""dolmino_common_crawl_hq"": 0.0615234375, ""dolmino_olmocr_pdfs_hq"": 0.0, ""dolmino_stack_edu_fim"": 0.0, ""dolmino_stem_heavy_crawl"": 0.0, ""dolmino_synth_code"": 0.0, ""dolmino_synth_instruction"": 0.0, ""dolmino_synth_math"": 0.0, ""dolmino_synth_qa"": 0.00048828125, ""dolmino_synth_thinking"": 0.1416015625}"
fit_wave2_global_maximin_27,wave2_global_maximin,True,True,49215,0.60595703125,0.6503193697372729,6.998913727774046,"{""dolma3_arxiv"": 0.15478515625, ""dolma3_cc/art_and_design_high"": 0.0, ""dolma3_cc/art_and_design_low"": 0.0, ""dolma3_cc/crime_and_law_high"": 0.0, ""dolma3_cc/crime_and_law_low"": 0.14501953125, ""dolma3_cc/education_and_jobs_high"": 0.0, ""dolma3_cc/education_and_jobs_low"": 0.0, ""dolma3_cc/electronics_and_hardware_high"": 0.080078125, ""dolma3_cc/electronics_and_hardware_low"": 0.0, ""dolma3_cc/entertainment_high"": 0.0, ""dolma3_cc/entertainment_low"": 0.0029296875, ""dolma3_cc/finance_and_business_high"": 0.0, ""dolma3_cc/finance_and_business_low"": 0.0, ""dolma3_cc/food_and_dining_high"": 0.126953125, ""dolma3_cc/food_and_dining_low"": 0.00048828125, ""dolma3_cc/games_high"": 0.0, ""dolma3_cc/games_low"": 0.0, ""dolma3_cc/health_high"": 0.0, ""dolma3_cc/health_low"": 0.10546875, ""dolma3_cc/history_and_geography_high"": 0.0, ""dolma3_cc/history_and_geography_low"": 0.0, ""dolma3_cc/industrial_high"": 0.0, ""dolma3_cc/industrial_low"": 0.0029296875, ""dolma3_cc/literature_high"": 0.0, ""dolma3_cc/literature_low"": 0.0, ""dolma3_cc/science_math_and_technology_high"": 0.00830078125, ""dolma3_cc/science_math_and_technology_low"": 0.01123046875, ""dolma3_finemath_3plus"": 0.0, ""dolma3_stack_edu"": 0.09423828125, ""dolma3_wikipedia"": 0.0, ""dolmino_common_crawl_hq"": 0.17822265625, ""dolmino_olmocr_pdfs_hq"": 0.03125, ""dolmino_stack_edu_fim"": 0.0, ""dolmino_stem_heavy_crawl"": 0.0, ""dolmino_synth_code"": 0.0, ""dolmino_synth_instruction"": 0.0, ""dolmino_synth_math"": 0.0, ""dolmino_synth_qa"": 0.05810546875, ""dolmino_synth_thinking"": 0.0}"
fit_wave2_global_maximin_28,wave2_global_maximin,True,False,49155,0.76220703125,0.7001660981744288,2.72531450423221,"{""dolma3_arxiv"": 0.0, ""dolma3_cc/art_and_design_high"": 0.0, ""dolma3_cc/art_and_design_low"": 0.00146484375, ""dolma3_cc/crime_and_law_high"": 0.0, ""dolma3_cc/crime_and_law_low"": 0.1220703125, ""dolma3_cc/education_and_jobs_high"": 0.0, ""dolma3_cc/education_and_jobs_low"": 0.2626953125, ""dolma3_cc/electronics_and_hardware_high"": 0.0, ""dolma3_cc/electronics_and_hardware_low"": 0.00244140625, ""dolma3_cc/entertainment_high"": 0.0, ""dolma3_cc/entertainment_low"": 0.0, ""dolma3_cc/finance_and_business_high"": 0.00048828125, ""dolma3_cc/finance_and_business_low"": 0.01416015625, ""dolma3_cc/food_and_dining_high"": 0.25341796875, ""dolma3_cc/food_and_dining_low"": 0.0, ""dolma3_cc/games_high"": 0.11474609375, ""dolma3_cc/games_low"": 0.0, ""dolma3_cc/health_high"": 0.0, ""dolma3_cc/health_low"": 0.0, ""dolma3_cc/history_and_geography_high"": 0.0, ""dolma3_cc/history_and_geography_low"": 0.0, ""dolma3_cc/industrial_high"": 0.0, ""dolma3_cc/industrial_low"": 0.0, ""dolma3_cc/literature_high"": 0.0, ""dolma3_cc/literature_low"": 0.0, ""dolma3_cc/science_math_and_technology_high"": 0.00146484375, ""dolma3_cc/science_math_and_technology_low"": 0.029296875, ""dolma3_finemath_3plus"": 0.0, ""dolma3_stack_edu"": 0.04248046875, ""dolma3_wikipedia"": 0.0, ""dolmino_common_crawl_hq"": 0.06396484375, ""dolmino_olmocr_pdfs_hq"": 0.0859375, ""dolmino_stack_edu_fim"": 0.0, ""dolmino_stem_heavy_crawl"": 0.0, ""dolmino_synth_code"": 0.0, ""dolmino_synth_instruction"": 0.0, ""dolmino_synth_math"": 0.0, ""dolmino_synth_qa"": 0.0009765625, ""dolmino_synth_thinking"": 0.00439453125}"
fit_wave2_global_maximin_29,wave2_global_maximin,True,False,49847,0.736328125,0.6515964167613624,7.316121204381902,"{""dolma3_arxiv"": 0.0, ""dolma3_cc/art_and_design_high"": 0.0, ""dolma3_cc/art_and_design_low"": 0.14990234375, ""dolma3_cc/crime_and_law_high"": 0.048828125, ""dolma3_cc/crime_and_law_low"": 0.0, ""dolma3_cc/education_and_jobs_high"": 0.00146484375, ""dolma3_cc/education_and_jobs_low"": 0.0, ""dolma3_cc/electronics_and_hardware_high"": 0.11376953125, ""dolma3_cc/electronics_and_hardware_low"": 0.0, ""dolma3_cc/entertainment_high"": 0.00634765625, ""dolma3_cc/entertainment_low"": 0.0, ""dolma3_cc/finance_and_business_high"": 0.00390625, ""dolma3_cc/finance_and_business_low"": 0.19189453125, ""dolma3_cc/food_and_dining_high"": 0.0, ""dolma3_cc/food_and_dining_low"": 0.0, ""dolma3_cc/games_high"": 0.005859375, ""dolma3_cc/games_low"": 0.1259765625, ""dolma3_cc/health_high"": 0.0048828125, ""dolma3_cc/health_low"": 0.0, ""dolma3_cc/history_and_geography_high"": 0.00048828125, ""dolma3_cc/history_and_geography_low"": 0.0, ""dolma3_cc/industrial_high"": 0.0, ""dolma3_cc/industrial_low"": 0.0, ""dolma3_cc/literature_high"": 0.015625, ""dolma3_cc/literature_low"": 0.0, ""dolma3_cc/science_math_and_technology_high"": 0.00048828125, ""dolma3_cc/science_math_and_technology_low"": 0.0, ""dolma3_finemath_3plus"": 0.0, ""dolma3_stack_edu"": 0.00048828125, ""dolma3_wikipedia"": 0.0, ""dolmino_common_crawl_hq"": 0.08740234375, ""dolmino_olmocr_pdfs_hq"": 0.1318359375, ""dolmino_stack_edu_fim"": 0.0, ""dolmino_stem_heavy_crawl"": 0.0, ""dolmino_synth_code"": 0.0, ""dolmino_synth_instruction"": 0.10302734375, ""dolmino_synth_math"": 0.0, ""dolmino_synth_qa"": 0.0078125, ""dolmino_synth_thinking"": 0.0}"
fit_wave2_global_maximin_30,wave2_global_maximin,True,False,49888,0.71142578125,0.6398361525539693,3.7346198690443995,"{""dolma3_arxiv"": 0.0, ""dolma3_cc/art_and_design_high"": 0.0, ""dolma3_cc/art_and_design_low"": 0.0, ""dolma3_cc/crime_and_law_high"": 0.18994140625, ""dolma3_cc/crime_and_law_low"": 0.0, ""dolma3_cc/education_and_jobs_high"": 0.00390625, ""dolma3_cc/education_and_jobs_low"": 0.15087890625, ""dolma3_cc/electronics_and_hardware_high"": 0.0, ""dolma3_cc/electronics_and_hardware_low"": 0.0, ""dolma3_cc/entertainment_high"": 0.00341796875, ""dolma3_cc/entertainment_low"": 0.15380859375, ""dolma3_cc/finance_and_business_high"": 0.00244140625, ""dolma3_cc/finance_and_business_low"": 0.087890625, ""dolma3_cc/food_and_dining_high"": 0.001953125, ""dolma3_cc/food_and_dining_low"": 0.0, ""dolma3_cc/games_high"": 0.0, ""dolma3_cc/games_low"": 0.01123046875, ""dolma3_cc/health_high"": 0.00048828125, ""dolma3_cc/health_low"": 0.10888671875, ""dolma3_cc/history_and_geography_high"": 0.0, ""dolma3_cc/history_and_geography_low"": 0.0, ""dolma3_cc/industrial_high"": 0.0458984375, ""dolma3_cc/industrial_low"": 0.0, ""dolma3_cc/literature_high"": 0.001953125, ""dolma3_cc/literature_low"": 0.0, ""dolma3_cc/science_math_and_technology_high"": 0.0, ""dolma3_cc/science_math_and_technology_low"": 0.00439453125, ""dolma3_finemath_3plus"": 0.0, ""dolma3_stack_edu"": 0.0, ""dolma3_wikipedia"": 0.0, ""dolmino_common_crawl_hq"": 0.04931640625, ""dolmino_olmocr_pdfs_hq"": 0.0, ""dolmino_stack_edu_fim"": 0.0068359375, ""dolmino_stem_heavy_crawl"": 0.0, ""dolmino_synth_code"": 0.0, ""dolmino_synth_instruction"": 0.0, ""dolmino_synth_math"": 0.0, ""dolmino_synth_qa"": 0.06005859375, ""dolmino_synth_thinking"": 0.11669921875}"
fit_wave2_global_maximin_31,wave2_global_maximin,True,False,49500,0.6787109375,0.6354667281013736,1.7348795640918564,"{""dolma3_arxiv"": 0.0, ""dolma3_cc/art_and_design_high"": 0.095703125, ""dolma3_cc/art_and_design_low"": 0.0, ""dolma3_cc/crime_and_law_high"": 0.0, ""dolma3_cc/crime_and_law_low"": 0.0, ""dolma3_cc/education_and_jobs_high"": 0.0, ""dolma3_cc/education_and_jobs_low"": 0.0, ""dolma3_cc/electronics_and_hardware_high"": 0.0869140625, ""dolma3_cc/electronics_and_hardware_low"": 0.0, ""dolma3_cc/entertainment_high"": 0.0, ""dolma3_cc/entertainment_low"": 0.0, ""dolma3_cc/finance_and_business_high"": 0.00146484375, ""dolma3_cc/finance_and_business_low"": 0.0, ""dolma3_cc/food_and_dining_high"": 0.1982421875, ""dolma3_cc/food_and_dining_low"": 0.1142578125, ""dolma3_cc/games_high"": 0.0009765625, ""dolma3_cc/games_low"": 0.0, ""dolma3_cc/health_high"": 0.1015625, ""dolma3_cc/health_low"": 0.06396484375, ""dolma3_cc/history_and_geography_high"": 0.0029296875, ""dolma3_cc/history_and_geography_low"": 0.0, ""dolma3_cc/industrial_high"": 0.06591796875, ""dolma3_cc/industrial_low"": 0.0, ""dolma3_cc/literature_high"": 0.0, ""dolma3_cc/literature_low"": 0.0, ""dolma3_cc/science_math_and_technology_high"": 0.00927734375, ""dolma3_cc/science_math_and_technology_low"": 0.0, ""dolma3_finemath_3plus"": 0.0, ""dolma3_stack_edu"": 0.13720703125, ""dolma3_wikipedia"": 0.0, ""dolmino_common_crawl_hq"": 0.09423828125, ""dolmino_olmocr_pdfs_hq"": 0.00146484375, ""dolmino_stack_edu_fim"": 0.025390625, ""dolmino_stem_heavy_crawl"": 0.0, ""dolmino_synth_code"": 0.0, ""dolmino_synth_instruction"": 0.0, ""dolmino_synth_math"": 0.0, ""dolmino_synth_qa"": 0.00048828125, ""dolmino_synth_thinking"": 0.0}"
fit_wave2_global_maximin_32,wave2_global_maximin,True,False,49743,0.62255859375,0.6342250449304209,4.143714758862952,"{""dolma3_arxiv"": 0.0, ""dolma3_cc/art_and_design_high"": 0.0, ""dolma3_cc/art_and_design_low"": 0.150390625, ""dolma3_cc/crime_and_law_high"": 0.0869140625, ""dolma3_cc/crime_and_law_low"": 0.0, ""dolma3_cc/education_and_jobs_high"": 0.0, ""dolma3_cc/education_and_jobs_low"": 0.0, ""dolma3_cc/electronics_and_hardware_high"": 0.0, ""dolma3_cc/electronics_and_hardware_low"": 0.0029296875, ""dolma3_cc/entertainment_high"": 0.0126953125, ""dolma3_cc/entertainment_low"": 0.1513671875, ""dolma3_cc/finance_and_business_high"": 0.02685546875, ""dolma3_cc/finance_and_business_low"": 0.0, ""dolma3_cc/food_and_dining_high"": 0.0, ""dolma3_cc/food_and_dining_low"": 0.0, ""dolma3_cc/games_high"": 0.00341796875, ""dolma3_cc/games_low"": 0.0, ""dolma3_cc/health_high"": 0.09326171875, ""dolma3_cc/health_low"": 0.0, ""dolma3_cc/history_and_geography_high"": 0.0, ""dolma3_cc/history_and_geography_low"": 0.029296875, ""dolma3_cc/industrial_high"": 0.0, ""dolma3_cc/industrial_low"": 0.0, ""dolma3_cc/literature_high"": 0.0, ""dolma3_cc/literature_low"": 0.0, ""dolma3_cc/science_math_and_technology_high"": 0.00048828125, ""dolma3_cc/science_math_and_technology_low"": 0.0, ""dolma3_finemath_3plus"": 0.0, ""dolma3_stack_edu"": 0.2451171875, ""dolma3_wikipedia"": 0.0, ""dolmino_common_crawl_hq"": 0.1591796875, ""dolmino_olmocr_pdfs_hq"": 0.033203125, ""dolmino_stack_edu_fim"": 0.0048828125, ""dolmino_stem_heavy_crawl"": 0.0, ""dolmino_synth_code"": 0.0, ""dolmino_synth_instruction"": 0.0, ""dolmino_synth_math"": 0.0, ""dolmino_synth_qa"": 0.0, ""dolmino_synth_thinking"": 0.0}"
fit_wave2_global_maximin_33,wave2_global_maximin,True,False,49496,0.64892578125,0.6269715405476558,4.979897435163508,"{""dolma3_arxiv"": 0.0009765625, ""dolma3_cc/art_and_design_high"": 0.0, ""dolma3_cc/art_and_design_low"": 0.0, ""dolma3_cc/crime_and_law_high"": 0.2099609375, ""dolma3_cc/crime_and_law_low"": 0.0, ""dolma3_cc/education_and_jobs_high"": 0.0390625, ""dolma3_cc/education_and_jobs_low"": 0.0, ""dolma3_cc/electronics_and_hardware_high"": 0.0, ""dolma3_cc/electronics_and_hardware_low"": 0.0, ""dolma3_cc/entertainment_high"": 0.04052734375, ""dolma3_cc/entertainment_low"": 0.0, ""dolma3_cc/finance_and_business_high"": 0.00830078125, ""dolma3_cc/finance_and_business_low"": 0.00341796875, ""dolma3_cc/food_and_dining_high"": 0.19482421875, ""dolma3_cc/food_and_dining_low"": 0.0, ""dolma3_cc/games_high"": 0.00048828125, ""dolma3_cc/games_low"": 0.0, ""dolma3_cc/health_high"": 0.08544921875, ""dolma3_cc/health_low"": 0.0, ""dolma3_cc/history_and_geography_high"": 0.0, ""dolma3_cc/history_and_geography_low"": 0.14501953125, ""dolma3_cc/industrial_high"": 0.0, ""dolma3_cc/industrial_low"": 0.0029296875, ""dolma3_cc/literature_high"": 0.00048828125, ""dolma3_cc/literature_low"": 0.0, ""dolma3_cc/science_math_and_technology_high"": 0.00048828125, ""dolma3_cc/science_math_and_technology_low"": 0.0, ""dolma3_finemath_3plus"": 0.0, ""dolma3_stack_edu"": 0.0, ""dolma3_wikipedia"": 0.0, ""dolmino_common_crawl_hq"": 0.01806640625, ""dolmino_olmocr_pdfs_hq"": 0.1376953125, ""dolmino_stack_edu_fim"": 0.029296875, ""dolmino_stem_heavy_crawl"": 0.0, ""dolmino_synth_code"": 0.0, ""dolmino_synth_instruction"": 0.0, ""dolmino_synth_math"": 0.0, ""dolmino_synth_qa"": 0.08203125, ""dolmino_synth_thinking"": 0.0009765625}"
fit_wave2_global_maximin_34,wave2_global_maximin,True,True,49462,0.68994140625,0.6310191230147717,4.973938229831769,"{""dolma3_arxiv"": 0.0, ""dolma3_cc/art_and_design_high"": 0.0, ""dolma3_cc/art_and_design_low"": 0.0, ""dolma3_cc/crime_and_law_high"": 0.14306640625, ""dolma3_cc/crime_and_law_low"": 0.0234375, ""dolma3_cc/education_and_jobs_high"": 0.10546875, ""dolma3_cc/education_and_jobs_low"": 0.17822265625, ""dolma3_cc/electronics_and_hardware_high"": 0.0, ""dolma3_cc/electronics_and_hardware_low"": 0.0, ""dolma3_cc/entertainment_high"": 0.00537109375, ""dolma3_cc/entertainment_low"": 0.00048828125, ""dolma3_cc/finance_and_business_high"": 0.02490234375, ""dolma3_cc/finance_and_business_low"": 0.06591796875, ""dolma3_cc/food_and_dining_high"": 0.05517578125, ""dolma3_cc/food_and_dining_low"": 0.0, ""dolma3_cc/games_high"": 0.0, ""dolma3_cc/games_low"": 0.00146484375, ""dolma3_cc/health_high"": 0.0, ""dolma3_cc/health_low"": 0.0, ""dolma3_cc/history_and_geography_high"": 0.0, ""dolma3_cc/history_and_geography_low"": 0.0, ""dolma3_cc/industrial_high"": 0.01806640625, ""dolma3_cc/industrial_low"": 0.16845703125, ""dolma3_cc/literature_high"": 0.00048828125, ""dolma3_cc/literature_low"": 0.0, ""dolma3_cc/science_math_and_technology_high"": 0.00048828125, ""dolma3_cc/science_math_and_technology_low"": 0.06494140625, ""dolma3_finemath_3plus"": 0.0, ""dolma3_stack_edu"": 0.0380859375, ""dolma3_wikipedia"": 0.0, ""dolmino_common_crawl_hq"": 0.06787109375, ""dolmino_olmocr_pdfs_hq"": 0.0, ""dolmino_stack_edu_fim"": 0.0, ""dolmino_stem_heavy_crawl"": 0.0, ""dolmino_synth_code"": 0.0, ""dolmino_synth_instruction"": 0.0, ""dolmino_synth_math"": 0.0, ""dolmino_synth_qa"": 0.0029296875, ""dolmino_synth_thinking"": 0.03515625}"
fit_wave2_global_maximin_35,wave2_global_maximin,True,False,49587,0.6103515625,0.6202346539223355,7.0387327226991765,"{""dolma3_arxiv"": 0.0, ""dolma3_cc/art_and_design_high"": 0.0, ""dolma3_cc/art_and_design_low"": 0.0, ""dolma3_cc/crime_and_law_high"": 0.00048828125, ""dolma3_cc/crime_and_law_low"": 0.11083984375, ""dolma3_cc/education_and_jobs_high"": 0.00341796875, ""dolma3_cc/education_and_jobs_low"": 0.0, ""dolma3_cc/electronics_and_hardware_high"": 0.0, ""dolma3_cc/electronics_and_hardware_low"": 0.0, ""dolma3_cc/entertainment_high"": 0.185546875, ""dolma3_cc/entertainment_low"": 0.0029296875, ""dolma3_cc/finance_and_business_high"": 0.00048828125, ""dolma3_cc/finance_and_business_low"": 0.0, ""dolma3_cc/food_and_dining_high"": 0.0, ""dolma3_cc/food_and_dining_low"": 0.0, ""dolma3_cc/games_high"": 0.0, ""dolma3_cc/games_low"": 0.0263671875, ""dolma3_cc/health_high"": 0.0029296875, ""dolma3_cc/health_low"": 0.0400390625, ""dolma3_cc/history_and_geography_high"": 0.0, ""dolma3_cc/history_and_geography_low"": 0.0, ""dolma3_cc/industrial_high"": 0.0, ""dolma3_cc/industrial_low"": 0.0, ""dolma3_cc/literature_high"": 0.16259765625, ""dolma3_cc/literature_low"": 0.07861328125, ""dolma3_cc/science_math_and_technology_high"": 0.00537109375, ""dolma3_cc/science_math_and_technology_low"": 0.0, ""dolma3_finemath_3plus"": 0.0078125, ""dolma3_stack_edu"": 0.00048828125, ""dolma3_wikipedia"": 0.0, ""dolmino_common_crawl_hq"": 0.1845703125, ""dolmino_olmocr_pdfs_hq"": 0.0068359375, ""dolmino_stack_edu_fim"": 0.08154296875, ""dolmino_stem_heavy_crawl"": 0.0, ""dolmino_synth_code"": 0.0, ""dolmino_synth_instruction"": 0.09912109375, ""dolmino_synth_math"": 0.0, ""dolmino_synth_qa"": 0.0, ""dolmino_synth_thinking"": 0.0}"
fit_wave2_global_maximin_36,wave2_global_maximin,True,True,49419,0.61865234375,0.6089087172814878,5.739703158439039,"{""dolma3_arxiv"": 0.0, ""dolma3_cc/art_and_design_high"": 0.1435546875, ""dolma3_cc/art_and_design_low"": 0.0, ""dolma3_cc/crime_and_law_high"": 0.0, ""dolma3_cc/crime_and_law_low"": 0.00244140625, ""dolma3_cc/education_and_jobs_high"": 0.0, ""dolma3_cc/education_and_jobs_low"": 0.0, ""dolma3_cc/electronics_and_hardware_high"": 0.01220703125, ""dolma3_cc/electronics_and_hardware_low"": 0.0, ""dolma3_cc/entertainment_high"": 0.02685546875, ""dolma3_cc/entertainment_low"": 0.14013671875, ""dolma3_cc/finance_and_business_high"": 0.001953125, ""dolma3_cc/finance_and_business_low"": 0.1357421875, ""dolma3_cc/food_and_dining_high"": 0.0, ""dolma3_cc/food_and_dining_low"": 0.04931640625, ""dolma3_cc/games_high"": 0.0, ""dolma3_cc/games_low"": 0.08056640625, ""dolma3_cc/health_high"": 0.0009765625, ""dolma3_cc/health_low"": 0.0, ""dolma3_cc/history_and_geography_high"": 0.0, ""dolma3_cc/history_and_geography_low"": 0.0, ""dolma3_cc/industrial_high"": 0.0908203125, ""dolma3_cc/industrial_low"": 0.01318359375, ""dolma3_cc/literature_high"": 0.0029296875, ""dolma3_cc/literature_low"": 0.0, ""dolma3_cc/science_math_and_technology_high"": 0.00048828125, ""dolma3_cc/science_math_and_technology_low"": 0.00048828125, ""dolma3_finemath_3plus"": 0.0, ""dolma3_stack_edu"": 0.00927734375, ""dolma3_wikipedia"": 0.0, ""dolmino_common_crawl_hq"": 0.16748046875, ""dolmino_olmocr_pdfs_hq"": 0.01611328125, ""dolmino_stack_edu_fim"": 0.07958984375, ""dolmino_stem_heavy_crawl"": 0.0234375, ""dolmino_synth_code"": 0.0, ""dolmino_synth_instruction"": 0.0, ""dolmino_synth_math"": 0.00244140625, ""dolmino_synth_qa"": 0.0, ""dolmino_synth_thinking"": 0.0}"
fit_wave2_global_maximin_37,wave2_global_maximin,True,False,49401,0.669921875,0.6469258904068518,6.285629830361175,"{""dolma3_arxiv"": 0.0, ""dolma3_cc/art_and_design_high"": 0.0, ""dolma3_cc/art_and_design_low"": 0.0, ""dolma3_cc/crime_and_law_high"": 0.0009765625, ""dolma3_cc/crime_and_law_low"": 0.0, ""dolma3_cc/education_and_jobs_high"": 0.03466796875, ""dolma3_cc/education_and_jobs_low"": 0.0, ""dolma3_cc/electronics_and_hardware_high"": 0.0, ""dolma3_cc/electronics_and_hardware_low"": 0.07275390625, ""dolma3_cc/entertainment_high"": 0.0009765625, ""dolma3_cc/entertainment_low"": 0.04052734375, ""dolma3_cc/finance_and_business_high"": 0.005859375, ""dolma3_cc/finance_and_business_low"": 0.0, ""dolma3_cc/food_and_dining_high"": 0.10791015625, ""dolma3_cc/food_and_dining_low"": 0.0, ""dolma3_cc/games_high"": 0.07763671875, ""dolma3_cc/games_low"": 0.0, ""dolma3_cc/health_high"": 0.0, ""dolma3_cc/health_low"": 0.09765625, ""dolma3_cc/history_and_geography_high"": 0.001953125, ""dolma3_cc/history_and_geography_low"": 0.140625, ""dolma3_cc/industrial_high"": 0.0, ""dolma3_cc/industrial_low"": 0.03173828125, ""dolma3_cc/literature_high"": 0.1103515625, ""dolma3_cc/literature_low"": 0.0048828125, ""dolma3_cc/science_math_and_technology_high"": 0.0, ""dolma3_cc/science_math_and_technology_low"": 0.001953125, ""dolma3_finemath_3plus"": 0.0, ""dolma3_stack_edu"": 0.0009765625, ""dolma3_wikipedia"": 0.0, ""dolmino_common_crawl_hq"": 0.00439453125, ""dolmino_olmocr_pdfs_hq"": 0.04345703125, ""dolmino_stack_edu_fim"": 0.0, ""dolmino_stem_heavy_crawl"": 0.0, ""dolmino_synth_code"": 0.00341796875, ""dolmino_synth_instruction"": 0.0, ""dolmino_synth_math"": 0.107421875, ""dolmino_synth_qa"": 0.10986328125, ""dolmino_synth_thinking"": 0.0}"
fit_wave2_global_maximin_38,wave2_global_maximin,True,True,49976,0.6845703125,0.6097838495766688,2.9845849948117995,"{""dolma3_arxiv"": 0.0, ""dolma3_cc/art_and_design_high"": 0.140625, ""dolma3_cc/art_and_design_low"": 0.0, ""dolma3_cc/crime_and_law_high"": 0.00048828125, ""dolma3_cc/crime_and_law_low"": 0.0, ""dolma3_cc/education_and_jobs_high"": 0.001953125, ""dolma3_cc/education_and_jobs_low"": 0.0, ""dolma3_cc/electronics_and_hardware_high"": 0.0, ""dolma3_cc/electronics_and_hardware_low"": 0.0, ""dolma3_cc/entertainment_high"": 0.0556640625, ""dolma3_cc/entertainment_low"": 0.10595703125, ""dolma3_cc/finance_and_business_high"": 0.00390625, ""dolma3_cc/finance_and_business_low"": 0.0, ""dolma3_cc/food_and_dining_high"": 0.17333984375, ""dolma3_cc/food_and_dining_low"": 0.0, ""dolma3_cc/games_high"": 0.1416015625, ""dolma3_cc/games_low"": 0.0, ""dolma3_cc/health_high"": 0.0166015625, ""dolma3_cc/health_low"": 0.0009765625, ""dolma3_cc/history_and_geography_high"": 0.0, ""dolma3_cc/history_and_geography_low"": 0.0869140625, ""dolma3_cc/industrial_high"": 0.0, ""dolma3_cc/industrial_low"": 0.0, ""dolma3_cc/literature_high"": 0.00537109375, ""dolma3_cc/literature_low"": 0.0009765625, ""dolma3_cc/science_math_and_technology_high"": 0.0107421875, ""dolma3_cc/science_math_and_technology_low"": 0.0, ""dolma3_finemath_3plus"": 0.0, ""dolma3_stack_edu"": 0.04443359375, ""dolma3_wikipedia"": 0.0, ""dolmino_common_crawl_hq"": 0.02099609375, ""dolmino_olmocr_pdfs_hq"": 0.14013671875, ""dolmino_stack_edu_fim"": 0.0, ""dolmino_stem_heavy_crawl"": 0.0, ""dolmino_synth_code"": 0.0, ""dolmino_synth_instruction"": 0.0, ""dolmino_synth_math"": 0.0, ""dolmino_synth_qa"": 0.04931640625, ""dolmino_synth_thinking"": 0.0}"
fit_wave2_global_maximin_39,wave2_global_maximin,True,False,49718,0.634765625,0.6333623999137004,2.340929766370629,"{""dolma3_arxiv"": 0.00048828125, ""dolma3_cc/art_and_design_high"": 0.00537109375, ""dolma3_cc/art_and_design_low"": 0.0849609375, ""dolma3_cc/crime_and_law_high"": 0.18798828125, ""dolma3_cc/crime_and_law_low"": 0.02490234375, ""dolma3_cc/education_and_jobs_high"": 0.0166015625, ""dolma3_cc/education_and_jobs_low"": 0.12109375, ""dolma3_cc/electronics_and_hardware_high"": 0.0, ""dolma3_cc/electronics_and_hardware_low"": 0.0, ""dolma3_cc/entertainment_high"": 0.00244140625, ""dolma3_cc/entertainment_low"": 0.0, ""dolma3_cc/finance_and_business_high"": 0.02001953125, ""dolma3_cc/finance_and_business_low"": 0.0, ""dolma3_cc/food_and_dining_high"": 0.0, ""dolma3_cc/food_and_dining_low"": 0.13916015625, ""dolma3_cc/games_high"": 0.00146484375, ""dolma3_cc/games_low"": 0.0, ""dolma3_cc/health_high"": 0.0, ""dolma3_cc/health_low"": 0.0, ""dolma3_cc/history_and_geography_high"": 0.02978515625, ""dolma3_cc/history_and_geography_low"": 0.0, ""dolma3_cc/industrial_high"": 0.0, ""dolma3_cc/industrial_low"": 0.0, ""dolma3_cc/literature_high"": 0.00146484375, ""dolma3_cc/literature_low"": 0.0, ""dolma3_cc/science_math_and_technology_high"": 0.0205078125, ""dolma3_cc/science_math_and_technology_low"": 0.0, ""dolma3_finemath_3plus"": 0.0, ""dolma3_stack_edu"": 0.1455078125, ""dolma3_wikipedia"": 0.0, ""dolmino_common_crawl_hq"": 0.19677734375, ""dolmino_olmocr_pdfs_hq"": 0.0, ""dolmino_stack_edu_fim"": 0.0, ""dolmino_stem_heavy_crawl"": 0.0, ""dolmino_synth_code"": 0.0, ""dolmino_synth_instruction"": 0.0, ""dolmino_synth_math"": 0.0, ""dolmino_synth_qa"": 0.00146484375, ""dolmino_synth_thinking"": 0.0}"
