launch,candidate_id,group,data_seed,trainer_seed,target,epoch_cap,status,eval_metrics_uri,uncheatable_bpb,uncheatable_raw_bpb,uncheatable_bpb_schema,uncheatable_macro_bpb,uncheatable_ao3_english_bpb,uncheatable_arxiv_computer_science_bpb,uncheatable_arxiv_physics_bpb,uncheatable_bbc_news_bpb,uncheatable_github_cpp_bpb,uncheatable_github_python_bpb,uncheatable_wikipedia_english_bpb,table9_macro_bpb,table9_wandb_url
convex_additive,cmp_u_cvx_cap06,uncheatable_seed666200_t0,666200,0,uncheatable,6,measured,gs://marin-us-east5/pinlin_calvin_xu/data_mixture/delphi_convex_additive_3e18_20260914/uncheatable_seed666200_t0/cva_uncheatable_seed666200_t0_cmp_u_cvx_cap06-0ad59d/checkpoints/eval_metrics.jsonl,0.9818912131445076,0.9901647106199793,2,0.9859349131584167,1.2365976572036743,0.9670401811599731,1.0270471572875977,1.0750751495361328,0.7551425099372864,0.7282828688621521,1.1123594045639038,1.085550059679751,https://wandb.ai/marin-community/marin-eval/runs/y62lkre8
convex_additive,cmp_u_cvx_cap06,uncheatable_seed666200_t1,666200,1,uncheatable,6,measured,gs://marin-us-east5/pinlin_calvin_xu/data_mixture/delphi_convex_additive_3e18_20260914/uncheatable_seed666200_t1/cva_uncheatable_seed666200_t1_cmp_u_cvx_cap06-b9b8d6/checkpoints/eval_metrics.jsonl,0.9837505970502876,0.9920035600036003,2,0.9877322912216187,1.238113284111023,0.9696317911148071,1.028648018836975,1.0753448009490967,0.7577142119407654,0.7310094237327576,1.1136643886566162,1.0979036093640735,https://wandb.ai/marin-community/marin-eval/runs/4g5k9k5x
convex_additive,cmp_u_cvx_cap06,uncheatable_seed666200_t2,666200,2,uncheatable,6,measured,gs://marin-us-east5/pinlin_calvin_xu/data_mixture/delphi_convex_additive_3e18_20260914/uncheatable_seed666200_t2/cva_uncheatable_seed666200_t2_cmp_u_cvx_cap06-6ba755/checkpoints/eval_metrics.jsonl,0.9837816650921491,0.9920053990573232,2,0.9877020716667175,1.238563895225525,0.9689263105392456,1.0288423299789429,1.075969934463501,0.7587539553642273,0.7301925420761108,1.1126655340194702,1.089309128378687,https://wandb.ai/marin-community/marin-eval/runs/fuse056c
convex_additive,cmp_u_add_cap08,uncheatable_seed666200_t0,666200,0,uncheatable,8,measured,gs://marin-us-east5/pinlin_calvin_xu/data_mixture/delphi_convex_additive_3e18_20260914/uncheatable_seed666200_t0/cva_uncheatable_seed666200_t0_cmp_u_add_cap08-12138b/checkpoints/eval_metrics.jsonl,0.9839472067896118,0.9917734739489324,2,0.987942636013031,1.2488969564437866,0.9630573391914368,1.014583945274353,1.0827105045318604,0.7625789046287537,0.7326419353485107,1.1111286878585815,1.093506054281178,https://wandb.ai/marin-community/marin-eval/runs/km2tpzzh
convex_additive,cmp_u_add_cap08,uncheatable_seed666200_t1,666200,1,uncheatable,8,measured,gs://marin-us-east5/pinlin_calvin_xu/data_mixture/delphi_convex_additive_3e18_20260914/uncheatable_seed666200_t1/cva_uncheatable_seed666200_t1_cmp_u_add_cap08-aad17d/checkpoints/eval_metrics.jsonl,0.9839241974530543,0.9916988901035028,2,0.9879117012023926,1.2480268478393555,0.9625603556632996,1.0146968364715576,1.0815061330795288,0.7632988691329956,0.7339823246002197,1.1113110780715942,1.094906049587014,https://wandb.ai/marin-community/marin-eval/runs/pk2wp9d7
convex_additive,cmp_u_add_cap08,uncheatable_seed666200_t2,666200,2,uncheatable,8,measured,gs://marin-us-east5/pinlin_calvin_xu/data_mixture/delphi_convex_additive_3e18_20260914/uncheatable_seed666200_t2/cva_uncheatable_seed666200_t2_cmp_u_add_cap08-1cb488/checkpoints/eval_metrics.jsonl,0.9848713652720948,0.9926324142071891,2,0.9887891411781311,1.2490752935409546,0.9633685350418091,1.0159220695495605,1.081870675086975,0.7645007371902466,0.7353535294532776,1.1114331483840942,1.0909697718486515,https://wandb.ai/marin-community/marin-eval/runs/awfvgy3v
convex_additive,cmp_t9_cvx_cap08,table9_seed662009_t0,662009,0,table9,8,measured,gs://marin-us-east5/pinlin_calvin_xu/data_mixture/delphi_convex_additive_3e18_20260914/table9_seed662009_t0/cva_table9_seed662009_t0_cmp_t9_cvx_cap08-c9f2c5/checkpoints/eval_metrics.jsonl,1.0015047583453964,1.0116257523789387,2,1.0057770013809204,1.2663779258728027,1.0003725290298462,1.0708849430084229,1.1014089584350586,0.7372909188270569,0.7231695652008057,1.1409341096878052,1.0651642894690136,https://wandb.ai/marin-community/marin-eval/runs/arzhopxm
convex_additive,cmp_t9_cvx_cap08,table9_seed662009_t1,662009,1,table9,8,measured,gs://marin-us-east5/pinlin_calvin_xu/data_mixture/delphi_convex_additive_3e18_20260914/table9_seed662009_t1/cva_table9_seed662009_t1_cmp_t9_cvx_cap08-17d9a6/checkpoints/eval_metrics.jsonl,1.0004727771772803,1.010670772648485,2,1.004866361618042,1.2645676136016846,1.00087571144104,1.0700931549072266,1.10092294216156,0.7355782985687256,0.720551073551178,1.1414753198623657,1.0655500612735465,https://wandb.ai/marin-community/marin-eval/runs/qzuafz4g
convex_additive,cmp_t9_cvx_cap08,table9_seed662009_t2,662009,2,table9,8,measured,gs://marin-us-east5/pinlin_calvin_xu/data_mixture/delphi_convex_additive_3e18_20260914/table9_seed662009_t2/cva_table9_seed662009_t2_cmp_t9_cvx_cap08-8d37f2/checkpoints/eval_metrics.jsonl,1.0019026282636851,1.0120981848464274,2,1.006234884262085,1.265903115272522,1.002172827720642,1.0720808506011963,1.1018824577331543,0.736979603767395,0.7224656939506531,1.1421589851379395,1.0668462096786626,https://wandb.ai/marin-community/marin-eval/runs/l3s5c0d3
convex_additive,cmp_t9_add_cap08,table9_seed662009_t0,662009,0,table9,8,measured,gs://marin-us-east5/pinlin_calvin_xu/data_mixture/delphi_convex_additive_3e18_20260914/table9_seed662009_t0/cva_table9_seed662009_t0_cmp_t9_add_cap08-7f0c3f/checkpoints/eval_metrics.jsonl,1.004876671118693,1.0153155071650308,2,1.0092108249664307,1.2718720436096191,1.007194995880127,1.0767613649368286,1.1101659536361694,0.7383065223693848,0.715931236743927,1.1442440748214722,1.070883773456125,https://wandb.ai/marin-community/marin-eval/runs/pu2kd1ym
convex_additive,cmp_t9_add_cap08,table9_seed662009_t1,662009,1,table9,8,measured,gs://marin-us-east5/pinlin_calvin_xu/data_mixture/delphi_convex_additive_3e18_20260914/table9_seed662009_t1/cva_table9_seed662009_t1_cmp_t9_add_cap08-51463c/checkpoints/eval_metrics.jsonl,1.0041246805815978,1.014580805202723,2,1.0084431171417236,1.2707549333572388,1.0070654153823853,1.0764368772506714,1.1087567806243896,0.737592339515686,0.7150049209594727,1.1434904336929321,1.0704699842172318,https://wandb.ai/marin-community/marin-eval/runs/xhonxspw
convex_additive,cmp_t9_add_cap08,table9_seed662009_t2,662009,2,table9,8,measured,gs://marin-us-east5/pinlin_calvin_xu/data_mixture/delphi_convex_additive_3e18_20260914/table9_seed662009_t2/cva_table9_seed662009_t2_cmp_t9_add_cap08-a2d0d0/checkpoints/eval_metrics.jsonl,1.0053805280337105,1.015817568831389,2,1.009589433670044,1.2718778848648071,1.0087974071502686,1.0778896808624268,1.1087366342544556,0.7398042678833008,0.7165636420249939,1.1434564590454102,1.0705253666058696,https://wandb.ai/marin-community/marin-eval/runs/b8nywvl3
