prefix_candidate_id,continuation_id,role,fit_budget,prefix_repeat_seed,data_seed,source,hellinger_to_tied,max_phase0_materialized_epoch,max_phase1_materialized_epoch,max_total_materialized_epoch
proportional_control,wave2_000,adaptive_model_fit,True,0,970000,adaptive_disagreement:dirichlet:100:1,0.23819384253485773,0.9455853638285072,3.305509080233492,4.089682568789708
proportional_control,wave2_001,adaptive_model_fit,True,0,970000,adaptive_disagreement:dirichlet:100:1,0.20855134174416975,0.9455853638285072,1.6296573298860162,2.315131337339211
proportional_control,wave2_002,adaptive_model_fit,True,0,970000,adaptive_disagreement:dirichlet:20:0.5,0.25351763941808564,0.9455853638285072,4.660767803129224,5.44494129168544
proportional_control,wave2_003,adaptive_model_fit,True,0,970000,adaptive_disagreement:dirichlet:50:1,0.281522682986706,0.9455853638285072,1.3869424084136308,2.072416415866826
proportional_control,wave2_004,adaptive_model_fit,True,0,970000,adaptive_disagreement:dirichlet:50:1,0.25945244317888977,0.9455853638285072,1.359328985524955,2.03115550225887
proportional_control,wave2_005,adaptive_model_fit,True,0,970000,adaptive_disagreement:dirichlet:50:1,0.26675821672085304,0.9455853638285072,1.2643835364781424,1.9785563977508045
proportional_control,wave2_006,adaptive_model_fit,True,0,970000,adaptive_disagreement:dirichlet:50:1,0.29660846272998204,0.9455853638285072,5.156594165164248,5.940767653720464
proportional_control,wave2_007,adaptive_model_fit,True,0,970000,adaptive_disagreement:dirichlet:50:1,0.29083790644325236,0.9455853638285072,2.8698515792195196,3.815436943048027
proportional_control,wave2_008,adaptive_model_fit,True,0,970000,adaptive_disagreement:dirichlet:50:1,0.28434670069263457,0.9455853638285072,7.646225543577872,8.318052060311787
proportional_control,wave2_009,adaptive_model_fit,True,0,970000,adaptive_disagreement:dirichlet:50:1,0.26656067096901714,0.9455853638285072,1.3750901609870594,2.1164896786676666
proportional_control,wave2_010,adaptive_model_fit,True,0,970000,adaptive_disagreement:dirichlet:50:1,0.23152464389172242,0.9455853638285072,2.0389934782874324,2.710819995021348
proportional_control,wave2_011,adaptive_model_fit,True,0,970000,adaptive_disagreement:runtime_count_transfer,0.1440613776642302,0.9455853638285072,0.5246911545313478,1.269405503885181
proportional_control,wave2_012,adaptive_model_fit,True,0,970000,adaptive_exploit:dirichlet:100:1,0.23887595787092195,0.9455853638285072,1.0402068063102232,1.725680813763418
proportional_control,wave2_013,adaptive_model_fit,True,0,970000,adaptive_exploit:dirichlet:100:1,0.24451426086568978,0.9455853638285072,2.3469114469657795,3.131084935521995
proportional_control,wave2_014,adaptive_model_fit,True,0,970000,adaptive_exploit:dirichlet:20:0.5,0.20534202277177604,0.9455853638285072,2.578297082582124,3.4567054956455867
proportional_control,wave2_015,adaptive_model_fit,True,0,970000,adaptive_exploit:dirichlet:20:0.5,0.20971464827181088,0.9455853638285072,4.892153438745568,5.676326927301784
proportional_control,wave2_016,adaptive_model_fit,True,0,970000,adaptive_exploit:dirichlet:20:0.5,0.18061584986135462,0.9455853638285072,2.71865797104991,3.3904844877838256
proportional_control,wave2_017,adaptive_model_fit,True,0,970000,adaptive_exploit:dirichlet:20:1,0.27841215101261474,0.9455853638285072,4.363271985908209,5.147445474464425
proportional_control,wave2_018,adaptive_model_fit,True,0,970000,adaptive_exploit:dirichlet:250:0.2,0.03486366974502425,0.9455853638285072,0.49582636203502384,1.4238939603650937
proportional_control,wave2_019,adaptive_model_fit,True,0,970000,adaptive_exploit:dirichlet:50:0.2,0.06779611138198265,0.9455853638285072,0.7602670884537033,1.5444405770099188
proportional_control,wave2_020,adaptive_model_fit,True,0,970000,adaptive_exploit:dirichlet:50:0.2,0.07198943225840404,0.9455853638285072,0.9255425424653778,1.7097160310215935
proportional_control,wave2_021,adaptive_model_fit,True,0,970000,adaptive_exploit:dirichlet:50:0.5,0.15025390644747735,0.9455853638285072,1.6196994493144112,2.4038729378706267
proportional_control,wave2_022,adaptive_model_fit,True,0,970000,adaptive_exploit:dirichlet:50:0.5,0.15644378179749854,0.9455853638285072,2.0494156297447654,2.833589118300981
proportional_control,wave2_023,adaptive_model_fit,True,0,970000,adaptive_exploit:dirichlet:50:1,0.2936371574515768,0.9455853638285072,5.859280307573186,6.804865671401693
proportional_control,wave2_024,adaptive_model_fit,True,0,970000,adaptive_exploit:dirichlet:50:1,0.2924370675393079,0.9455853638285072,3.041068353814813,3.8252418423710286
proportional_control,wave2_025,adaptive_model_fit,True,0,970000,adaptive_exploit:dirichlet:50:1,0.29658301856892044,0.9455853638285072,5.288814528373588,6.072988016929804
proportional_control,wave2_026,adaptive_model_fit,True,0,970000,adaptive_exploit:dirichlet:50:1,0.29076521512242626,0.9455853638285072,3.900500714675521,4.6846742032317366
proportional_control,wave2_027,adaptive_model_fit,True,0,970000,adaptive_exploit:runtime_count_transfer,0.024126571252712965,0.9455853638285072,0.2654286937351313,1.1847396620968005
proportional_control,wave2_028,adaptive_model_fit,True,0,970000,adaptive_local:07:32,0.07746073868839558,0.9455853638285072,0.2654286937351313,1.1847396620968005
proportional_control,wave2_029,adaptive_model_fit,True,0,970000,adaptive_local:07:32,0.06256311400772585,0.9455853638285072,1.0856996979714755,1.763497133625219
proportional_control,wave2_030,adaptive_model_fit,True,0,970000,adaptive_local:07:32,0.06447793539804383,0.9455853638285072,1.2829217277826086,1.9683957352358035
proportional_control,wave2_031,adaptive_model_fit,True,0,970000,adaptive_local:07:32,0.07285213166078633,0.9455853638285072,4.065623070560986,5.011208434389493
proportional_control,wave2_032,adaptive_model_fit,True,0,970000,adaptive_local:07:32,0.07772168259425999,0.9455853638285072,5.6072320652904395,6.279058582024355
proportional_control,wave2_033,adaptive_model_fit,True,0,970000,adaptive_local:07:32,0.05686269047148027,0.9455853638285072,0.7700968441314391,1.4950644545164136
proportional_control,wave2_034,adaptive_model_fit,True,0,970000,adaptive_local:07:32,0.053805662355867256,0.9455853638285072,0.6487745517171873,1.3898240122178736
proportional_control,wave2_035,adaptive_model_fit,True,0,970000,adaptive_local:07:32,0.05575857839141323,0.9455853638285072,0.7209952515556595,1.4502498640635868
proportional_control,wave2_036,adaptive_model_fit,True,0,970000,adaptive_local:07:32,0.06055646517119932,0.9455853638285072,0.2654286937351313,1.1847396620968005
proportional_control,wave2_037,adaptive_model_fit,True,0,970000,adaptive_local:07:32,0.02161241547195406,0.9455853638285072,0.2391542982682933,1.1847396620968005
proportional_control,wave2_038,adaptive_model_fit,True,0,970000,adaptive_local:07:32,0.05293476570924403,0.9455853638285072,0.6188664899600513,1.3635808393138844
proportional_control,wave2_039,adaptive_model_fit,True,0,970000,adaptive_local:07:32,0.059404969387495184,0.9455853638285072,0.8831436880471982,1.5815110196166464
proportional_control,wave2_040,outcome_blind_coverage_fit,True,0,970000,coverage_maximin:dirichlet:20:0.5,0.2111488907940842,0.9455853638285072,6.626728804434156,7.298555321168071
proportional_control,wave2_041,outcome_blind_coverage_fit,True,0,970000,coverage_maximin:dirichlet:20:1,0.2907731944704722,0.9455853638285072,2.2063935729010526,2.9511079222548857
proportional_control,wave2_042,outcome_blind_coverage_fit,True,0,970000,coverage_maximin:dirichlet:20:1,0.2988006560875862,0.9455853638285072,2.42853879809409,3.1063362337478333
proportional_control,wave2_043,outcome_blind_coverage_fit,True,0,970000,coverage_maximin:dirichlet:20:1,0.29939222397382326,0.9455853638285072,3.4677373248902525,4.413322688718759
proportional_control,wave2_044,outcome_blind_coverage_fit,True,0,970000,coverage_maximin:dirichlet:20:1,0.2972673944630699,0.9455853638285072,2.548741847859291,3.2205683645932064
proportional_control,wave2_045,outcome_blind_coverage_fit,True,0,970000,coverage_maximin:dirichlet:20:1,0.2895034355990051,0.9455853638285072,1.3883138136980668,2.1724873022542823
proportional_control,wave2_046,outcome_blind_coverage_fit,True,0,970000,coverage_maximin:dirichlet:20:1,0.29164573944561445,0.9455853638285072,1.305001076654891,2.0497154260087243
proportional_control,wave2_047,outcome_blind_coverage_fit,True,0,970000,coverage_maximin:dirichlet:20:1,0.2947239239025381,0.9455853638285072,4.424354517963426,5.369939881791933
proportional_control,wave2_048,outcome_blind_coverage_fit,True,0,970000,coverage_maximin:dirichlet:20:1,0.2842377186319781,0.9455853638285072,0.8857023851872564,1.5634998208409998
proportional_control,wave2_049,outcome_blind_coverage_fit,True,0,970000,coverage_maximin:dirichlet:20:1,0.2994055906254102,0.9455853638285072,3.348160175756106,4.293745539584613
proportional_control,wave2_050,outcome_blind_coverage_fit,True,0,970000,coverage_maximin:dirichlet:20:1,0.2915792400905377,0.9455853638285072,1.9132343861463463,2.8588197499748533
proportional_control,wave2_051,outcome_blind_coverage_fit,True,0,970000,coverage_maximin:dirichlet:50:1,0.2377790838456247,0.9455853638285072,4.091480104820211,4.776954112273406
proportional_control,wave2_052,outcome_blind_coverage_fit,True,0,970000,coverage_maximin:dirichlet:50:1,0.2879760524017456,0.9455853638285072,2.15238868441464,3.097974048243147
proportional_control,wave2_053,outcome_blind_coverage_fit,True,0,970000,coverage_maximin:dirichlet:50:1,0.29993136646007396,0.9455853638285072,4.927567572527962,5.599394089261877
proportional_control,wave2_054,outcome_blind_coverage_fit,True,0,970000,coverage_maximin:dirichlet:50:1,0.2874062239292915,0.9455853638285072,5.097483695718582,5.769310212452497
proportional_control,wave2_055,outcome_blind_coverage_fit,True,0,970000,coverage_maximin:dirichlet:50:1,0.2880153698523917,0.9455853638285072,9.175470652293447,9.847297169027362
proportional_control,wave2_056,outcome_blind_coverage_fit,True,0,970000,coverage_maximin:dirichlet:50:1,0.29061219078839307,0.9455853638285072,7.136477174006014,7.80830369073993
proportional_control,wave2_057,outcome_blind_coverage_fit,True,0,970000,coverage_maximin:dirichlet:50:1,0.28074076831311406,0.9455853638285072,1.4349257896097598,2.380511153438267
proportional_control,wave2_058,outcome_blind_coverage_fit,True,0,970000,coverage_maximin:dirichlet:50:1,0.27895823859397045,0.9455853638285072,2.548741847859291,3.2205683645932064
proportional_control,wave2_059,outcome_blind_coverage_fit,True,0,970000,coverage_maximin:dirichlet:50:1,0.2783790677038754,0.9455853638285072,9.005554529102827,9.677381045836743
proportional_control,wave2_060,outcome_blind_coverage_fit,True,0,970000,coverage_maximin:dirichlet:50:1,0.2999706842135626,0.9455853638285072,2.475311284708197,3.2002788950931715
proportional_control,wave2_061,outcome_blind_coverage_fit,True,0,970000,coverage_maximin:dirichlet:50:1,0.273272891889662,0.9455853638285072,5.620126009304892,6.565711373133399
proportional_control,wave2_062,outcome_blind_coverage_fit,True,0,970000,coverage_maximin:dirichlet:50:1,0.2975661070877414,0.9455853638285072,3.398322463812388,4.070148980546303
proportional_control,wave2_063,outcome_blind_coverage_fit,True,0,970000,coverage_maximin:dirichlet:50:1,0.27941159075999694,0.9455853638285072,3.918112303768507,4.603586311221702
proportional_control,wave2_064,outcome_blind_coverage_fit,True,0,970000,coverage_maximin:dirichlet:50:1,0.2993253971371399,0.9455853638285072,7.816141666768492,8.487968183502407
proportional_control,wave2_065,outcome_blind_coverage_fit,True,0,970000,coverage_maximin:dirichlet:50:1,0.29737969769818,0.9455853638285072,2.9510503319487453,3.6803049444566724
proportional_control,wave2_066,outcome_blind_coverage_fit,True,0,970000,coverage_maximin:dirichlet:50:1,0.2846344758455747,0.9455853638285072,4.5439316670975725,5.48951703092608
proportional_control,wave2_067,outcome_blind_coverage_fit,True,0,970000,coverage_maximin:dirichlet:50:1,0.28122548033769235,0.9455853638285072,1.3883138136980668,2.1724873022542823
proportional_control,wave2_068,outcome_blind_coverage_fit,True,0,970000,coverage_maximin:dirichlet:50:1,0.2964109197292677,0.9455853638285072,1.7336780105170386,2.4191520179702337
proportional_control,wave2_069,outcome_blind_coverage_fit,True,0,970000,coverage_maximin:dirichlet:50:1,0.29709091144722405,0.9455853638285072,1.2398802543928469,1.980929714893533
proportional_control,wave2_070,outcome_blind_coverage_fit,True,0,970000,coverage_maximin:dirichlet:50:1,0.29904760722252594,0.9455853638285072,3.058490217431149,3.730316734165064
proportional_control,wave2_071,outcome_blind_coverage_fit,True,0,970000,coverage_maximin:dirichlet:50:1,0.29558744481375376,0.9455853638285072,1.4407116345490116,2.152760218345887
proportional_control,wave2_072,outcome_blind_coverage_fit,True,0,970000,coverage_maximin:dirichlet:50:1,0.29800663672819694,0.9455853638285072,2.42853879809409,3.1063362337478333
proportional_control,wave2_073,outcome_blind_coverage_fit,True,0,970000,coverage_maximin:dirichlet:50:1,0.2797533210942981,0.9455853638285072,2.3788257246686713,3.0506522414025863
proportional_control,wave2_074,outcome_blind_coverage_fit,True,0,970000,coverage_maximin:dirichlet:50:1,0.29291417348420773,0.9455853638285072,3.908070833384246,4.579897350118161
proportional_control,wave2_075,outcome_blind_coverage_fit,True,0,970000,coverage_maximin:dirichlet:50:1,0.2813510316359434,0.9455853638285072,1.7442087838932165,2.442576115462665
proportional_control,wave2_076,outcome_blind_coverage_fit,True,0,970000,coverage_maximin:dirichlet:50:1,0.2978561058955085,0.9455853638285072,3.5873144740243994,4.532899837852907
proportional_control,wave2_077,outcome_blind_coverage_fit,True,0,970000,coverage_maximin:dirichlet:50:1,0.2983459839558793,0.9455853638285072,4.417819202956104,5.0896457196900196
proportional_control,wave2_078,outcome_blind_coverage_fit,True,0,970000,coverage_maximin:dirichlet:50:1,0.28744964390730876,0.9455853638285072,4.185200219695132,5.13078558352364
proportional_control,wave2_079,outcome_blind_coverage_fit,True,0,970000,coverage_maximin:runtime_count_transfer,0.01577568712552348,0.9455853638285072,0.2391542982682933,1.1847396620968005
