candidate_id,phase,domain,runtime_count,weight
cmp_u_quad_cap08,phase_0,dolma3_cc/art_and_design_high,0,0.0
cmp_u_quad_cap08,phase_0,dolma3_cc/art_and_design_low,8,0.00390625
cmp_u_quad_cap08,phase_0,dolma3_cc/crime_and_law_high,26,0.0126953125
cmp_u_quad_cap08,phase_0,dolma3_cc/crime_and_law_low,0,0.0
cmp_u_quad_cap08,phase_0,dolma3_cc/education_and_jobs_high,0,0.0
cmp_u_quad_cap08,phase_0,dolma3_cc/education_and_jobs_low,0,0.0
cmp_u_quad_cap08,phase_0,dolma3_cc/electronics_and_hardware_high,0,0.0
cmp_u_quad_cap08,phase_0,dolma3_cc/electronics_and_hardware_low,0,0.0
cmp_u_quad_cap08,phase_0,dolma3_cc/entertainment_high,0,0.0
cmp_u_quad_cap08,phase_0,dolma3_cc/entertainment_low,0,0.0
cmp_u_quad_cap08,phase_0,dolma3_cc/finance_and_business_high,6,0.0029296875
cmp_u_quad_cap08,phase_0,dolma3_cc/finance_and_business_low,0,0.0
cmp_u_quad_cap08,phase_0,dolma3_cc/food_and_dining_high,0,0.0
cmp_u_quad_cap08,phase_0,dolma3_cc/food_and_dining_low,0,0.0
cmp_u_quad_cap08,phase_0,dolma3_cc/games_high,0,0.0
cmp_u_quad_cap08,phase_0,dolma3_cc/games_low,0,0.0
cmp_u_quad_cap08,phase_0,dolma3_cc/health_high,0,0.0
cmp_u_quad_cap08,phase_0,dolma3_cc/health_low,0,0.0
cmp_u_quad_cap08,phase_0,dolma3_cc/history_and_geography_high,30,0.0146484375
cmp_u_quad_cap08,phase_0,dolma3_cc/history_and_geography_low,13,0.00634765625
cmp_u_quad_cap08,phase_0,dolma3_cc/industrial_high,0,0.0
cmp_u_quad_cap08,phase_0,dolma3_cc/industrial_low,21,0.01025390625
cmp_u_quad_cap08,phase_0,dolma3_cc/literature_high,155,0.07568359375
cmp_u_quad_cap08,phase_0,dolma3_cc/literature_low,28,0.013671875
cmp_u_quad_cap08,phase_0,dolma3_cc/science_math_and_technology_high,286,0.1396484375
cmp_u_quad_cap08,phase_0,dolma3_cc/science_math_and_technology_low,64,0.03125
cmp_u_quad_cap08,phase_0,dolma3_stack_edu,268,0.130859375
cmp_u_quad_cap08,phase_0,dolma3_arxiv,25,0.01220703125
cmp_u_quad_cap08,phase_0,dolma3_finemath_3plus,21,0.01025390625
cmp_u_quad_cap08,phase_0,dolma3_wikipedia,0,0.0
cmp_u_quad_cap08,phase_0,dolmino_common_crawl_hq,425,0.20751953125
cmp_u_quad_cap08,phase_0,dolmino_olmocr_pdfs_hq,218,0.1064453125
cmp_u_quad_cap08,phase_0,dolmino_stack_edu_fim,319,0.15576171875
cmp_u_quad_cap08,phase_0,dolmino_stem_heavy_crawl,1,0.00048828125
cmp_u_quad_cap08,phase_0,dolmino_synth_code,30,0.0146484375
cmp_u_quad_cap08,phase_0,dolmino_synth_instruction,12,0.005859375
cmp_u_quad_cap08,phase_0,dolmino_synth_math,19,0.00927734375
cmp_u_quad_cap08,phase_0,dolmino_synth_qa,73,0.03564453125
cmp_u_quad_cap08,phase_0,dolmino_synth_thinking,0,0.0
cmp_u_quad_cap08,phase_1,dolma3_cc/art_and_design_high,0,0.0
cmp_u_quad_cap08,phase_1,dolma3_cc/art_and_design_low,8,0.00390625
cmp_u_quad_cap08,phase_1,dolma3_cc/crime_and_law_high,26,0.0126953125
cmp_u_quad_cap08,phase_1,dolma3_cc/crime_and_law_low,0,0.0
cmp_u_quad_cap08,phase_1,dolma3_cc/education_and_jobs_high,0,0.0
cmp_u_quad_cap08,phase_1,dolma3_cc/education_and_jobs_low,0,0.0
cmp_u_quad_cap08,phase_1,dolma3_cc/electronics_and_hardware_high,0,0.0
cmp_u_quad_cap08,phase_1,dolma3_cc/electronics_and_hardware_low,0,0.0
cmp_u_quad_cap08,phase_1,dolma3_cc/entertainment_high,0,0.0
cmp_u_quad_cap08,phase_1,dolma3_cc/entertainment_low,0,0.0
cmp_u_quad_cap08,phase_1,dolma3_cc/finance_and_business_high,6,0.0029296875
cmp_u_quad_cap08,phase_1,dolma3_cc/finance_and_business_low,0,0.0
cmp_u_quad_cap08,phase_1,dolma3_cc/food_and_dining_high,0,0.0
cmp_u_quad_cap08,phase_1,dolma3_cc/food_and_dining_low,0,0.0
cmp_u_quad_cap08,phase_1,dolma3_cc/games_high,0,0.0
cmp_u_quad_cap08,phase_1,dolma3_cc/games_low,0,0.0
cmp_u_quad_cap08,phase_1,dolma3_cc/health_high,0,0.0
cmp_u_quad_cap08,phase_1,dolma3_cc/health_low,0,0.0
cmp_u_quad_cap08,phase_1,dolma3_cc/history_and_geography_high,30,0.0146484375
cmp_u_quad_cap08,phase_1,dolma3_cc/history_and_geography_low,13,0.00634765625
cmp_u_quad_cap08,phase_1,dolma3_cc/industrial_high,0,0.0
cmp_u_quad_cap08,phase_1,dolma3_cc/industrial_low,21,0.01025390625
cmp_u_quad_cap08,phase_1,dolma3_cc/literature_high,155,0.07568359375
cmp_u_quad_cap08,phase_1,dolma3_cc/literature_low,28,0.013671875
cmp_u_quad_cap08,phase_1,dolma3_cc/science_math_and_technology_high,286,0.1396484375
cmp_u_quad_cap08,phase_1,dolma3_cc/science_math_and_technology_low,64,0.03125
cmp_u_quad_cap08,phase_1,dolma3_stack_edu,268,0.130859375
cmp_u_quad_cap08,phase_1,dolma3_arxiv,25,0.01220703125
cmp_u_quad_cap08,phase_1,dolma3_finemath_3plus,21,0.01025390625
cmp_u_quad_cap08,phase_1,dolma3_wikipedia,0,0.0
cmp_u_quad_cap08,phase_1,dolmino_common_crawl_hq,425,0.20751953125
cmp_u_quad_cap08,phase_1,dolmino_olmocr_pdfs_hq,218,0.1064453125
cmp_u_quad_cap08,phase_1,dolmino_stack_edu_fim,319,0.15576171875
cmp_u_quad_cap08,phase_1,dolmino_stem_heavy_crawl,1,0.00048828125
cmp_u_quad_cap08,phase_1,dolmino_synth_code,30,0.0146484375
cmp_u_quad_cap08,phase_1,dolmino_synth_instruction,12,0.005859375
cmp_u_quad_cap08,phase_1,dolmino_synth_math,19,0.00927734375
cmp_u_quad_cap08,phase_1,dolmino_synth_qa,73,0.03564453125
cmp_u_quad_cap08,phase_1,dolmino_synth_thinking,0,0.0
cmp_u_spline_cap08,phase_0,dolma3_cc/art_and_design_high,0,0.0
cmp_u_spline_cap08,phase_0,dolma3_cc/art_and_design_low,0,0.0
cmp_u_spline_cap08,phase_0,dolma3_cc/crime_and_law_high,0,0.0
cmp_u_spline_cap08,phase_0,dolma3_cc/crime_and_law_low,0,0.0
cmp_u_spline_cap08,phase_0,dolma3_cc/education_and_jobs_high,20,0.009765625
cmp_u_spline_cap08,phase_0,dolma3_cc/education_and_jobs_low,3,0.00146484375
cmp_u_spline_cap08,phase_0,dolma3_cc/electronics_and_hardware_high,0,0.0
cmp_u_spline_cap08,phase_0,dolma3_cc/electronics_and_hardware_low,0,0.0
cmp_u_spline_cap08,phase_0,dolma3_cc/entertainment_high,42,0.0205078125
cmp_u_spline_cap08,phase_0,dolma3_cc/entertainment_low,0,0.0
cmp_u_spline_cap08,phase_0,dolma3_cc/finance_and_business_high,0,0.0
cmp_u_spline_cap08,phase_0,dolma3_cc/finance_and_business_low,0,0.0
cmp_u_spline_cap08,phase_0,dolma3_cc/food_and_dining_high,0,0.0
cmp_u_spline_cap08,phase_0,dolma3_cc/food_and_dining_low,0,0.0
cmp_u_spline_cap08,phase_0,dolma3_cc/games_high,0,0.0
cmp_u_spline_cap08,phase_0,dolma3_cc/games_low,0,0.0
cmp_u_spline_cap08,phase_0,dolma3_cc/health_high,0,0.0
cmp_u_spline_cap08,phase_0,dolma3_cc/health_low,0,0.0
cmp_u_spline_cap08,phase_0,dolma3_cc/history_and_geography_high,22,0.0107421875
cmp_u_spline_cap08,phase_0,dolma3_cc/history_and_geography_low,12,0.005859375
cmp_u_spline_cap08,phase_0,dolma3_cc/industrial_high,2,0.0009765625
cmp_u_spline_cap08,phase_0,dolma3_cc/industrial_low,0,0.0
cmp_u_spline_cap08,phase_0,dolma3_cc/literature_high,115,0.05615234375
cmp_u_spline_cap08,phase_0,dolma3_cc/literature_low,0,0.0
cmp_u_spline_cap08,phase_0,dolma3_cc/science_math_and_technology_high,274,0.1337890625
cmp_u_spline_cap08,phase_0,dolma3_cc/science_math_and_technology_low,60,0.029296875
cmp_u_spline_cap08,phase_0,dolma3_stack_edu,274,0.1337890625
cmp_u_spline_cap08,phase_0,dolma3_arxiv,56,0.02734375
cmp_u_spline_cap08,phase_0,dolma3_finemath_3plus,0,0.0
cmp_u_spline_cap08,phase_0,dolma3_wikipedia,0,0.0
cmp_u_spline_cap08,phase_0,dolmino_common_crawl_hq,489,0.23876953125
cmp_u_spline_cap08,phase_0,dolmino_olmocr_pdfs_hq,156,0.076171875
cmp_u_spline_cap08,phase_0,dolmino_stack_edu_fim,314,0.1533203125
cmp_u_spline_cap08,phase_0,dolmino_stem_heavy_crawl,4,0.001953125
cmp_u_spline_cap08,phase_0,dolmino_synth_code,34,0.0166015625
cmp_u_spline_cap08,phase_0,dolmino_synth_instruction,17,0.00830078125
cmp_u_spline_cap08,phase_0,dolmino_synth_math,35,0.01708984375
cmp_u_spline_cap08,phase_0,dolmino_synth_qa,98,0.0478515625
cmp_u_spline_cap08,phase_0,dolmino_synth_thinking,21,0.01025390625
cmp_u_spline_cap08,phase_1,dolma3_cc/art_and_design_high,0,0.0
cmp_u_spline_cap08,phase_1,dolma3_cc/art_and_design_low,0,0.0
cmp_u_spline_cap08,phase_1,dolma3_cc/crime_and_law_high,0,0.0
cmp_u_spline_cap08,phase_1,dolma3_cc/crime_and_law_low,0,0.0
cmp_u_spline_cap08,phase_1,dolma3_cc/education_and_jobs_high,20,0.009765625
cmp_u_spline_cap08,phase_1,dolma3_cc/education_and_jobs_low,3,0.00146484375
cmp_u_spline_cap08,phase_1,dolma3_cc/electronics_and_hardware_high,0,0.0
cmp_u_spline_cap08,phase_1,dolma3_cc/electronics_and_hardware_low,0,0.0
cmp_u_spline_cap08,phase_1,dolma3_cc/entertainment_high,42,0.0205078125
cmp_u_spline_cap08,phase_1,dolma3_cc/entertainment_low,0,0.0
cmp_u_spline_cap08,phase_1,dolma3_cc/finance_and_business_high,0,0.0
cmp_u_spline_cap08,phase_1,dolma3_cc/finance_and_business_low,0,0.0
cmp_u_spline_cap08,phase_1,dolma3_cc/food_and_dining_high,0,0.0
cmp_u_spline_cap08,phase_1,dolma3_cc/food_and_dining_low,0,0.0
cmp_u_spline_cap08,phase_1,dolma3_cc/games_high,0,0.0
cmp_u_spline_cap08,phase_1,dolma3_cc/games_low,0,0.0
cmp_u_spline_cap08,phase_1,dolma3_cc/health_high,0,0.0
cmp_u_spline_cap08,phase_1,dolma3_cc/health_low,0,0.0
cmp_u_spline_cap08,phase_1,dolma3_cc/history_and_geography_high,22,0.0107421875
cmp_u_spline_cap08,phase_1,dolma3_cc/history_and_geography_low,12,0.005859375
cmp_u_spline_cap08,phase_1,dolma3_cc/industrial_high,2,0.0009765625
cmp_u_spline_cap08,phase_1,dolma3_cc/industrial_low,0,0.0
cmp_u_spline_cap08,phase_1,dolma3_cc/literature_high,115,0.05615234375
cmp_u_spline_cap08,phase_1,dolma3_cc/literature_low,0,0.0
cmp_u_spline_cap08,phase_1,dolma3_cc/science_math_and_technology_high,274,0.1337890625
cmp_u_spline_cap08,phase_1,dolma3_cc/science_math_and_technology_low,60,0.029296875
cmp_u_spline_cap08,phase_1,dolma3_stack_edu,274,0.1337890625
cmp_u_spline_cap08,phase_1,dolma3_arxiv,56,0.02734375
cmp_u_spline_cap08,phase_1,dolma3_finemath_3plus,0,0.0
cmp_u_spline_cap08,phase_1,dolma3_wikipedia,0,0.0
cmp_u_spline_cap08,phase_1,dolmino_common_crawl_hq,489,0.23876953125
cmp_u_spline_cap08,phase_1,dolmino_olmocr_pdfs_hq,156,0.076171875
cmp_u_spline_cap08,phase_1,dolmino_stack_edu_fim,314,0.1533203125
cmp_u_spline_cap08,phase_1,dolmino_stem_heavy_crawl,4,0.001953125
cmp_u_spline_cap08,phase_1,dolmino_synth_code,34,0.0166015625
cmp_u_spline_cap08,phase_1,dolmino_synth_instruction,17,0.00830078125
cmp_u_spline_cap08,phase_1,dolmino_synth_math,35,0.01708984375
cmp_u_spline_cap08,phase_1,dolmino_synth_qa,98,0.0478515625
cmp_u_spline_cap08,phase_1,dolmino_synth_thinking,21,0.01025390625
cmp_u_lgbm_cap08,phase_0,dolma3_cc/art_and_design_high,43,0.02099609375
cmp_u_lgbm_cap08,phase_0,dolma3_cc/art_and_design_low,46,0.0224609375
cmp_u_lgbm_cap08,phase_0,dolma3_cc/crime_and_law_high,56,0.02734375
cmp_u_lgbm_cap08,phase_0,dolma3_cc/crime_and_law_low,49,0.02392578125
cmp_u_lgbm_cap08,phase_0,dolma3_cc/education_and_jobs_high,46,0.0224609375
cmp_u_lgbm_cap08,phase_0,dolma3_cc/education_and_jobs_low,45,0.02197265625
cmp_u_lgbm_cap08,phase_0,dolma3_cc/electronics_and_hardware_high,40,0.01953125
cmp_u_lgbm_cap08,phase_0,dolma3_cc/electronics_and_hardware_low,42,0.0205078125
cmp_u_lgbm_cap08,phase_0,dolma3_cc/entertainment_high,56,0.02734375
cmp_u_lgbm_cap08,phase_0,dolma3_cc/entertainment_low,50,0.0244140625
cmp_u_lgbm_cap08,phase_0,dolma3_cc/finance_and_business_high,43,0.02099609375
cmp_u_lgbm_cap08,phase_0,dolma3_cc/finance_and_business_low,47,0.02294921875
cmp_u_lgbm_cap08,phase_0,dolma3_cc/food_and_dining_high,48,0.0234375
cmp_u_lgbm_cap08,phase_0,dolma3_cc/food_and_dining_low,45,0.02197265625
cmp_u_lgbm_cap08,phase_0,dolma3_cc/games_high,47,0.02294921875
cmp_u_lgbm_cap08,phase_0,dolma3_cc/games_low,44,0.021484375
cmp_u_lgbm_cap08,phase_0,dolma3_cc/health_high,41,0.02001953125
cmp_u_lgbm_cap08,phase_0,dolma3_cc/health_low,44,0.021484375
cmp_u_lgbm_cap08,phase_0,dolma3_cc/history_and_geography_high,58,0.0283203125
cmp_u_lgbm_cap08,phase_0,dolma3_cc/history_and_geography_low,38,0.0185546875
cmp_u_lgbm_cap08,phase_0,dolma3_cc/industrial_high,39,0.01904296875
cmp_u_lgbm_cap08,phase_0,dolma3_cc/industrial_low,44,0.021484375
cmp_u_lgbm_cap08,phase_0,dolma3_cc/literature_high,71,0.03466796875
cmp_u_lgbm_cap08,phase_0,dolma3_cc/literature_low,59,0.02880859375
cmp_u_lgbm_cap08,phase_0,dolma3_cc/science_math_and_technology_high,71,0.03466796875
cmp_u_lgbm_cap08,phase_0,dolma3_cc/science_math_and_technology_low,82,0.0400390625
cmp_u_lgbm_cap08,phase_0,dolma3_stack_edu,135,0.06591796875
cmp_u_lgbm_cap08,phase_0,dolma3_arxiv,62,0.0302734375
cmp_u_lgbm_cap08,phase_0,dolma3_finemath_3plus,47,0.02294921875
cmp_u_lgbm_cap08,phase_0,dolma3_wikipedia,7,0.00341796875
cmp_u_lgbm_cap08,phase_0,dolmino_common_crawl_hq,57,0.02783203125
cmp_u_lgbm_cap08,phase_0,dolmino_olmocr_pdfs_hq,88,0.04296875
cmp_u_lgbm_cap08,phase_0,dolmino_stack_edu_fim,150,0.0732421875
cmp_u_lgbm_cap08,phase_0,dolmino_stem_heavy_crawl,3,0.00146484375
cmp_u_lgbm_cap08,phase_0,dolmino_synth_code,39,0.01904296875
cmp_u_lgbm_cap08,phase_0,dolmino_synth_instruction,28,0.013671875
cmp_u_lgbm_cap08,phase_0,dolmino_synth_math,41,0.02001953125
cmp_u_lgbm_cap08,phase_0,dolmino_synth_qa,56,0.02734375
cmp_u_lgbm_cap08,phase_0,dolmino_synth_thinking,41,0.02001953125
cmp_u_lgbm_cap08,phase_1,dolma3_cc/art_and_design_high,43,0.02099609375
cmp_u_lgbm_cap08,phase_1,dolma3_cc/art_and_design_low,46,0.0224609375
cmp_u_lgbm_cap08,phase_1,dolma3_cc/crime_and_law_high,56,0.02734375
cmp_u_lgbm_cap08,phase_1,dolma3_cc/crime_and_law_low,49,0.02392578125
cmp_u_lgbm_cap08,phase_1,dolma3_cc/education_and_jobs_high,46,0.0224609375
cmp_u_lgbm_cap08,phase_1,dolma3_cc/education_and_jobs_low,45,0.02197265625
cmp_u_lgbm_cap08,phase_1,dolma3_cc/electronics_and_hardware_high,40,0.01953125
cmp_u_lgbm_cap08,phase_1,dolma3_cc/electronics_and_hardware_low,42,0.0205078125
cmp_u_lgbm_cap08,phase_1,dolma3_cc/entertainment_high,56,0.02734375
cmp_u_lgbm_cap08,phase_1,dolma3_cc/entertainment_low,50,0.0244140625
cmp_u_lgbm_cap08,phase_1,dolma3_cc/finance_and_business_high,43,0.02099609375
cmp_u_lgbm_cap08,phase_1,dolma3_cc/finance_and_business_low,47,0.02294921875
cmp_u_lgbm_cap08,phase_1,dolma3_cc/food_and_dining_high,48,0.0234375
cmp_u_lgbm_cap08,phase_1,dolma3_cc/food_and_dining_low,45,0.02197265625
cmp_u_lgbm_cap08,phase_1,dolma3_cc/games_high,47,0.02294921875
cmp_u_lgbm_cap08,phase_1,dolma3_cc/games_low,44,0.021484375
cmp_u_lgbm_cap08,phase_1,dolma3_cc/health_high,41,0.02001953125
cmp_u_lgbm_cap08,phase_1,dolma3_cc/health_low,44,0.021484375
cmp_u_lgbm_cap08,phase_1,dolma3_cc/history_and_geography_high,58,0.0283203125
cmp_u_lgbm_cap08,phase_1,dolma3_cc/history_and_geography_low,38,0.0185546875
cmp_u_lgbm_cap08,phase_1,dolma3_cc/industrial_high,39,0.01904296875
cmp_u_lgbm_cap08,phase_1,dolma3_cc/industrial_low,44,0.021484375
cmp_u_lgbm_cap08,phase_1,dolma3_cc/literature_high,71,0.03466796875
cmp_u_lgbm_cap08,phase_1,dolma3_cc/literature_low,59,0.02880859375
cmp_u_lgbm_cap08,phase_1,dolma3_cc/science_math_and_technology_high,71,0.03466796875
cmp_u_lgbm_cap08,phase_1,dolma3_cc/science_math_and_technology_low,82,0.0400390625
cmp_u_lgbm_cap08,phase_1,dolma3_stack_edu,135,0.06591796875
cmp_u_lgbm_cap08,phase_1,dolma3_arxiv,62,0.0302734375
cmp_u_lgbm_cap08,phase_1,dolma3_finemath_3plus,47,0.02294921875
cmp_u_lgbm_cap08,phase_1,dolma3_wikipedia,7,0.00341796875
cmp_u_lgbm_cap08,phase_1,dolmino_common_crawl_hq,57,0.02783203125
cmp_u_lgbm_cap08,phase_1,dolmino_olmocr_pdfs_hq,88,0.04296875
cmp_u_lgbm_cap08,phase_1,dolmino_stack_edu_fim,150,0.0732421875
cmp_u_lgbm_cap08,phase_1,dolmino_stem_heavy_crawl,3,0.00146484375
cmp_u_lgbm_cap08,phase_1,dolmino_synth_code,39,0.01904296875
cmp_u_lgbm_cap08,phase_1,dolmino_synth_instruction,28,0.013671875
cmp_u_lgbm_cap08,phase_1,dolmino_synth_math,41,0.02001953125
cmp_u_lgbm_cap08,phase_1,dolmino_synth_qa,56,0.02734375
cmp_u_lgbm_cap08,phase_1,dolmino_synth_thinking,41,0.02001953125
cmp_u_krr_cap12,phase_0,dolma3_cc/art_and_design_high,63,0.03076171875
cmp_u_krr_cap12,phase_0,dolma3_cc/art_and_design_low,20,0.009765625
cmp_u_krr_cap12,phase_0,dolma3_cc/crime_and_law_high,56,0.02734375
cmp_u_krr_cap12,phase_0,dolma3_cc/crime_and_law_low,69,0.03369140625
cmp_u_krr_cap12,phase_0,dolma3_cc/education_and_jobs_high,29,0.01416015625
cmp_u_krr_cap12,phase_0,dolma3_cc/education_and_jobs_low,1,0.00048828125
cmp_u_krr_cap12,phase_0,dolma3_cc/electronics_and_hardware_high,7,0.00341796875
cmp_u_krr_cap12,phase_0,dolma3_cc/electronics_and_hardware_low,15,0.00732421875
cmp_u_krr_cap12,phase_0,dolma3_cc/entertainment_high,4,0.001953125
cmp_u_krr_cap12,phase_0,dolma3_cc/entertainment_low,66,0.0322265625
cmp_u_krr_cap12,phase_0,dolma3_cc/finance_and_business_high,29,0.01416015625
cmp_u_krr_cap12,phase_0,dolma3_cc/finance_and_business_low,1,0.00048828125
cmp_u_krr_cap12,phase_0,dolma3_cc/food_and_dining_high,1,0.00048828125
cmp_u_krr_cap12,phase_0,dolma3_cc/food_and_dining_low,88,0.04296875
cmp_u_krr_cap12,phase_0,dolma3_cc/games_high,26,0.0126953125
cmp_u_krr_cap12,phase_0,dolma3_cc/games_low,23,0.01123046875
cmp_u_krr_cap12,phase_0,dolma3_cc/health_high,2,0.0009765625
cmp_u_krr_cap12,phase_0,dolma3_cc/health_low,15,0.00732421875
cmp_u_krr_cap12,phase_0,dolma3_cc/history_and_geography_high,64,0.03125
cmp_u_krr_cap12,phase_0,dolma3_cc/history_and_geography_low,28,0.013671875
cmp_u_krr_cap12,phase_0,dolma3_cc/industrial_high,11,0.00537109375
cmp_u_krr_cap12,phase_0,dolma3_cc/industrial_low,33,0.01611328125
cmp_u_krr_cap12,phase_0,dolma3_cc/literature_high,98,0.0478515625
cmp_u_krr_cap12,phase_0,dolma3_cc/literature_low,59,0.02880859375
cmp_u_krr_cap12,phase_0,dolma3_cc/science_math_and_technology_high,155,0.07568359375
cmp_u_krr_cap12,phase_0,dolma3_cc/science_math_and_technology_low,76,0.037109375
cmp_u_krr_cap12,phase_0,dolma3_stack_edu,269,0.13134765625
cmp_u_krr_cap12,phase_0,dolma3_arxiv,38,0.0185546875
cmp_u_krr_cap12,phase_0,dolma3_finemath_3plus,26,0.0126953125
cmp_u_krr_cap12,phase_0,dolma3_wikipedia,0,0.0
cmp_u_krr_cap12,phase_0,dolmino_common_crawl_hq,23,0.01123046875
cmp_u_krr_cap12,phase_0,dolmino_olmocr_pdfs_hq,15,0.00732421875
cmp_u_krr_cap12,phase_0,dolmino_stack_edu_fim,351,0.17138671875
cmp_u_krr_cap12,phase_0,dolmino_stem_heavy_crawl,0,0.0
cmp_u_krr_cap12,phase_0,dolmino_synth_code,34,0.0166015625
cmp_u_krr_cap12,phase_0,dolmino_synth_instruction,7,0.00341796875
cmp_u_krr_cap12,phase_0,dolmino_synth_math,68,0.033203125
cmp_u_krr_cap12,phase_0,dolmino_synth_qa,168,0.08203125
cmp_u_krr_cap12,phase_0,dolmino_synth_thinking,10,0.0048828125
cmp_u_krr_cap12,phase_1,dolma3_cc/art_and_design_high,63,0.03076171875
cmp_u_krr_cap12,phase_1,dolma3_cc/art_and_design_low,20,0.009765625
cmp_u_krr_cap12,phase_1,dolma3_cc/crime_and_law_high,56,0.02734375
cmp_u_krr_cap12,phase_1,dolma3_cc/crime_and_law_low,69,0.03369140625
cmp_u_krr_cap12,phase_1,dolma3_cc/education_and_jobs_high,29,0.01416015625
cmp_u_krr_cap12,phase_1,dolma3_cc/education_and_jobs_low,1,0.00048828125
cmp_u_krr_cap12,phase_1,dolma3_cc/electronics_and_hardware_high,7,0.00341796875
cmp_u_krr_cap12,phase_1,dolma3_cc/electronics_and_hardware_low,15,0.00732421875
cmp_u_krr_cap12,phase_1,dolma3_cc/entertainment_high,4,0.001953125
cmp_u_krr_cap12,phase_1,dolma3_cc/entertainment_low,66,0.0322265625
cmp_u_krr_cap12,phase_1,dolma3_cc/finance_and_business_high,29,0.01416015625
cmp_u_krr_cap12,phase_1,dolma3_cc/finance_and_business_low,1,0.00048828125
cmp_u_krr_cap12,phase_1,dolma3_cc/food_and_dining_high,1,0.00048828125
cmp_u_krr_cap12,phase_1,dolma3_cc/food_and_dining_low,88,0.04296875
cmp_u_krr_cap12,phase_1,dolma3_cc/games_high,26,0.0126953125
cmp_u_krr_cap12,phase_1,dolma3_cc/games_low,23,0.01123046875
cmp_u_krr_cap12,phase_1,dolma3_cc/health_high,2,0.0009765625
cmp_u_krr_cap12,phase_1,dolma3_cc/health_low,15,0.00732421875
cmp_u_krr_cap12,phase_1,dolma3_cc/history_and_geography_high,64,0.03125
cmp_u_krr_cap12,phase_1,dolma3_cc/history_and_geography_low,28,0.013671875
cmp_u_krr_cap12,phase_1,dolma3_cc/industrial_high,11,0.00537109375
cmp_u_krr_cap12,phase_1,dolma3_cc/industrial_low,33,0.01611328125
cmp_u_krr_cap12,phase_1,dolma3_cc/literature_high,98,0.0478515625
cmp_u_krr_cap12,phase_1,dolma3_cc/literature_low,59,0.02880859375
cmp_u_krr_cap12,phase_1,dolma3_cc/science_math_and_technology_high,155,0.07568359375
cmp_u_krr_cap12,phase_1,dolma3_cc/science_math_and_technology_low,76,0.037109375
cmp_u_krr_cap12,phase_1,dolma3_stack_edu,269,0.13134765625
cmp_u_krr_cap12,phase_1,dolma3_arxiv,38,0.0185546875
cmp_u_krr_cap12,phase_1,dolma3_finemath_3plus,26,0.0126953125
cmp_u_krr_cap12,phase_1,dolma3_wikipedia,0,0.0
cmp_u_krr_cap12,phase_1,dolmino_common_crawl_hq,23,0.01123046875
cmp_u_krr_cap12,phase_1,dolmino_olmocr_pdfs_hq,15,0.00732421875
cmp_u_krr_cap12,phase_1,dolmino_stack_edu_fim,351,0.17138671875
cmp_u_krr_cap12,phase_1,dolmino_stem_heavy_crawl,0,0.0
cmp_u_krr_cap12,phase_1,dolmino_synth_code,34,0.0166015625
cmp_u_krr_cap12,phase_1,dolmino_synth_instruction,7,0.00341796875
cmp_u_krr_cap12,phase_1,dolmino_synth_math,68,0.033203125
cmp_u_krr_cap12,phase_1,dolmino_synth_qa,168,0.08203125
cmp_u_krr_cap12,phase_1,dolmino_synth_thinking,10,0.0048828125
