model,split,n,rmse,mae,bias_pred_minus_actual,actual_std,pred_std,std_ratio,spearman,pearson,slope_pred_on_actual,intercept_pred_on_actual,slope_actual_on_pred,intercept_actual_on_pred,low_tail_rmse,description,feature_count,ridge,coef_l2
smooth_mct_lrq_like,all_rows,641.0,0.04727988737422464,0.034139849400417005,0.0017144600293271378,0.07844420156998826,0.06911769396208824,0.881106475415154,0.8582890031352631,0.8021476207667764,0.7067774628964663,0.30898098463201024,0.9103867048404397,0.09234453106823398,0.03271929983798243,"Existing anchored LRQ mixture body plus global N, canonical family D, and ND cross terms.",9,10.0,0.05894909395169553
smooth_mct_lrq_like,fit_region,343.0,0.04094656937009519,0.03217960082998272,0.02996081067340867,0.053377957995540834,0.07384140173762758,1.3833688007285003,0.8473830518393752,0.9543043839841202,1.320154911202063,-0.2888897941298153,0.6898409039451886,0.28822731974197197,0.03249671792185821,"Existing anchored LRQ mixture body plus global N, canonical family D, and ND cross terms.",9,10.0,0.05894909395169553
smooth_mct_lrq_like,anchor_100m_1x,242.0,0.030317611701238294,0.026260231632944074,0.026027709698539795,0.018544670803931216,0.019624740888550634,1.058241534510845,0.67979471990537,0.669515464092632,0.7085090721001253,0.31671919160796197,0.6326679139484951,0.3498577405277132,0.03739570962137855,"Existing anchored LRQ mixture body plus global N, canonical family D, and ND cross terms.",9,10.0,0.05894909395169553
smooth_mct_lrq_like,fixed340_all,37.0,0.01872757778355413,0.015069865868804136,-0.003222654513496129,0.019612114745099423,0.017438520603784334,0.8891708431464171,0.5199146514935988,0.5093479442445528,0.4528973410388231,0.4819066539766326,0.5728347349337005,0.3806239363930577,0.013510552467093883,"Existing anchored LRQ mixture body plus global N, canonical family D, and ND cross terms.",9,10.0,0.05894909395169553
smooth_mct_lrq_like,fixed340_1x,13.0,0.014806355444232172,0.012066493666235988,-0.001079481239253166,0.013663776232598852,0.018479266268431948,1.352427466160077,0.30769230769230765,0.6141057563305684,0.8305334919884665,0.14840140875403582,0.4540766671015537,0.4820313674916218,0.010699588117446552,"Existing anchored LRQ mixture body plus global N, canonical family D, and ND cross terms.",9,10.0,0.05894909395169553
smooth_mct_lrq_like,external_60m,293.0,0.05383901619061568,0.03642625758191774,-0.031229535089258686,0.04334024561371067,0.03769751834171389,0.8698039849083895,0.5854149454820593,0.4211370364690186,0.36630667251326154,0.6738359617559806,0.4841746459846047,0.5890427347006985,0.05691597906494612,"Existing anchored LRQ mixture body plus global N, canonical family D, and ND cross terms.",9,10.0,0.05894909395169553
smooth_mct_lrq_like,external_900m,4.0,0.046074685232364986,0.04251900438472253,-0.0060661272713099235,0.01834397465097202,0.04598531215884557,2.5068346982483907,0.39999999999999997,0.21638915859405786,0.5424518510883524,0.36635413274913325,0.0863196758626551,0.7442116176663485,0.0292624867532143,"Existing anchored LRQ mixture body plus global N, canonical family D, and ND cross terms.",9,10.0,0.05894909395169553
smooth_mct_lrq_like,seed7_train,579.0,0.04814242256613072,0.034857098377327506,3.794808070710679e-07,0.07272246108853102,0.060502829859016984,0.8319689536546615,0.8352246729313203,0.7535891470973505,0.6269627741960917,0.39458787861397193,0.905789986257294,0.09965216048309967,0.033738458790468155,"Existing anchored LRQ mixture body plus global N, canonical family D, and ND cross terms.",9,10.0,0.05894909395169553
smooth_mct_lrq_like,seed7_holdout,61.0,0.038526616877717204,0.02756486512304949,0.017685613552831853,0.06891815131081871,0.09370511884632181,1.3596580445652793,0.9189317821258592,0.9568653654360655,1.3010096916810419,-0.27044552711416864,0.7037544250635479,0.27112452550694344,0.02489139303351816,"Existing anchored LRQ mixture body plus global N, canonical family D, and ND cross terms.",9,10.0,0.05894909395169553
smooth_mct_lrq_like,fixed340_holdout,27.0,0.01837579817774192,0.015177066745070713,-0.006547326725133461,0.017544144667071045,0.015136785801768225,0.862782773911957,0.5274725274725275,0.4558575052971002,0.3933060029288172,0.535450522750923,0.5283572169970286,0.42480744572395684,0.01348456382374411,"Existing anchored LRQ mixture body plus global N, canonical family D, and ND cross terms.",9,10.0,0.05894909395169553
smooth_mct_lrq_like,random_supplement,34.0,0.04893730196609946,0.037402234423209106,0.036929419067686674,0.049681088878676775,0.06720784592236738,1.3527852838832026,0.7974025974025973,0.8915993988225003,1.2061425458461825,-0.1708461968534301,0.6590841942507988,0.319276958949518,0.04521861436563556,"Existing anchored LRQ mixture body plus global N, canonical family D, and ND cross terms.",9,10.0,0.05894909395169553
smooth_mct_lrq_like,all900_holdout,4.0,0.046074685232364986,0.04251900438472253,-0.0060661272713099235,0.01834397465097202,0.04598531215884557,2.5068346982483907,0.39999999999999997,0.21638915859405786,0.5424518510883524,0.36635413274913325,0.0863196758626551,0.7442116176663485,0.0292624867532143,"Existing anchored LRQ mixture body plus global N, canonical family D, and ND cross terms.",9,10.0,0.05894909395169553
paper_first_order_domain_power,all_rows,641.0,0.045120469768507435,0.03505558028101204,0.0023023701811300708,0.07844420156998826,0.06147949323170413,0.7837353431005587,0.8400062926466375,0.8193179103046815,0.6421284035410727,0.37731434158059346,1.0454012537744604,-0.04998266206562509,0.03658054587170706,Paper first-order domain synergy adapted as centered domain-specific D-scaling heads.,48,100.0,0.05134622250747548
paper_first_order_domain_power,fit_region,343.0,0.03977852076151664,0.033363820815906,0.03215307769796502,0.053377957995540834,0.06585228980139773,1.2336981831882554,0.8062146348310262,0.9441117264442235,1.1647489216409654,-0.13192465925965027,0.7652696091392052,0.20916832949870967,0.035400032312783006,Paper first-order domain synergy adapted as centered domain-specific D-scaling heads.,48,100.0,0.05134622250747548
paper_first_order_domain_power,anchor_100m_1x,242.0,0.03580812378324479,0.031106204704144637,0.030763974852133027,0.018544670803931216,0.02150092298286872,1.159412491609763,0.5916023472920241,0.5898701224700567,0.683902788419164,0.34599425499804487,0.5087664025864191,0.4742346583266717,0.040752666443832644,Paper first-order domain synergy adapted as centered domain-specific D-scaling heads.,48,100.0,0.05134622250747548
paper_first_order_domain_power,fixed340_all,37.0,0.02419388221732403,0.018909444663749848,0.011299067830122874,0.019612114745099423,0.013706545213793674,0.6988815531593092,0.3264580369843528,0.213585005599232,0.14927062044473144,0.7656616154359652,0.3056097340582497,0.6122797267787726,0.03443237877663063,Paper first-order domain synergy adapted as centered domain-specific D-scaling heads.,48,100.0,0.05134622250747548
paper_first_order_domain_power,fixed340_1x,13.0,0.023146737402241505,0.017069094176764592,0.01553492833357407,0.013663776232598852,0.013230384711334432,0.9682817170095013,0.2802197802197803,0.18615310710537103,0.18024865017463926,0.7386109082596816,0.1922509780317771,0.7095025120750195,0.03619783679343244,Paper first-order domain synergy adapted as centered domain-specific D-scaling heads.,48,100.0,0.05134622250747548
paper_first_order_domain_power,external_60m,293.0,0.050762921736887026,0.03710439779242791,-0.033041891724338475,0.04334024561371067,0.0320132102027574,0.7386485643872317,0.5306757586957952,0.5110469855148753,0.3774841221849849,0.6595872518180943,0.6918675675472674,0.3656976562813589,0.041560906859239626,Paper first-order domain synergy adapted as centered domain-specific D-scaling heads.,48,100.0,0.05134622250747548
paper_first_order_domain_power,external_900m,4.0,0.03462777270622778,0.02650269466936228,0.019837705629852986,0.01834397465097202,0.020520112164350048,1.1186295530158028,0.19999999999999998,-0.06372086434447659,-0.0712800419994425,0.8918036238510281,-0.05696332997165012,0.8614428852734475,0.03289822499680861,Paper first-order domain synergy adapted as centered domain-specific D-scaling heads.,48,100.0,0.05134622250747548
paper_first_order_domain_power,seed7_train,579.0,0.04593823845944366,0.03576295041961148,-1.1461683030197056e-07,0.07272246108853102,0.05280397776766544,0.7261027332859765,0.8128595029105978,0.7768802006461126,0.5640948371249005,0.461087187615403,1.069931519373772,-0.0739713242678459,0.038685784794496636,Paper first-order domain synergy adapted as centered domain-specific D-scaling heads.,48,100.0,0.05134622250747548
paper_first_order_domain_power,seed7_holdout,61.0,0.03660514045186059,0.0283088676656954,0.023587670650538815,0.06891815131081871,0.0867088455604206,1.2581423603393889,0.913220518244315,0.9609216961393009,1.2089762908820294,-0.17644767282272375,0.7637622946580462,0.20811501831605023,0.029479923638733377,Paper first-order domain synergy adapted as centered domain-specific D-scaling heads.,48,100.0,0.05134622250747548
paper_first_order_domain_power,fixed340_holdout,27.0,0.02016783474517961,0.01582895817006015,0.005619036044187902,0.017544144667071045,0.012833571737933555,0.7315017050686513,0.3241758241758242,0.21613998969224166,0.15810677099339565,0.7577351305050585,0.2954743484459246,0.6277367294828644,0.02860037994957953,Paper first-order domain synergy adapted as centered domain-specific D-scaling heads.,48,100.0,0.05134622250747548
paper_first_order_domain_power,random_supplement,34.0,0.04561800879012692,0.03821938402987633,0.03785688048499394,0.049681088878676775,0.061805286122401396,1.2440404893969292,0.8368220015278838,0.9184409097992724,1.1425776789088442,-0.10585030490114629,0.7382725221785181,0.23585219947012864,0.04304157823088782,Paper first-order domain synergy adapted as centered domain-specific D-scaling heads.,48,100.0,0.05134622250747548
paper_first_order_domain_power,all900_holdout,4.0,0.03462777270622778,0.02650269466936228,0.019837705629852986,0.01834397465097202,0.020520112164350048,1.1186295530158028,0.19999999999999998,-0.06372086434447659,-0.0712800419994425,0.8918036238510281,-0.05696332997165012,0.8614428852734475,0.03289822499680861,Paper first-order domain synergy adapted as centered domain-specific D-scaling heads.,48,100.0,0.05134622250747548
paper_first_order_domain_log,all_rows,641.0,0.04511190754512387,0.03503978777390775,0.002303480055571525,0.07844420156998826,0.06148956398410863,0.7838637241944183,0.839954077940632,0.8193927090242246,0.6422922204734826,0.3771437884580838,1.0453254612162581,-0.049904225076015336,0.03654608734259941,"Same as first-order domain, using log(D/D0) exactly from z_k(D)-z_k(D0).",48,100.0,0.05135769349094304
paper_first_order_domain_log,fit_region,343.0,0.03975733414032642,0.03334270319425864,0.032147923312149836,0.053377957995540834,0.0658533980315356,1.2337189451315647,0.8063639164356072,0.9443091487417453,1.165012086863752,-0.13219190673700548,0.7654167527118938,0.20902099952129874,0.03532822683551402,"Same as first-order domain, using log(D/D0) exactly from z_k(D)-z_k(D0).",48,100.0,0.05135769349094304
paper_first_order_domain_log,anchor_100m_1x,242.0,0.03583325561065095,0.031130663442344837,0.030786142047378534,0.018544670803931216,0.02151828903506571,1.1603489359597652,0.5915913398624326,0.5897837370911708,0.6843549317801157,0.3455655188853292,0.5082813615917536,0.47472202365974026,0.04075906619387829,"Same as first-order domain, using log(D/D0) exactly from z_k(D)-z_k(D0).",48,100.0,0.05135769349094304
paper_first_order_domain_log,fixed340_all,37.0,0.024066739530358358,0.018760203014615225,0.01123041974239077,0.019612114745099423,0.013692650576567864,0.6981730810028691,0.33617828354670454,0.22163790769827912,0.15474162088473742,0.7607416974508268,0.31745410089416726,0.6016649993338862,0.03437631065343897,"Same as first-order domain, using log(D/D0) exactly from z_k(D)-z_k(D0).",48,100.0,0.05135769349094304
paper_first_order_domain_log,fixed340_1x,13.0,0.023067372111643804,0.01701429016058578,0.01546932746834988,0.013663776232598852,0.01316890186629809,0.9637820205866591,0.2802197802197803,0.1870521913134295,0.18027753889922096,0.7385198255909325,0.19408142849517684,0.7078722273016436,0.03611939008877393,"Same as first-order domain, using log(D/D0) exactly from z_k(D)-z_k(D0).",48,100.0,0.05135769349094304
paper_first_order_domain_log,external_60m,293.0,0.05076614454161343,0.03709490719586537,-0.03303229112263322,0.04334024561371067,0.03203246052300686,0.7390927316958582,0.5311165727849577,0.5108375892315218,0.3775563492780524,0.6595164904701772,0.6911684655041849,0.3664457621169801,0.04158106281985198,"Same as first-order domain, using log(D/D0) exactly from z_k(D)-z_k(D0).",48,100.0,0.05135769349094304
paper_first_order_domain_log,external_900m,4.0,0.034624953704971,0.026509318481259064,0.019785658338730444,0.01834397465097202,0.020574677057373935,1.1216040933791693,0.19999999999999998,-0.06305472730908589,-0.07072244025677729,0.8912977179081217,-0.056218346278596384,0.8608188027356894,0.032778524971215584,"Same as first-order domain, using log(D/D0) exactly from z_k(D)-z_k(D0).",48,100.0,0.05135769349094304
paper_first_order_domain_log,seed7_train,579.0,0.0459340063959698,0.03575502155602391,-1.092970266569722e-07,0.07272246108853102,0.052820814370160146,0.726334251887557,0.8127451930307635,0.7769146618502877,0.5642997296955026,0.46087046376869906,1.0696379247313261,-0.0736607744554547,0.0386759455707994,"Same as first-order domain, using log(D/D0) exactly from z_k(D)-z_k(D0).",48,100.0,0.05135769349094304
paper_first_order_domain_log,seed7_holdout,61.0,0.036546939129609254,0.028220481886716477,0.023601588713974817,0.06891815131081871,0.08669366117918421,1.257922035491035,0.9140666314119512,0.9612809144046225,1.2092164445265456,-0.1766636335487158,0.7641816323134707,0.2076930946881927,0.029429291212255505,"Same as first-order domain, using log(D/D0) exactly from z_k(D)-z_k(D0).",48,100.0,0.05135769349094304
paper_first_order_domain_log,fixed340_holdout,27.0,0.020016507570212793,0.015682196646551773,0.005615947662531139,0.017544144667071045,0.01270214413423984,0.7240104533611574,0.3339438339438339,0.2244122819635231,0.16247683800422266,0.7538279868115497,0.3099572401499285,0.6147178301377941,0.028561377218773044,"Same as first-order domain, using log(D/D0) exactly from z_k(D)-z_k(D0).",48,100.0,0.05135769349094304
paper_first_order_domain_log,random_supplement,34.0,0.04558720434863364,0.03817735545978845,0.03788430366659186,0.049681088878676775,0.06175653134664843,1.2430591345825848,0.8368220015278838,0.9189805930510482,1.1423472206962213,-0.10559059780709691,0.7392895217005426,0.23476836913417834,0.042952720971572565,"Same as first-order domain, using log(D/D0) exactly from z_k(D)-z_k(D0).",48,100.0,0.05135769349094304
paper_first_order_domain_log,all900_holdout,4.0,0.034624953704971,0.026509318481259064,0.019785658338730444,0.01834397465097202,0.020574677057373935,1.1216040933791693,0.19999999999999998,-0.06305472730908589,-0.07072244025677729,0.8912977179081217,-0.056218346278596384,0.8608188027356894,0.032778524971215584,"Same as first-order domain, using log(D/D0) exactly from z_k(D)-z_k(D0).",48,100.0,0.05135769349094304
paper_first_order_current_source_power,all_rows,641.0,0.046971455825429234,0.0340494742176496,0.001668112533038151,0.07844420156998826,0.06916851577638165,0.8817543475749345,0.8567234276439439,0.8048702688553591,0.7096978587970197,0.3058743679364611,0.9128055575444248,0.08984798586378197,0.032447397211179826,First-order synergy on source-aware groups instead of all 39 domains.,16,10.0,0.05857101665857174
paper_first_order_current_source_power,fit_region,343.0,0.040783154820359976,0.03213661165148992,0.029679583535028836,0.053377957995540834,0.07392344341054252,1.384905796072567,0.8462221048587296,0.9543484795538743,1.3216827408072023,-0.29069262651799765,0.6891071452370962,0.2891738687641065,0.03212747866016243,First-order synergy on source-aware groups instead of all 39 domains.,16,10.0,0.05857101665857174
paper_first_order_current_source_power,anchor_100m_1x,242.0,0.030191137426550968,0.02618853626830114,0.025963840799085897,0.018544670803931216,0.01967317696694651,1.0608533942147986,0.6823221950846747,0.67641292192066,0.7175749441102817,0.3076143148513483,0.6376120636549525,0.34483918938416214,0.03633047448429352,First-order synergy on source-aware groups instead of all 39 domains.,16,10.0,0.05857101665857174
paper_first_order_current_source_power,fixed340_all,37.0,0.01946596201510451,0.015934987482363716,-0.00405050987228624,0.019612114745099423,0.01736407536096154,0.8853749627026014,0.4964438122332859,0.47516177607475596,0.4206963397698891,0.5096322140005234,0.5366785781069863,0.41301225837707256,0.01262292555973274,First-order synergy on source-aware groups instead of all 39 domains.,16,10.0,0.05857101665857174
paper_first_order_current_source_power,fixed340_1x,13.0,0.015553272410819203,0.012815842368130022,-0.0015595651982761498,0.013663776232598852,0.017704680056793886,1.2957384368279026,0.1868131868131868,0.538794251992962,0.6981364218492161,0.26470447038017014,0.41582022781694994,0.5159344587172656,0.008764658503199452,First-order synergy on source-aware groups instead of all 39 domains.,16,10.0,0.05857101665857174
paper_first_order_current_source_power,external_60m,293.0,0.05342207626792069,0.03630270266229772,-0.0309668014997342,0.04334024561371067,0.03711860501431621,0.8564465772795193,0.5632769184328194,0.42306438895322523,0.3623320478878412,0.6785209774885246,0.4939763905614278,0.5783133503519817,0.05539828245416632,First-order synergy on source-aware groups instead of all 39 domains.,16,10.0,0.05857101665857174
paper_first_order_current_source_power,external_900m,4.0,0.043426484833460864,0.04083371464339208,-0.010098154460217168,0.01834397465097202,0.04051170029615592,2.2084472458649667,0.19999999999999998,0.1304000215650208,0.28798156848600115,0.5694476048976594,0.05904602059622482,0.766483576133308,0.023374800881935,First-order synergy on source-aware groups instead of all 39 domains.,16,10.0,0.05857101665857174
paper_first_order_current_source_power,seed7_train,579.0,0.0477987377192344,0.034690457717878646,3.560826122359482e-07,0.07272246108853102,0.06033317549170256,0.8296360517592225,0.8333202913529477,0.7571296268527498,0.628142034292049,0.39334046953975393,0.9126045393606924,0.09244395100727386,0.033302453121681945,First-order synergy on source-aware groups instead of all 39 domains.,16,10.0,0.05857101665857174
paper_first_order_current_source_power,seed7_holdout,61.0,0.03865230835847905,0.028257678924764516,0.017259580678589275,0.06891815131081871,0.09468196483329536,1.3738320461656415,0.913220518244315,0.9592100561454246,1.3177935141369292,-0.2869372948887069,0.6982003796043155,0.2768366268900664,0.022478974491864256,First-order synergy on source-aware groups instead of all 39 domains.,16,10.0,0.05857101665857174
paper_first_order_current_source_power,fixed340_holdout,27.0,0.019566152843485188,0.016559114674960615,-0.007943658828028787,0.017544144667071045,0.015909762781656855,0.9068417459825332,0.4835164835164835,0.43204033156621247,0.39179220861237624,0.5354065581809538,0.4764230732431864,0.4715286929570787,0.01417085926129422,First-order synergy on source-aware groups instead of all 39 domains.,16,10.0,0.05857101665857174
paper_first_order_current_source_power,random_supplement,34.0,0.048748312286388,0.03754771524078526,0.03727391793384478,0.049681088878676775,0.0676987079093318,1.3626655421070737,0.7631779984721161,0.9015238856295925,1.2284755343339213,-0.1930116093660788,0.66158852467611,0.31643238914697136,0.04498301099234506,First-order synergy on source-aware groups instead of all 39 domains.,16,10.0,0.05857101665857174
paper_first_order_current_source_power,all900_holdout,4.0,0.043426484833460864,0.04083371464339208,-0.010098154460217168,0.01834397465097202,0.04051170029615592,2.2084472458649667,0.19999999999999998,0.1304000215650208,0.28798156848600115,0.5694476048976594,0.05904602059622482,0.766483576133308,0.023374800881935,First-order synergy on source-aware groups instead of all 39 domains.,16,10.0,0.05857101665857174
paper_first_order_current_source_log,all_rows,641.0,0.04690611598573123,0.034016163976853114,0.0017199891707933865,0.07844420156998826,0.06910481610556472,0.8809423095970849,0.8572413829474951,0.8053817554643877,0.7094948637661527,0.3061389621172206,0.9142275795934285,0.08830805646669043,0.032166842153750284,Source-aware first-order synergy using log(D/D0).,16,10.0,0.05895559580361435
paper_first_order_current_source_log,fit_region,343.0,0.040646483299443245,0.03208332706206333,0.029765502907428004,0.053377957995540834,0.07385080190294334,1.3835449064783032,0.8490070096931935,0.9559850756842513,1.3226482821322212,-0.29156831486946244,0.6909678689921466,0.2872061325384883,0.031493295452207457,Source-aware first-order synergy using log(D/D0).,16,10.0,0.05895559580361435
paper_first_order_current_source_log,anchor_100m_1x,242.0,0.03029631127825219,0.026308446994559132,0.026095037401507787,0.018544670803931216,0.019661277996480524,1.0602117559462205,0.6827455577612752,0.6768225744369165,0.7175752501078061,0.3077452062954774,0.6383843327910115,0.343965233352905,0.036451551353205776,Source-aware first-order synergy using log(D/D0).,16,10.0,0.05895559580361435
paper_first_order_current_source_log,fixed340_all,37.0,0.018668870190168378,0.015255499450702419,-0.0037884004898194805,0.019612114745099423,0.018080676559569756,0.9219136638025057,0.5654338549075391,0.5321077987664612,0.4905574502986749,0.44794676804568856,0.5771774729661182,0.37711365534426705,0.01179905249173857,Source-aware first-order synergy using log(D/D0).,16,10.0,0.05895559580361435
paper_first_order_current_source_log,fixed340_1x,13.0,0.015482014402105462,0.012760182825078275,-0.0012067811109829096,0.013663776232598852,0.01770878520540397,1.2960388770971372,0.15934065934065936,0.541522957050823,0.7018348051784661,0.26179503092795997,0.4178292539061243,0.5140180918999722,0.009127424221539242,Source-aware first-order synergy using log(D/D0).,16,10.0,0.05895559580361435
paper_first_order_current_source_log,external_60m,293.0,0.05341881836191014,0.036293784313268754,-0.030961780861918146,0.04334024561371067,0.03713833750157239,0.8569018697444504,0.5648679519689199,0.42330631853004835,0.3627319758230391,0.6780810267559604,0.4939962596373946,0.5782893785496839,0.05546358171170723,Source-aware first-order synergy using log(D/D0).,16,10.0,0.05895559580361435
paper_first_order_current_source_log,external_900m,4.0,0.043388331340911315,0.04068947869942843,-0.009548963629222335,0.01834397465097202,0.04066209048288447,2.21664558835017,0.19999999999999998,0.1330883888761838,0.2950097900630231,0.5642761909935639,0.06004044560648162,0.765651234385968,0.023111739356121097,Source-aware first-order synergy using log(D/D0).,16,10.0,0.05895559580361435
paper_first_order_current_source_log,seed7_train,579.0,0.047756685815764595,0.034689324914454256,4.3984182593244765e-07,0.07272246108853102,0.06038759426648567,0.8303843594205496,0.8338694609919778,0.7576528075933823,0.6291430412966118,0.39228171835375797,0.9124121847888359,0.09264734150334618,0.03316729664488501,Source-aware first-order synergy using log(D/D0).,16,10.0,0.05895559580361435
paper_first_order_current_source_log,seed7_holdout,61.0,0.03832092334745644,0.027944604321650916,0.017830119180134836,0.06891815131081871,0.09426619444874378,1.367799232216868,0.9171337916446324,0.9608985723080468,1.3143163294412312,-0.28303834132156586,0.7025143381245106,0.27223197036192937,0.022651819335390105,Source-aware first-order synergy using log(D/D0).,16,10.0,0.05895559580361435
paper_first_order_current_source_log,fixed340_holdout,27.0,0.018503305630719283,0.015542428252920725,-0.006977510781468466,0.017544144667071045,0.0164732119785675,0.9389578284478239,0.5457875457875457,0.49389057293906324,0.46374241985771386,0.47209506386978767,0.5259986742487711,0.42712531417667526,0.014070111366504936,Source-aware first-order synergy using log(D/D0).,16,10.0,0.05895559580361435
paper_first_order_current_source_log,random_supplement,34.0,0.04860828739500895,0.03779339119976018,0.03753029591434922,0.049681088878676775,0.06728929656838663,1.3544247537067837,0.762261268143621,0.903650545967617,1.2239266681591883,-0.18817032889822877,0.6671840155715636,0.3104129533740791,0.04508698093939759,Source-aware first-order synergy using log(D/D0).,16,10.0,0.05895559580361435
paper_first_order_current_source_log,all900_holdout,4.0,0.043388331340911315,0.04068947869942843,-0.009548963629222335,0.01834397465097202,0.04066209048288447,2.21664558835017,0.19999999999999998,0.1330883888761838,0.2950097900630231,0.5642761909935639,0.06004044560648162,0.765651234385968,0.023111739356121097,Source-aware first-order synergy using log(D/D0).,16,10.0,0.05895559580361435
paper_first_order_canonical_power,all_rows,641.0,0.047258003156940315,0.034130702407137524,0.0017422717329311696,0.07844420156998826,0.0690936985198166,0.8808005835609265,0.8581193736846016,0.8023199779703452,0.7066839047988701,0.30910683542831435,0.9108985540480704,0.09178195549296389,0.03259867180745659,First-order synergy on the canonical MCT-LRQ family partition.,16,10.0,0.056992057462346125
paper_first_order_canonical_power,fit_region,343.0,0.04089876168932953,0.03214316551627363,0.03000207213890427,0.053377957995540834,0.07380376502506836,1.3826637023325974,0.8476301693959625,0.9548963955800728,1.3203005856567958,-0.2889936136434674,0.6906208602779781,0.2873986767869923,0.03219243074421103,First-order synergy on the canonical MCT-LRQ family partition.,16,10.0,0.056992057462346125
paper_first_order_canonical_power,anchor_100m_1x,242.0,0.03038738406296401,0.02630875675168207,0.02606929529441458,0.018544670803931216,0.019672115500621548,1.0607961558665862,0.6777363305717387,0.6676189116037023,0.708207575013042,0.3170614474019352,0.6293564582710154,0.3532201316168118,0.037456927689305634,First-order synergy on the canonical MCT-LRQ family partition.,16,10.0,0.056992057462346125
paper_first_order_canonical_power,fixed340_all,37.0,0.01833257822267502,0.014649960269831144,-0.0030144904771618403,0.019612114745099423,0.01780370649197643,0.9077912669476468,0.552868658131816,0.5364328620944236,0.4869690675130475,0.451902584837404,0.5909209326259812,0.36452173963540907,0.01309747273920004,First-order synergy on the canonical MCT-LRQ family partition.,16,10.0,0.056992057462346125
paper_first_order_canonical_power,fixed340_1x,13.0,0.01485801328619991,0.012060203610999208,-0.0008905960613527006,0.013663776232598852,0.018465102486305996,1.3513908726236459,0.30769230769230765,0.6097655568061251,0.8240316079080724,0.15432539422033306,0.4512133159685329,0.48446871787274365,0.010827583372999536,First-order synergy on the canonical MCT-LRQ family partition.,16,10.0,0.056992057462346125
paper_first_order_canonical_power,external_60m,293.0,0.053838329651622926,0.03645076788895135,-0.03122247835543524,0.04334024561371067,0.037744878525180235,0.8708967379095715,0.5843224516896545,0.4215885783709642,0.36716011764320694,0.6728934507912426,0.4840856097163818,0.5891356023994799,0.05697915219758887,First-order synergy on the canonical MCT-LRQ family partition.,16,10.0,0.056992057462346125
paper_first_order_canonical_power,external_900m,4.0,0.04618352765770085,0.04249463109566959,-0.005776862411220163,0.01834397465097202,0.046043583861497886,2.5100113109379003,0.39999999999999997,0.2113174837676621,0.5304092744557614,0.37644542507123707,0.08418985318783297,0.7459079089764689,0.028722073132202652,First-order synergy on the canonical MCT-LRQ family partition.,16,10.0,0.056992057462346125
paper_first_order_canonical_power,seed7_train,579.0,0.04813106097184733,0.03486678814825735,4.2219917771042076e-07,0.07272246108853102,0.060544854321253644,0.8325468282426172,0.8350039046344636,0.753767965328202,0.6275471287648863,0.3939698087367141,0.9053760578480535,0.10008996292066576,0.033676317623163324,First-order synergy on the canonical MCT-LRQ family partition.,16,10.0,0.056992057462346125
paper_first_order_canonical_power,seed7_holdout,61.0,0.03838530675716164,0.027389296340233432,0.01798998195254217,0.06891815131081871,0.09348098174840061,1.3564058230001599,0.9198307773664727,0.9575897094441304,1.2988802579350498,-0.26810283173973193,0.705975817271331,0.2687440110539297,0.024989594034724068,First-order synergy on the canonical MCT-LRQ family partition.,16,10.0,0.056992057462346125
paper_first_order_canonical_power,fixed340_holdout,27.0,0.017898789273292786,0.01468989512659878,-0.006011633892364554,0.017544144667071045,0.015528127270475879,0.885088875242857,0.5482295482295482,0.48580379732047185,0.4299795365590858,0.5032234448026234,0.5488757241324194,0.4063172872652461,0.013279375886297313,First-order synergy on the canonical MCT-LRQ family partition.,16,10.0,0.056992057462346125
paper_first_order_canonical_power,random_supplement,34.0,0.048878432184042774,0.03747411495106094,0.03705008865290926,0.049681088878676775,0.06700804248273026,1.3487635636643676,0.7922077922077921,0.892435904525399,1.2036850309297062,-0.16824854381333512,0.6616696421578865,0.3164957065228927,0.045338392619044834,First-order synergy on the canonical MCT-LRQ family partition.,16,10.0,0.056992057462346125
paper_first_order_canonical_power,all900_holdout,4.0,0.04618352765770085,0.04249463109566959,-0.005776862411220163,0.01834397465097202,0.046043583861497886,2.5100113109379003,0.39999999999999997,0.2113174837676621,0.5304092744557614,0.37644542507123707,0.08418985318783297,0.7459079089764689,0.028722073132202652,First-order synergy on the canonical MCT-LRQ family partition.,16,10.0,0.056992057462346125
paper_entropy_current_source_power,all_rows,641.0,0.04560488904829157,0.03338159651658813,0.0015751396314742968,0.07844420156998826,0.0706203473615191,0.9002621729601177,0.8698818069327302,0.8180324306922594,0.7364436536068606,0.27775460180087413,0.9086602272785921,0.09428325370801945,0.02876716491185212,Paper log-D decomposition entropy term on source-aware shares.,10,10.0,0.06057279043304683
paper_entropy_current_source_power,fit_region,343.0,0.03878653331574896,0.03141181598648309,0.02945776236208607,0.053377957995540834,0.07354755661600439,1.3778638107914978,0.899070469243826,0.9707293267206867,1.3375328093624306,-0.30669994330002537,0.7045176156873317,0.2735250809226297,0.02686469717695955,Paper log-D decomposition entropy term on source-aware shares.,10,10.0,0.06057279043304683
paper_entropy_current_source_power,anchor_100m_1x,242.0,0.02959802159007431,0.02672269808789822,0.02663805685501947,0.018544670803931216,0.01967026172318637,1.0606961930549095,0.7783086745742348,0.7735751403803977,0.8205282064434065,0.20561762924098506,0.7293088685011911,0.25052136013800436,0.03317575531353784,Paper log-D decomposition entropy term on source-aware shares.,10,10.0,0.06057279043304683
paper_entropy_current_source_power,fixed340_all,37.0,0.013543629512609304,0.0115819957923393,-0.0063767085801292355,0.019612114745099423,0.016956435046687614,0.864589834756326,0.7752489331436699,0.7959491491190187,0.6881695433112507,0.27013098397398233,0.9206089605984651,0.07626843140544776,0.008128629859624708,Paper log-D decomposition entropy term on source-aware shares.,10,10.0,0.06057279043304683
paper_entropy_current_source_power,fixed340_1x,13.0,0.010623032824937758,0.009211248265453378,-0.004859253957239655,0.013663776232598852,0.01782762014639777,1.3047359560722955,0.6593406593406593,0.852419823983905,1.1121827940206122,-0.10381204462307296,0.6533274568058813,0.3089632489855187,0.010227131449841928,Paper log-D decomposition entropy term on source-aware shares.,10,10.0,0.06057279043304683
paper_entropy_current_source_power,external_60m,293.0,0.05257805155240177,0.03565941670725833,-0.03083035308565155,0.04334024561371067,0.04274119678138385,0.9861780009816715,0.6307443735078887,0.5104814563260143,0.5034255821378014,0.521672684999397,0.5176362237018727,0.5526507754327034,0.06007581735919734,Paper log-D decomposition entropy term on source-aware shares.,10,10.0,0.06057279043304683
paper_entropy_current_source_power,external_900m,4.0,0.04155680361603468,0.039786282202339235,-0.011264568147836579,0.01834397465097202,0.0433735956566149,2.3644600737777735,0.19999999999999998,0.38817151065777905,0.9178160387283176,0.05562887749086513,0.16416919658008153,0.6821718488779709,0.0419559414776316,Paper log-D decomposition entropy term on source-aware shares.,10,10.0,0.06057279043304683
paper_entropy_current_source_power,seed7_train,579.0,0.04668495688943138,0.03428635808984729,4.914984914229507e-07,0.07272246108853102,0.06232593245126477,0.8570382728850485,0.8478986649406639,0.7714948056683562,0.661200575789794,0.3583722792437048,0.9001871095806172,0.10557861532490508,0.030489432258677663,Paper log-D decomposition entropy term on source-aware shares.,10,10.0,0.06057279043304683
paper_entropy_current_source_power,seed7_holdout,61.0,0.034170204377888216,0.025289489326089584,0.016598739514236707,0.06891815131081871,0.09253506549130147,1.3426806107141673,0.9651507139079851,0.9737879913554248,1.3074862549392239,-0.27773186785019954,0.7252566124697888,0.2509502817770788,0.01804007894102787,Paper log-D decomposition entropy term on source-aware shares.,10,10.0,0.06057279043304683
paper_entropy_current_source_power,fixed340_holdout,27.0,0.013566847202522535,0.011846494528241899,-0.007788162454092385,0.017544144667071045,0.013450075213985044,0.7666418323162689,0.7912087912087912,0.7740339145005473,0.5934067784876327,0.3554470973887519,1.0096421586622093,-0.0007506887323417375,0.007489115948390956,Paper log-D decomposition entropy term on source-aware shares.,10,10.0,0.06057279043304683
paper_entropy_current_source_power,random_supplement,34.0,0.04414354014408319,0.0359648087243804,0.0359648087243804,0.049681088878676775,0.0642304393843136,1.2928549038280324,0.9046600458365165,0.9305083414208618,1.203012272258847,-0.16865573544800808,0.7197314552976565,0.2566038399914905,0.03969865669031416,Paper log-D decomposition entropy term on source-aware shares.,10,10.0,0.06057279043304683
paper_entropy_current_source_power,all900_holdout,4.0,0.04155680361603468,0.039786282202339235,-0.011264568147836579,0.01834397465097202,0.0433735956566149,2.3644600737777735,0.19999999999999998,0.38817151065777905,0.9178160387283176,0.05562887749086513,0.16416919658008153,0.6821718488779709,0.0419559414776316,Paper log-D decomposition entropy term on source-aware shares.,10,10.0,0.06057279043304683
paper_second_order_current_source_tau0.1,all_rows,641.0,0.047282957456431525,0.03417129445481263,0.0017511124085761126,0.07844420156998826,0.06912479995905016,0.8811970620591595,0.8569793070409129,0.8021406850903561,0.7068440150597436,0.30894789731076755,0.9102852467709475,0.0924176583302341,0.033021848126685016,"Paper second-order soft-min co-occurrence terms on source-aware groups, tau=0.1.",30,10.0,0.059031938597023374
paper_second_order_current_source_tau0.1,fit_region,343.0,0.040929486284953014,0.03222179733068003,0.029978409986965254,0.053377957995540834,0.07377291463416262,1.3820857410904623,0.8434740743648396,0.9542181963137919,1.3188113630143508,-0.28753412022410063,0.690418957336841,0.28762215148339293,0.033069067624960244,"Paper second-order soft-min co-occurrence terms on source-aware groups, tau=0.1.",30,10.0,0.059031938597023374
paper_second_order_current_source_tau0.1,anchor_100m_1x,242.0,0.030506799007076903,0.026409543996277766,0.02616901903765158,0.018544670803931216,0.019493996646925454,1.0511913019665462,0.6705755742597187,0.6612179776749184,0.6950665868357854,0.33026611871428824,0.6290177405748332,0.35350402247037854,0.03818224797554056,"Paper second-order soft-min co-occurrence terms on source-aware groups, tau=0.1.",30,10.0,0.059031938597023374
paper_second_order_current_source_tau0.1,fixed340_all,37.0,0.018577305794333438,0.01501063682140949,-0.0034715100738475038,0.019612114745099423,0.01730507771608855,0.8823667381618119,0.5251303935514461,0.5171582984161407,0.45632328088676316,0.47861993376302636,0.5861035735475588,0.3690467486867662,0.01329027020856859,"Paper second-order soft-min co-occurrence terms on source-aware groups, tau=0.1.",30,10.0,0.059031938597023374
paper_second_order_current_source_tau0.1,fixed340_1x,13.0,0.014605433443872015,0.012030212283450102,-0.0013571506605710459,0.013663776232598852,0.018427101339959184,1.348609712737834,0.30769230769230765,0.6250998473812115,0.8430157256092375,0.13711356739591246,0.46351427064260475,0.47384565609011714,0.010341621197639424,"Paper second-order soft-min co-occurrence terms on source-aware groups, tau=0.1.",30,10.0,0.059031938597023374
paper_second_order_current_source_tau0.1,external_60m,293.0,0.053855355494954404,0.03643647858649686,-0.031162729812332014,0.04334024561371067,0.037788874121938015,0.8719118589854857,0.580696231027615,0.42041454887777274,0.36656443085656326,0.6736159776562431,0.4821755141247278,0.5911723827144132,0.05702211904587277,"Paper second-order soft-min co-occurrence terms on source-aware groups, tau=0.1.",30,10.0,0.059031938597023374
paper_second_order_current_source_tau0.1,external_900m,4.0,0.046465356617740206,0.042987722488998986,-0.006391897826610898,0.01834397465097202,0.04637705687362991,2.5281901962927353,0.39999999999999997,0.2169640520440426,0.54852638932569,0.3610840058124665,0.0858179310884891,0.744644924974919,0.03004804542221029,"Paper second-order soft-min co-occurrence terms on source-aware groups, tau=0.1.",30,10.0,0.059031938597023374
paper_second_order_current_source_tau0.1,seed7_train,579.0,0.04810726957648906,0.03484057026222949,3.7457262588891623e-07,0.07272246108853102,0.06053634339095812,0.8324297952081443,0.8344510256429242,0.7540169457043099,0.6276661716961097,0.39384384109663095,0.9058024472992006,0.09963898401082996,0.033656985747685275,"Paper second-order soft-min co-occurrence terms on source-aware groups, tau=0.1.",30,10.0,0.059031938597023374
paper_second_order_current_source_tau0.1,seed7_holdout,61.0,0.03898929503295865,0.02807021599609913,0.01808884899024463,0.06891815131081871,0.09384297800630845,1.3616583762248575,0.9099947117927022,0.9558010785743077,1.3014745446454596,-0.27048725613664454,0.701938970348956,0.2726113676508381,0.02484596549498899,"Paper second-order soft-min co-occurrence terms on source-aware groups, tau=0.1.",30,10.0,0.059031938597023374
paper_second_order_current_source_tau0.1,fixed340_holdout,27.0,0.01831408626731594,0.015168261546788268,-0.006794187982269219,0.017544144667071045,0.014981230019888771,0.8539162383907687,0.5274725274725275,0.46225097822699,0.3947236165200454,0.533937218243083,0.541330586590222,0.41343609434505585,0.01326022032230532,"Paper second-order soft-min co-occurrence terms on source-aware groups, tau=0.1.",30,10.0,0.059031938597023374
paper_second_order_current_source_tau0.1,random_supplement,34.0,0.04960850180647172,0.038315885705845994,0.037848907762535036,0.049681088878676775,0.06635681588585993,1.3356554251036235,0.7533995416348358,0.886190952841564,1.183645753840581,-0.14725169560342988,0.6634877051263511,0.31406587472973047,0.04995256666616511,"Paper second-order soft-min co-occurrence terms on source-aware groups, tau=0.1.",30,10.0,0.059031938597023374
paper_second_order_current_source_tau0.1,all900_holdout,4.0,0.046465356617740206,0.042987722488998986,-0.006391897826610898,0.01834397465097202,0.04637705687362991,2.5281901962927353,0.39999999999999997,0.2169640520440426,0.54852638932569,0.3610840058124665,0.0858179310884891,0.744644924974919,0.03004804542221029,"Paper second-order soft-min co-occurrence terms on source-aware groups, tau=0.1.",30,10.0,0.059031938597023374
paper_second_order_current_source_tau1,all_rows,641.0,0.0472829574982216,0.03417129446307366,0.0017511124086000477,0.07844420156998826,0.069124799976707,0.8811970622842473,0.8569793070409129,0.8021406847461536,0.7068440149369853,0.3089478974394296,0.9102852461478214,0.09241765898427481,0.03302184814379864,"Paper second-order soft-min co-occurrence terms on source-aware groups, tau=1.",30,10.0,0.05903193757470997
paper_second_order_current_source_tau1,fit_region,343.0,0.040929486297102684,0.032221797335498625,0.02997840998844909,0.053377957995540834,0.07377291464185351,1.382085741234546,0.8434740743648396,0.9542181962434113,1.318811363054567,-0.287534120262669,0.6904189572139409,0.287622151608452,0.033069067651913156,"Paper second-order soft-min co-occurrence terms on source-aware groups, tau=1.",30,10.0,0.05903193757470997
paper_second_order_current_source_tau1,anchor_100m_1x,242.0,0.03050679901390059,0.026409543995606785,0.026169019037338235,0.018544670803931216,0.019493996656661853,1.0511913024915704,0.6705755742597187,0.6612179772711781,0.6950665867585317,0.33026611879101697,0.6290177398765942,0.35350402318517105,0.03818224799564426,"Paper second-order soft-min co-occurrence terms on source-aware groups, tau=1.",30,10.0,0.05903193757470997
paper_second_order_current_source_tau1,fixed340_all,37.0,0.018577305829045047,0.01501063683872424,-0.003471510075876421,0.019612114745099423,0.017305077735563407,0.8823667391548131,0.5251303935514461,0.5171582969478677,0.45632328010474627,0.4786199344544309,0.5861035712239492,0.36904675074029,0.01329027023092212,"Paper second-order soft-min co-occurrence terms on source-aware groups, tau=1.",30,10.0,0.05903193757470997
paper_second_order_current_source_tau1,fixed340_1x,13.0,0.01460543348275396,0.012030212296315606,-0.0013571506593199612,0.013663776232598852,0.018427101350544612,1.3486097135125414,0.30769230769230765,0.6250998455346299,0.8430157236031917,0.1371135691666314,0.4635142690070916,0.47384565752995056,0.01034162122245257,"Paper second-order soft-min co-occurrence terms on source-aware groups, tau=1.",30,10.0,0.05903193757470997
paper_second_order_current_source_tau1,external_60m,293.0,0.0538553555641019,0.0364364785991949,-0.031162729815239595,0.04334024561371067,0.03778887418564027,0.8719118604553032,0.580696231027615,0.4204145474204163,0.36656443020380947,0.6736159783796085,0.48217551164045513,0.5911723854024719,0.05702211923360571,"Paper second-order soft-min co-occurrence terms on source-aware groups, tau=1.",30,10.0,0.05903193757470997
paper_second_order_current_source_tau1,external_900m,4.0,0.046465356645382205,0.04298772248469973,-0.00639189775222998,0.01834397465097202,0.04637705690860515,2.5281901981993693,0.39999999999999997,0.21696405171846306,0.5485263889162345,0.361084006220123,0.08581793089498933,0.7446449251247981,0.030048045365655196,"Paper second-order soft-min co-occurrence terms on source-aware groups, tau=1.",30,10.0,0.05903193757470997
paper_second_order_current_source_tau1,seed7_train,579.0,0.04810726962024008,0.03484057026965187,3.7457262633990833e-07,0.07272246108853102,0.06053634341268392,0.8324297955068939,0.8344510256429242,0.7540169452543563,0.6276661715468168,0.39384384125454913,0.9058024464335883,0.09963898492644789,0.03365698575857841,"Paper second-order soft-min co-occurrence terms on source-aware groups, tau=1.",30,10.0,0.05903193757470997
paper_second_order_current_source_tau1,seed7_holdout,61.0,0.03898929505278809,0.028070216011774656,0.018088848989810658,0.06891815131081871,0.09384297801083258,1.3616583762905026,0.9099947117927022,0.955801078473118,1.301474544570418,-0.27048725606524743,0.7019389702408018,0.27261136775662576,0.024845965530818255,"Paper second-order soft-min co-occurrence terms on source-aware groups, tau=1.",30,10.0,0.05903193757470997
paper_second_order_current_source_tau1,fixed340_holdout,27.0,0.01831408629759781,0.015168261560850707,-0.006794187980702711,0.017544144667071045,0.014981230038037039,0.8539162394252031,0.5274725274725275,0.46225097655093106,0.39472361556699964,0.5339372190960651,0.541330583971662,0.4134360966657402,0.013260220349606576,"Paper second-order soft-min co-occurrence terms on source-aware groups, tau=1.",30,10.0,0.05903193757470997
paper_second_order_current_source_tau1,random_supplement,34.0,0.04960850182555497,0.03831588572280249,0.037848907760512446,0.049681088878676775,0.06635681589789649,1.3356554253459,0.7533995416348358,0.8861909526127066,1.183645753749608,-0.14725169551375847,0.6634877048346549,0.3140658750361198,0.049952566693457434,"Paper second-order soft-min co-occurrence terms on source-aware groups, tau=1.",30,10.0,0.05903193757470997
paper_second_order_current_source_tau1,all900_holdout,4.0,0.046465356645382205,0.04298772248469973,-0.00639189775222998,0.01834397465097202,0.04637705690860515,2.5281901981993693,0.39999999999999997,0.21696405171846306,0.5485263889162345,0.361084006220123,0.08581793089498933,0.7446449251247981,0.030048045365655196,"Paper second-order soft-min co-occurrence terms on source-aware groups, tau=1.",30,10.0,0.05903193757470997
paper_first_second_current_source_power_tau0.1,all_rows,641.0,0.046975628398711305,0.03408060842575958,0.0017067691428644353,0.07844420156998826,0.06917094879289132,0.8817853634621636,0.8552596844981065,0.804848873393916,0.7097039563577673,0.3059066349409112,0.912749186756547,0.08987186679226837,0.03278384792168566,Source-aware first-order plus second-order soft-min synergy.,37,10.0,0.05871258930183204
paper_first_second_current_source_power_tau0.1,fit_region,343.0,0.04077411571221167,0.032174522188117595,0.029696600903633463,0.053377957995540834,0.07385676884334216,1.3836566930775456,0.8419949375098875,0.9541820055248683,1.3202603183586405,-0.28925898162896285,0.6896089256089715,0.288647504676342,0.032767064504239336,Source-aware first-order plus second-order soft-min synergy.,37,10.0,0.05871258930183204
paper_first_second_current_source_power_tau0.1,anchor_100m_1x,242.0,0.03039630268263725,0.026336635266930197,0.026104593939243855,0.018544670803931216,0.01956226232033468,1.0548724497275923,0.6720039999305686,0.6672187668256183,0.7038306950655636,0.32146162191867883,0.6325113211534904,0.34996934944886793,0.03720491639637089,Source-aware first-order plus second-order soft-min synergy.,37,10.0,0.05871258930183204
paper_first_second_current_source_power_tau0.1,fixed340_all,37.0,0.01932419260706686,0.015792332974977844,-0.0042954145133402115,0.019612114745099423,0.017203618050435285,0.8771934222307178,0.5018966334755808,0.4825523564817622,0.42329175298773475,0.5070858929817638,0.5501094105956967,0.4012919367914408,0.01235972497917867,Source-aware first-order plus second-order soft-min synergy.,37,10.0,0.05871258930183204
paper_first_second_current_source_power_tau0.1,fixed340_1x,13.0,0.015336894532071682,0.012638457902972218,-0.0018301172747056714,0.013663776232598852,0.017617546866608453,1.2893614888523093,0.22527472527472525,0.5508542915527153,0.7102503094970887,0.2537486523586874,0.42723029679058055,0.5060033911034091,0.008299848879865976,Source-aware first-order plus second-order soft-min synergy.,37,10.0,0.05871258930183204
paper_first_second_current_source_power_tau0.1,external_60m,293.0,0.05343431547012764,0.03632316005006949,-0.0308962918665484,0.04334024561371067,0.03719401024748948,0.8581864205154197,0.5588244098893628,0.42218614983858405,0.3623144207211611,0.678611099616421,0.4919515617422876,0.5804688435757227,0.055491896504063394,Source-aware first-order plus second-order soft-min synergy.,37,10.0,0.05871258930183204
paper_first_second_current_source_power_tau0.1,external_900m,4.0,0.04378386262780725,0.04126416926806975,-0.01033697277910195,0.01834397465097202,0.040893676801226395,2.2292702415536483,0.19999999999999998,0.13238679418102908,0.29512594064245457,0.5633936413475719,0.05938570914971829,0.7662247000417252,0.02410720249493825,Source-aware first-order plus second-order soft-min synergy.,37,10.0,0.05871258930183204
paper_first_second_current_source_power_tau0.1,seed7_train,579.0,0.04776022332767766,0.0346713468653621,3.500309030288862e-07,0.07272246108853102,0.060361710925989936,0.8300284399410888,0.8324183622902651,0.7575832089628193,0.628815609060973,0.3926279764621823,0.9127195798454668,0.09232227014313604,0.033216148549155694,Source-aware first-order plus second-order soft-min synergy.,37,10.0,0.05871258930183204
paper_first_second_current_source_power_tau0.1,seed7_holdout,61.0,0.03916187224983462,0.028785378005169105,0.01768498762510378,0.06891815131081871,0.09482965905686543,1.3759750842588132,0.9077736647276573,0.9579612504154082,1.31813081225702,-0.28683475492877913,0.6962053756456105,0.2784845379183499,0.02243219969767906,Source-aware first-order plus second-order soft-min synergy.,37,10.0,0.05871258930183204
paper_first_second_current_source_power_tau0.1,fixed340_holdout,27.0,0.019519443506956714,0.016525468492149704,-0.008187009457107678,0.017544144667071045,0.015729385963985733,0.8965604344057041,0.4981684981684982,0.43707466253142313,0.39186384930689855,0.5350992064202441,0.4875016181381488,0.46183817104863506,0.014010512231891778,Source-aware first-order plus second-order soft-min synergy.,37,10.0,0.05871258930183204
paper_first_second_current_source_power_tau0.1,random_supplement,34.0,0.049487239087370655,0.03852118850080216,0.03823039707274229,0.049681088878676775,0.06683951493084522,1.3453713765024358,0.7252864782276546,0.8956514650381017,1.2049838443847336,-0.16837733810433417,0.6657280515113444,0.31146901742590793,0.050091094244411126,Source-aware first-order plus second-order soft-min synergy.,37,10.0,0.05871258930183204
paper_first_second_current_source_power_tau0.1,all900_holdout,4.0,0.04378386262780725,0.04126416926806975,-0.01033697277910195,0.01834397465097202,0.040893676801226395,2.2292702415536483,0.19999999999999998,0.13238679418102908,0.29512594064245457,0.5633936413475719,0.05938570914971829,0.7662247000417252,0.02410720249493825,Source-aware first-order plus second-order soft-min synergy.,37,10.0,0.05871258930183204
paper_full_current_source_power_tau0.1,all_rows,641.0,0.045559023410078704,0.033387774987929164,0.001601427531513998,0.07844420156998826,0.07064864714980068,0.9006229362506502,0.8714110690552131,0.8184502139093434,0.7371150348260059,0.2770773524628556,0.9087601269812239,0.09415452252571681,0.028473653223982633,"Source-aware first-order, entropy, and second-order synergy terms.",38,10.0,0.05844468052079716
paper_full_current_source_power_tau0.1,fit_region,343.0,0.038651968136096275,0.031323192398758665,0.029514924334430592,0.053377957995540834,0.07348246339255095,1.3766443332037848,0.9042988938887322,0.972127284890931,1.3382735178978822,-0.30738047222745435,0.7061571834088447,0.2718035294421914,0.02637126983394132,"Source-aware first-order, entropy, and second-order synergy terms.",38,10.0,0.05844468052079716
paper_full_current_source_power_tau0.1,anchor_100m_1x,242.0,0.02954525199408572,0.026733466648613223,0.02667509720642128,0.018544670803931216,0.019647401998518277,1.05946350874847,0.7873093650787604,0.7802345745588004,0.8266300600089361,0.19956955103265134,0.7364430847462423,0.24318939049855767,0.03309337423601061,"Source-aware first-order, entropy, and second-order synergy terms.",38,10.0,0.05844468052079716
paper_full_current_source_power_tau0.1,fixed340_all,37.0,0.012746674958175221,0.010979877151818035,-0.006088840489373055,0.019612114745099423,0.017499975182444096,0.8923043440186328,0.8115220483641535,0.8238074730285808,0.7350869868184154,0.2288160074213335,0.9232359772209934,0.07368997305722531,0.00825203215761237,"Source-aware first-order, entropy, and second-order synergy terms.",38,10.0,0.05844468052079716
paper_full_current_source_power_tau0.1,fixed340_1x,13.0,0.010273230385871367,0.008927845459697261,-0.004669865826528926,0.013663776232598852,0.017978154360120843,1.3157529846858005,0.7362637362637362,0.8674579780108135,1.1413604236572326,-0.12935929376159605,0.6592863463790362,0.3036112012245947,0.01074982824566151,"Source-aware first-order, entropy, and second-order synergy terms.",38,10.0,0.05844468052079716
paper_full_current_source_power_tau0.1,external_60m,293.0,0.05260273881249887,0.035774661834647434,-0.030854277190665937,0.04334024561371067,0.04309917961120795,0.9944378256493668,0.6377916740761884,0.5141668747705073,0.5113069889677139,0.512879680045116,0.5170427567301725,0.5533051569133145,0.06052447305575264,"Source-aware first-order, entropy, and second-order synergy terms.",38,10.0,0.05844468052079716
paper_full_current_source_power_tau0.1,external_900m,4.0,0.04186141251661326,0.03969453709114196,-0.009961518392997692,0.01834397465097202,0.04444267496948701,2.4227396633003995,0.19999999999999998,0.4038653614235577,0.9784606297539991,0.007570402316927514,0.16669779569852297,0.6799249695154949,0.04281030125307317,"Source-aware first-order, entropy, and second-order synergy terms.",38,10.0,0.05844468052079716
paper_full_current_source_power_tau0.1,seed7_train,579.0,0.046665002960337446,0.034343533421078494,5.403013494218471e-07,0.07272246108853102,0.062470374117945836,0.8590244772092562,0.8496883657039513,0.7718998998648725,0.6630809079392995,0.3563833695483481,0.8985773052388121,0.10728137462528581,0.030316498239365452,"Source-aware first-order, entropy, and second-order synergy terms.",38,10.0,0.05844468052079716
paper_full_current_source_power_tau0.1,seed7_holdout,61.0,0.03378188914339168,0.024794136303927385,0.016892095330126804,0.06891815131081871,0.09203931031176107,1.3354872201470793,0.9674246430460072,0.9746747529825003,1.3016656764081411,-0.27186696408136224,0.7298270910261186,0.24628538568403055,0.018432658290596326,"Source-aware first-order, entropy, and second-order synergy terms.",38,10.0,0.05844468052079716
paper_full_current_source_power_tau0.1,fixed340_holdout,27.0,0.012407030571261607,0.010879438970502635,-0.006973320266602397,0.017544144667071045,0.01369150847652887,0.7804033047120693,0.8192918192918193,0.8116939632667054,0.6334486513481734,0.3204900198206878,1.0400954972457233,-0.02856690677643732,0.006621077000543395,"Source-aware first-order, entropy, and second-order synergy terms.",38,10.0,0.05844468052079716
paper_full_current_source_power_tau0.1,random_supplement,34.0,0.0438774862123748,0.03584404300988234,0.03584404300988234,0.049681088878676775,0.06392895050156715,1.2867864200336716,0.9037433155080213,0.9311353006781593,1.1981722601266218,-0.16389814624692695,0.723612936989024,0.25263939992272283,0.03926136568762863,"Source-aware first-order, entropy, and second-order synergy terms.",38,10.0,0.05844468052079716
paper_full_current_source_power_tau0.1,all900_holdout,4.0,0.04186141251661326,0.03969453709114196,-0.009961518392997692,0.01834397465097202,0.04444267496948701,2.4227396633003995,0.19999999999999998,0.4038653614235577,0.9784606297539991,0.007570402316927514,0.16669779569852297,0.6799249695154949,0.04281030125307317,"Source-aware first-order, entropy, and second-order synergy terms.",38,10.0,0.05844468052079716
