raw_rank,package,score,source_id,source_url,status,reason,evidence_urls,discovery_routes
1,BiocVersion,74641,bioconductor:biocversion,https://git.bioconductor.org/packages/BiocVersion,selected source,,https://bioconductor.org/packages/3.23/bioc/html/BiocVersion.html,
2,BiocGenerics,72357,github:bioconductor/biocgenerics,https://github.com/Bioconductor/BiocGenerics,selected source,,https://bioconductor.org/packages/3.23/bioc/html/BiocGenerics.html;https://github.com/bioconda/bioconda-recipes/tree/254ba2d4bcda7fe6ed2baa586bac6c35885a4b10/recipes/bioconductor-biocgenerics;https://github.com/Bioconductor/BiocGenerics,
3,S4Vectors,70190,github:bioconductor/s4vectors,https://github.com/Bioconductor/S4Vectors,selected source,,https://bioconductor.org/packages/3.23/bioc/html/S4Vectors.html;https://github.com/bioconda/bioconda-recipes/tree/254ba2d4bcda7fe6ed2baa586bac6c35885a4b10/recipes/bioconductor-s4vectors;https://github.com/Bioconductor/S4Vectors,
4,IRanges,66203,github:bioconductor/iranges,https://github.com/Bioconductor/IRanges,selected source,,https://bioconductor.org/packages/3.23/bioc/html/IRanges.html;https://github.com/bioconda/bioconda-recipes/tree/254ba2d4bcda7fe6ed2baa586bac6c35885a4b10/recipes/bioconductor-iranges;https://github.com/Bioconductor/IRanges,
5,Biobase,61953,github:bioconductor/biobase,https://github.com/Bioconductor/Biobase,selected source,,https://bioconductor.org/packages/3.23/bioc/html/Biobase.html;https://github.com/bioconda/bioconda-recipes/tree/254ba2d4bcda7fe6ed2baa586bac6c35885a4b10/recipes/bioconductor-biobase;https://github.com/Bioconductor/Biobase,
6,XVector,61604,github:bioconductor/xvector,https://github.com/Bioconductor/XVector,selected source,,https://bioconductor.org/packages/3.23/bioc/html/XVector.html;https://github.com/bioconda/bioconda-recipes/tree/254ba2d4bcda7fe6ed2baa586bac6c35885a4b10/recipes/bioconductor-xvector;https://github.com/Bioconductor/XVector,
7,BiocParallel,60447,github:bioconductor/biocparallel,https://github.com/Bioconductor/BiocParallel,selected source,,https://bioconductor.org/packages/3.23/bioc/html/BiocParallel.html;https://github.com/bioconda/bioconda-recipes/tree/254ba2d4bcda7fe6ed2baa586bac6c35885a4b10/recipes/bioconductor-biocparallel;https://github.com/Bioconductor/BiocParallel,
8,SparseArray,56902,github:bioconductor/sparsearray,https://github.com/Bioconductor/SparseArray,selected source,,https://bioconductor.org/packages/3.23/bioc/html/SparseArray.html;https://github.com/bioconda/bioconda-recipes/tree/254ba2d4bcda7fe6ed2baa586bac6c35885a4b10/recipes/bioconductor-sparsearray;https://github.com/Bioconductor/SparseArray,
9,Biostrings,55981,github:bioconductor/biostrings,https://github.com/Bioconductor/Biostrings,selected source,,https://bioconductor.org/packages/3.23/bioc/html/Biostrings.html;https://github.com/bioconda/bioconda-recipes/tree/254ba2d4bcda7fe6ed2baa586bac6c35885a4b10/recipes/bioconductor-biostrings;https://github.com/Bioconductor/Biostrings,
10,GenomicRanges,54735,github:bioconductor/genomicranges,https://github.com/Bioconductor/GenomicRanges,selected source,,https://bioconductor.org/packages/3.23/bioc/html/GenomicRanges.html;https://github.com/bioconda/bioconda-recipes/tree/254ba2d4bcda7fe6ed2baa586bac6c35885a4b10/recipes/bioconductor-genomicranges;https://github.com/Bioconductor/GenomicRanges,
11,DelayedArray,54703,github:bioconductor/delayedarray,https://github.com/Bioconductor/DelayedArray,selected source,,https://bioconductor.org/packages/3.23/bioc/html/DelayedArray.html;https://github.com/bioconda/bioconda-recipes/tree/254ba2d4bcda7fe6ed2baa586bac6c35885a4b10/recipes/bioconductor-delayedarray;https://github.com/Bioconductor/DelayedArray,
12,SummarizedExperiment,51236,github:bioconductor/summarizedexperiment,https://github.com/Bioconductor/SummarizedExperiment,selected source,,https://bioconductor.org/packages/3.23/bioc/html/SummarizedExperiment.html;https://github.com/bioconda/bioconda-recipes/tree/254ba2d4bcda7fe6ed2baa586bac6c35885a4b10/recipes/bioconductor-summarizedexperiment;https://github.com/Bioconductor/SummarizedExperiment,
13,S4Arrays,50845,github:bioconductor/s4arrays,https://github.com/Bioconductor/S4Arrays,selected source,,https://bioconductor.org/packages/3.23/bioc/html/S4Arrays.html;https://github.com/bioconda/bioconda-recipes/tree/254ba2d4bcda7fe6ed2baa586bac6c35885a4b10/recipes/bioconductor-s4arrays;https://github.com/Bioconductor/S4Arrays,
14,MatrixGenerics,50687,github:bioconductor/matrixgenerics,https://github.com/Bioconductor/MatrixGenerics,selected source,,https://bioconductor.org/packages/3.23/bioc/html/MatrixGenerics.html;https://github.com/bioconda/bioconda-recipes/tree/254ba2d4bcda7fe6ed2baa586bac6c35885a4b10/recipes/bioconductor-matrixgenerics;https://github.com/Bioconductor/MatrixGenerics,
15,AnnotationDbi,45960,github:bioconductor/annotationdbi,https://github.com/Bioconductor/AnnotationDbi,selected source,,https://bioconductor.org/packages/3.23/bioc/html/AnnotationDbi.html;https://github.com/bioconda/bioconda-recipes/tree/254ba2d4bcda7fe6ed2baa586bac6c35885a4b10/recipes/bioconductor-annotationdbi;https://github.com/Bioconductor/AnnotationDbi,
16,KEGGREST,44421,github:bioconductor/keggrest,https://github.com/Bioconductor/KEGGREST,selected source,,https://bioconductor.org/packages/3.23/bioc/html/KEGGREST.html;https://github.com/bioconda/bioconda-recipes/tree/254ba2d4bcda7fe6ed2baa586bac6c35885a4b10/recipes/bioconductor-keggrest;https://github.com/Bioconductor/KEGGREST,
17,limma,42915,bioconductor:limma,https://git.bioconductor.org/packages/limma,selected source,,https://bioconductor.org/packages/3.23/bioc/html/limma.html;https://github.com/bioconda/bioconda-recipes/tree/254ba2d4bcda7fe6ed2baa586bac6c35885a4b10/recipes/bioconductor-limma,
18,GenomeInfoDb,42491,github:bioconductor/genomeinfodb,https://github.com/Bioconductor/GenomeInfoDb,selected source,,https://bioconductor.org/packages/3.23/bioc/html/GenomeInfoDb.html;https://github.com/bioconda/bioconda-recipes/tree/254ba2d4bcda7fe6ed2baa586bac6c35885a4b10/recipes/bioconductor-genomeinfodb;https://github.com/Bioconductor/GenomeInfoDb,
19,Seqinfo,39920,github:bioconductor/seqinfo,https://github.com/Bioconductor/Seqinfo,selected source,,https://bioconductor.org/packages/3.23/bioc/html/Seqinfo.html;https://github.com/Bioconductor/Seqinfo,
20,ggtree,33070,github:yulab-smu/ggtree,https://github.com/YuLab-SMU/ggtree,selected source,,https://bioconductor.org/packages/3.23/bioc/html/ggtree.html;https://github.com/bioconda/bioconda-recipes/tree/254ba2d4bcda7fe6ed2baa586bac6c35885a4b10/recipes/bioconductor-ggtree;https://github.com/YuLab-SMU/ggtree,
21,DESeq2,31328,github:thelovelab/deseq2,https://github.com/thelovelab/DESeq2,selected source,,https://bioconductor.org/packages/3.23/bioc/html/DESeq2.html;https://github.com/bioconda/bioconda-recipes/tree/254ba2d4bcda7fe6ed2baa586bac6c35885a4b10/recipes/bioconductor-deseq2;https://github.com/thelovelab/DESeq2,
22,treeio,30493,github:yulab-smu/treeio,https://github.com/YuLab-SMU/treeio,selected source,,https://bioconductor.org/packages/3.23/bioc/html/treeio.html;https://github.com/bioconda/bioconda-recipes/tree/254ba2d4bcda7fe6ed2baa586bac6c35885a4b10/recipes/bioconductor-treeio;https://github.com/YuLab-SMU/treeio,
23,Rsamtools,30288,github:bioconductor/rsamtools,https://github.com/Bioconductor/Rsamtools,selected source,,https://bioconductor.org/packages/3.23/bioc/html/Rsamtools.html;https://github.com/bioconda/bioconda-recipes/tree/254ba2d4bcda7fe6ed2baa586bac6c35885a4b10/recipes/bioconductor-rsamtools;https://github.com/Bioconductor/Rsamtools,
24,edgeR,29733,bioconductor:edger,https://git.bioconductor.org/packages/edgeR,selected source,,https://bioconductor.org/packages/3.23/bioc/html/edgeR.html;https://github.com/bioconda/bioconda-recipes/tree/254ba2d4bcda7fe6ed2baa586bac6c35885a4b10/recipes/bioconductor-edger,
25,BiocFileCache,29497,github:bioconductor/biocfilecache,https://github.com/Bioconductor/BiocFileCache,selected source,,https://bioconductor.org/packages/3.23/bioc/html/BiocFileCache.html;https://github.com/bioconda/bioconda-recipes/tree/254ba2d4bcda7fe6ed2baa586bac6c35885a4b10/recipes/bioconductor-biocfilecache;https://github.com/Bioconductor/BiocFileCache,
26,enrichplot,28774,github:yulab-smu/enrichplot,https://github.com/YuLab-SMU/enrichplot,selected source,,https://bioconductor.org/packages/3.23/bioc/html/enrichplot.html;https://github.com/YuLab-SMU/enrichplot,
27,fgsea,28193,github:alserglab/fgsea,https://github.com/alserglab/fgsea,selected source,,https://bioconductor.org/packages/3.23/bioc/html/fgsea.html;https://github.com/bioconda/bioconda-recipes/tree/254ba2d4bcda7fe6ed2baa586bac6c35885a4b10/recipes/bioconductor-fgsea;https://github.com/alserglab/fgsea,
28,UCSC.utils,27998,github:bioconductor/ucsc.utils,https://github.com/Bioconductor/UCSC.utils,selected source,,https://bioconductor.org/packages/3.23/bioc/html/UCSC.utils.html;https://github.com/Bioconductor/UCSC.utils,
29,clusterProfiler,27991,github:yulab-smu/clusterprofiler,https://github.com/YuLab-SMU/clusterProfiler,selected source,,https://bioconductor.org/packages/3.23/bioc/html/clusterProfiler.html;https://github.com/YuLab-SMU/clusterProfiler,
30,Rhdf5lib,27671,github:huber-group-embl/rhdf5lib,https://github.com/Huber-group-EMBL/Rhdf5lib,selected source,,https://bioconductor.org/packages/3.23/bioc/html/Rhdf5lib.html;https://github.com/bioconda/bioconda-recipes/tree/254ba2d4bcda7fe6ed2baa586bac6c35885a4b10/recipes/bioconductor-rhdf5lib;https://github.com/Huber-group-EMBL/Rhdf5lib,
31,DOSE,27313,github:yulab-smu/dose,https://github.com/YuLab-SMU/DOSE,selected source,,https://bioconductor.org/packages/3.23/bioc/html/DOSE.html;https://github.com/bioconda/bioconda-recipes/tree/254ba2d4bcda7fe6ed2baa586bac6c35885a4b10/recipes/bioconductor-dose;https://github.com/YuLab-SMU/DOSE,
32,Rhtslib,27141,github:bioconductor/rhtslib,https://github.com/Bioconductor/Rhtslib,selected source,,https://bioconductor.org/packages/3.23/bioc/html/Rhtslib.html;https://github.com/bioconda/bioconda-recipes/tree/254ba2d4bcda7fe6ed2baa586bac6c35885a4b10/recipes/bioconductor-rhtslib;https://github.com/Bioconductor/Rhtslib,
33,rhdf5,26484,github:huber-group-embl/rhdf5,https://github.com/Huber-group-EMBL/rhdf5,selected source,,https://bioconductor.org/packages/3.23/bioc/html/rhdf5.html;https://github.com/bioconda/bioconda-recipes/tree/254ba2d4bcda7fe6ed2baa586bac6c35885a4b10/recipes/bioconductor-rhdf5;https://github.com/Huber-group-EMBL/rhdf5,
34,qvalue,26468,github:storeylab/qvalue,https://github.com/StoreyLab/qvalue,selected source,,https://bioconductor.org/packages/3.23/bioc/html/qvalue.html;https://github.com/bioconda/bioconda-recipes/tree/254ba2d4bcda7fe6ed2baa586bac6c35885a4b10/recipes/bioconductor-qvalue;https://github.com/StoreyLab/qvalue,
35,GOSemSim,26164,github:yulab-smu/gosemsim,https://github.com/YuLab-SMU/GOSemSim,selected source,,https://bioconductor.org/packages/3.23/bioc/html/GOSemSim.html;https://github.com/bioconda/bioconda-recipes/tree/254ba2d4bcda7fe6ed2baa586bac6c35885a4b10/recipes/bioconductor-gosemsim;https://github.com/YuLab-SMU/GOSemSim,
36,GenomicAlignments,25986,github:bioconductor/genomicalignments,https://github.com/Bioconductor/GenomicAlignments,selected source,,https://bioconductor.org/packages/3.23/bioc/html/GenomicAlignments.html;https://github.com/bioconda/bioconda-recipes/tree/254ba2d4bcda7fe6ed2baa586bac6c35885a4b10/recipes/bioconductor-genomicalignments;https://github.com/Bioconductor/GenomicAlignments,
37,rhdf5filters,25162,github:huber-group-embl/rhdf5filters,https://github.com/Huber-group-EMBL/rhdf5filters,selected source,,https://bioconductor.org/packages/3.23/bioc/html/rhdf5filters.html;https://github.com/bioconda/bioconda-recipes/tree/254ba2d4bcda7fe6ed2baa586bac6c35885a4b10/recipes/bioconductor-rhdf5filters;https://github.com/Huber-group-EMBL/rhdf5filters,
38,rtracklayer,24920,bioconductor:rtracklayer,https://git.bioconductor.org/packages/rtracklayer,selected source,,https://bioconductor.org/packages/3.23/bioc/html/rtracklayer.html;https://github.com/bioconda/bioconda-recipes/tree/254ba2d4bcda7fe6ed2baa586bac6c35885a4b10/recipes/bioconductor-rtracklayer,
39,graph,24782,bioconductor:graph,https://git.bioconductor.org/packages/graph,selected source,,https://bioconductor.org/packages/3.23/bioc/html/graph.html;https://github.com/bioconda/bioconda-recipes/tree/254ba2d4bcda7fe6ed2baa586bac6c35885a4b10/recipes/bioconductor-graph,
40,biomaRt,24443,github:huber-group-embl/biomart,https://github.com/Huber-group-EMBL/biomaRt,selected source,,https://bioconductor.org/packages/3.23/bioc/html/biomaRt.html;https://github.com/bioconda/bioconda-recipes/tree/254ba2d4bcda7fe6ed2baa586bac6c35885a4b10/recipes/bioconductor-biomart;https://github.com/Huber-group-EMBL/biomaRt,
41,ComplexHeatmap,22841,github:jokergoo/complexheatmap,https://github.com/jokergoo/ComplexHeatmap,selected source,,https://bioconductor.org/packages/3.23/bioc/html/ComplexHeatmap.html;https://github.com/jokergoo/ComplexHeatmap,
42,SingleCellExperiment,22784,bioconductor:singlecellexperiment,https://git.bioconductor.org/packages/SingleCellExperiment,selected source,,https://bioconductor.org/packages/3.23/bioc/html/SingleCellExperiment.html;https://github.com/bioconda/bioconda-recipes/tree/254ba2d4bcda7fe6ed2baa586bac6c35885a4b10/recipes/bioconductor-singlecellexperiment,
43,BiocIO,22169,github:bioconductor/biocio,https://github.com/Bioconductor/BiocIO,selected source,,https://bioconductor.org/packages/3.23/bioc/html/BiocIO.html;https://github.com/bioconda/bioconda-recipes/tree/254ba2d4bcda7fe6ed2baa586bac6c35885a4b10/recipes/bioconductor-biocio;https://github.com/Bioconductor/BiocIO,
44,zlibbioc,22055,bioconductor:zlibbioc,https://git.bioconductor.org/packages/zlibbioc,selected source,,https://bioconductor.org/packages/3.23/bioc/html/zlibbioc.html;https://github.com/bioconda/bioconda-recipes/tree/254ba2d4bcda7fe6ed2baa586bac6c35885a4b10/recipes/bioconductor-zlibbioc,
45,annotate,21560,bioconductor:annotate,https://git.bioconductor.org/packages/annotate,selected source,,https://bioconductor.org/packages/3.23/bioc/html/annotate.html;https://github.com/bioconda/bioconda-recipes/tree/254ba2d4bcda7fe6ed2baa586bac6c35885a4b10/recipes/bioconductor-annotate,
46,beachmat,20842,github:tatami-inc/beachmat,https://github.com/tatami-inc/beachmat,selected source,,https://bioconductor.org/packages/3.23/bioc/html/beachmat.html;https://github.com/bioconda/bioconda-recipes/tree/254ba2d4bcda7fe6ed2baa586bac6c35885a4b10/recipes/bioconductor-beachmat;https://github.com/tatami-inc/beachmat,
47,sparseMatrixStats,20110,github:const-ae/sparsematrixstats,https://github.com/const-ae/sparseMatrixStats,selected source,,https://bioconductor.org/packages/3.23/bioc/html/sparseMatrixStats.html;https://github.com/bioconda/bioconda-recipes/tree/254ba2d4bcda7fe6ed2baa586bac6c35885a4b10/recipes/bioconductor-sparsematrixstats;https://github.com/const-ae/sparseMatrixStats,
48,HDF5Array,18935,github:bioconductor/hdf5array,https://github.com/Bioconductor/HDF5Array,selected source,,https://bioconductor.org/packages/3.23/bioc/html/HDF5Array.html;https://github.com/bioconda/bioconda-recipes/tree/254ba2d4bcda7fe6ed2baa586bac6c35885a4b10/recipes/bioconductor-hdf5array;https://github.com/Bioconductor/HDF5Array,
49,GenomicFeatures,18930,github:bioconductor/genomicfeatures,https://github.com/Bioconductor/GenomicFeatures,selected source,,https://bioconductor.org/packages/3.23/bioc/html/GenomicFeatures.html;https://github.com/bioconda/bioconda-recipes/tree/254ba2d4bcda7fe6ed2baa586bac6c35885a4b10/recipes/bioconductor-genomicfeatures;https://github.com/Bioconductor/GenomicFeatures,
50,DelayedMatrixStats,18799,github:petehaitch/delayedmatrixstats,https://github.com/PeteHaitch/DelayedMatrixStats,selected source,,https://bioconductor.org/packages/3.23/bioc/html/DelayedMatrixStats.html;https://github.com/bioconda/bioconda-recipes/tree/254ba2d4bcda7fe6ed2baa586bac6c35885a4b10/recipes/bioconductor-delayedmatrixstats;https://github.com/PeteHaitch/DelayedMatrixStats,
51,assorthead,18107,github:ltla/assorthead,https://github.com/LTLA/assorthead,selected source,,https://bioconductor.org/packages/3.23/bioc/html/assorthead.html;https://github.com/LTLA/assorthead,
52,preprocessCore,17927,github:bmbolstad/preprocesscore,https://github.com/bmbolstad/preprocessCore,selected source,,https://bioconductor.org/packages/3.23/bioc/html/preprocessCore.html;https://github.com/bmbolstad/preprocessCore,
53,BiocSingular,17343,github:ltla/biocsingular,https://github.com/LTLA/BiocSingular,selected source,,https://bioconductor.org/packages/3.23/bioc/html/BiocSingular.html;https://github.com/bioconda/bioconda-recipes/tree/254ba2d4bcda7fe6ed2baa586bac6c35885a4b10/recipes/bioconductor-biocsingular;https://github.com/LTLA/BiocSingular,
54,ScaledMatrix,16457,github:ltla/scaledmatrix,https://github.com/LTLA/ScaledMatrix,selected source,,https://bioconductor.org/packages/3.23/bioc/html/ScaledMatrix.html;https://github.com/bioconda/bioconda-recipes/tree/254ba2d4bcda7fe6ed2baa586bac6c35885a4b10/recipes/bioconductor-scaledmatrix;https://github.com/LTLA/ScaledMatrix,
55,BiocNeighbors,15128,bioconductor:biocneighbors,https://git.bioconductor.org/packages/BiocNeighbors,selected source,,https://bioconductor.org/packages/3.23/bioc/html/BiocNeighbors.html;https://github.com/bioconda/bioconda-recipes/tree/254ba2d4bcda7fe6ed2baa586bac6c35885a4b10/recipes/bioconductor-biocneighbors,
56,AnnotationHub,14870,github:bioconductor/annotationhub,https://github.com/Bioconductor/AnnotationHub,selected source,,https://bioconductor.org/packages/3.23/bioc/html/AnnotationHub.html;https://github.com/Bioconductor/AnnotationHub,
57,GEOquery,14795,github:seandavi/geoquery,https://github.com/seandavi/GEOquery,selected source,,https://bioconductor.org/packages/3.23/bioc/html/GEOquery.html;https://github.com/seandavi/GEOquery,
58,genefilter,14765,bioconductor:genefilter,https://git.bioconductor.org/packages/genefilter,selected source,,https://bioconductor.org/packages/3.23/bioc/html/genefilter.html;https://github.com/bioconda/bioconda-recipes/tree/254ba2d4bcda7fe6ed2baa586bac6c35885a4b10/recipes/bioconductor-genefilter,
59,BSgenome,14148,github:bioconductor/bsgenome,https://github.com/Bioconductor/BSgenome,selected source,,https://bioconductor.org/packages/3.23/bioc/html/BSgenome.html;https://github.com/bioconda/bioconda-recipes/tree/254ba2d4bcda7fe6ed2baa586bac6c35885a4b10/recipes/bioconductor-bsgenome;https://github.com/Bioconductor/BSgenome,
60,cigarillo,14040,github:bioconductor/cigarillo,https://github.com/Bioconductor/cigarillo,selected source,,https://bioconductor.org/packages/3.23/bioc/html/cigarillo.html;https://github.com/Bioconductor/cigarillo,
61,BiocBaseUtils,14005,github:bioconductor/biocbaseutils,https://github.com/Bioconductor/BiocBaseUtils,selected source,,https://bioconductor.org/packages/3.23/bioc/html/BiocBaseUtils.html;https://github.com/bioconda/bioconda-recipes/tree/254ba2d4bcda7fe6ed2baa586bac6c35885a4b10/recipes/bioconductor-biocbaseutils;https://github.com/Bioconductor/BiocBaseUtils,
62,impute,13809,bioconductor:impute,https://git.bioconductor.org/packages/impute,selected source,,https://bioconductor.org/packages/3.23/bioc/html/impute.html,
63,multtest,13741,bioconductor:multtest,https://git.bioconductor.org/packages/multtest,selected source,,https://bioconductor.org/packages/3.23/bioc/html/multtest.html;https://github.com/bioconda/bioconda-recipes/tree/254ba2d4bcda7fe6ed2baa586bac6c35885a4b10/recipes/bioconductor-multtest,
64,h5mread,13675,github:bioconductor/h5mread,https://github.com/Bioconductor/h5mread,selected source,,https://bioconductor.org/packages/3.23/bioc/html/h5mread.html;https://github.com/Bioconductor/h5mread,
65,ProtGenerics,12905,github:rformassspectrometry/protgenerics,https://github.com/rformassspectrometry/ProtGenerics,selected source,,https://bioconductor.org/packages/3.23/bioc/html/ProtGenerics.html;https://github.com/rformassspectrometry/ProtGenerics,
66,scuttle,12844,bioconductor:scuttle,https://git.bioconductor.org/packages/scuttle,selected source,,https://bioconductor.org/packages/3.23/bioc/html/scuttle.html;https://github.com/bioconda/bioconda-recipes/tree/254ba2d4bcda7fe6ed2baa586bac6c35885a4b10/recipes/bioconductor-scuttle,
67,GSEABase,12759,bioconductor:gseabase,https://git.bioconductor.org/packages/GSEABase,selected source,,https://bioconductor.org/packages/3.23/bioc/html/GSEABase.html,
68,AnnotationFilter,12637,github:bioconductor/annotationfilter,https://github.com/Bioconductor/AnnotationFilter,selected source,,https://bioconductor.org/packages/3.23/bioc/html/AnnotationFilter.html;https://github.com/Bioconductor/AnnotationFilter,
69,GSVA,11755,github:rcastelo/gsva,https://github.com/rcastelo/GSVA,selected source,,https://bioconductor.org/packages/3.23/bioc/html/GSVA.html;https://github.com/rcastelo/GSVA,
70,dir.expiry,11059,bioconductor:dir.expiry,https://git.bioconductor.org/packages/dir.expiry,selected source,,https://bioconductor.org/packages/3.23/bioc/html/dir.expiry.html,
71,scater,11044,bioconductor:scater,https://git.bioconductor.org/packages/scater,selected source,,https://bioconductor.org/packages/3.23/bioc/html/scater.html;https://github.com/bioconda/bioconda-recipes/tree/254ba2d4bcda7fe6ed2baa586bac6c35885a4b10/recipes/bioconductor-scater,
72,ensembldb,10865,github:jorainer/ensembldb,https://github.com/jorainer/ensembldb,selected source,,https://bioconductor.org/packages/3.23/bioc/html/ensembldb.html;https://github.com/jorainer/ensembldb,
73,Rgraphviz,10756,bioconductor:rgraphviz,https://git.bioconductor.org/packages/Rgraphviz,selected source,,https://bioconductor.org/packages/3.23/bioc/html/Rgraphviz.html,
74,sva,10633,bioconductor:sva,https://git.bioconductor.org/packages/sva,selected source,,https://bioconductor.org/packages/3.23/bioc/html/sva.html,
75,RBGL,10477,bioconductor:rbgl,https://git.bioconductor.org/packages/RBGL,selected source,,https://bioconductor.org/packages/3.23/bioc/html/RBGL.html,
76,ExperimentHub,10368,github:bioconductor/experimenthub,https://github.com/Bioconductor/ExperimentHub,selected source,,https://bioconductor.org/packages/3.23/bioc/html/ExperimentHub.html;https://github.com/Bioconductor/ExperimentHub,
77,affyio,9915,github:bmbolstad/affyio,https://github.com/bmbolstad/affyio,selected source,,https://bioconductor.org/packages/3.23/bioc/html/affyio.html;https://github.com/bmbolstad/affyio,
78,affy,9806,github:rafalab/affy,https://github.com/rafalab/affy,selected source,,https://bioconductor.org/packages/3.23/bioc/html/affy.html;https://github.com/rafalab/affy,
79,VariantAnnotation,9757,bioconductor:variantannotation,https://git.bioconductor.org/packages/VariantAnnotation,selected source,,https://bioconductor.org/packages/3.23/bioc/html/VariantAnnotation.html;https://github.com/bioconda/bioconda-recipes/tree/254ba2d4bcda7fe6ed2baa586bac6c35885a4b10/recipes/bioconductor-variantannotation,
80,SpatialExperiment,9644,github:drighelli/spatialexperiment,https://github.com/drighelli/SpatialExperiment,selected source,,https://bioconductor.org/packages/3.23/bioc/html/SpatialExperiment.html;https://github.com/drighelli/SpatialExperiment,
81,bluster,9553,bioconductor:bluster,https://git.bioconductor.org/packages/bluster,selected source,,https://bioconductor.org/packages/3.23/bioc/html/bluster.html;https://github.com/bioconda/bioconda-recipes/tree/254ba2d4bcda7fe6ed2baa586bac6c35885a4b10/recipes/bioconductor-bluster,
82,pwalign,8986,github:bioconductor/pwalign,https://github.com/Bioconductor/pwalign,selected source,,https://bioconductor.org/packages/3.23/bioc/html/pwalign.html;https://github.com/Bioconductor/pwalign,
83,MultiAssayExperiment,8906,github:waldronlab/multiassayexperiment,https://github.com/waldronlab/MultiAssayExperiment,selected source,,https://bioconductor.org/packages/3.23/bioc/html/MultiAssayExperiment.html;https://github.com/bioconda/bioconda-recipes/tree/254ba2d4bcda7fe6ed2baa586bac6c35885a4b10/recipes/bioconductor-multiassayexperiment;https://github.com/waldronlab/MultiAssayExperiment,
84,scran,8655,github:marionilab/scran,https://github.com/MarioniLab/scran,selected source,,https://bioconductor.org/packages/3.23/bioc/html/scran.html;https://github.com/bioconda/bioconda-recipes/tree/254ba2d4bcda7fe6ed2baa586bac6c35885a4b10/recipes/bioconductor-scran;https://github.com/MarioniLab/scran,
85,BiocStyle,8233,github:bioconductor/biocstyle,https://github.com/Bioconductor/BiocStyle,selected source,,https://bioconductor.org/packages/3.23/bioc/html/BiocStyle.html;https://github.com/Bioconductor/BiocStyle,
86,metapod,7995,github:ltla/metapod,https://github.com/LTLA/metapod,selected source,,https://bioconductor.org/packages/3.23/bioc/html/metapod.html;https://github.com/bioconda/bioconda-recipes/tree/254ba2d4bcda7fe6ed2baa586bac6c35885a4b10/recipes/bioconductor-metapod;https://github.com/LTLA/metapod,
87,phyloseq,7797,github:joey711/phyloseq,https://github.com/joey711/phyloseq,selected source,,https://bioconductor.org/packages/3.23/bioc/html/phyloseq.html;https://github.com/bioconda/bioconda-recipes/tree/254ba2d4bcda7fe6ed2baa586bac6c35885a4b10/recipes/bioconductor-phyloseq;https://github.com/joey711/phyloseq,
88,ShortRead,7516,github:bioconductor/shortread,https://github.com/Bioconductor/ShortRead,selected source,,https://bioconductor.org/packages/3.23/bioc/html/ShortRead.html;https://github.com/bioconda/bioconda-recipes/tree/254ba2d4bcda7fe6ed2baa586bac6c35885a4b10/recipes/bioconductor-shortread;https://github.com/Bioconductor/ShortRead,
89,biomformat,7463,github:joey711/biomformat,https://github.com/joey711/biomformat,selected source,,https://bioconductor.org/packages/3.23/bioc/html/biomformat.html;https://github.com/bioconda/bioconda-recipes/tree/254ba2d4bcda7fe6ed2baa586bac6c35885a4b10/recipes/bioconductor-biomformat;https://github.com/joey711/biomformat,
90,EnhancedVolcano,7396,github:kevinblighe/enhancedvolcano,https://github.com/kevinblighe/EnhancedVolcano,selected source,,https://bioconductor.org/packages/3.23/bioc/html/EnhancedVolcano.html;https://github.com/kevinblighe/EnhancedVolcano,
91,vsn,7019,github:huber-group-embl/vsn,https://github.com/Huber-group-EMBL/vsn,selected source,,https://bioconductor.org/packages/3.23/bioc/html/vsn.html;https://github.com/Huber-group-EMBL/vsn,
92,pcaMethods,6955,github:hredestig/pcamethods,https://github.com/hredestig/pcaMethods,selected source,,https://bioconductor.org/packages/3.23/bioc/html/pcaMethods.html;https://github.com/hredestig/pcaMethods,
93,glmGamPoi,6780,github:const-ae/glmgampoi,https://github.com/const-ae/glmGamPoi,selected source,,https://bioconductor.org/packages/3.23/bioc/html/glmGamPoi.html;https://github.com/bioconda/bioconda-recipes/tree/254ba2d4bcda7fe6ed2baa586bac6c35885a4b10/recipes/bioconductor-glmgampoi;https://github.com/const-ae/glmGamPoi,
94,apeglm,6723,bioconductor:apeglm,https://git.bioconductor.org/packages/apeglm,selected source,,https://bioconductor.org/packages/3.23/bioc/html/apeglm.html;https://github.com/bioconda/bioconda-recipes/tree/254ba2d4bcda7fe6ed2baa586bac6c35885a4b10/recipes/bioconductor-apeglm,
95,KEGGgraph,6658,bioconductor:kegggraph,https://git.bioconductor.org/packages/KEGGgraph,selected source,,https://bioconductor.org/packages/3.23/bioc/html/KEGGgraph.html,
96,biovizBase,6476,bioconductor:biovizbase,https://git.bioconductor.org/packages/biovizBase,selected source,,https://bioconductor.org/packages/3.23/bioc/html/biovizBase.html,
97,TCGAbiolinks,6466,github:bioinformaticsfmrp/tcgabiolinks,https://github.com/BioinformaticsFMRP/TCGAbiolinks,selected source,,https://bioconductor.org/packages/3.23/bioc/html/TCGAbiolinks.html;https://github.com/BioinformaticsFMRP/TCGAbiolinks,
98,graphite,6395,github:sales-lab/graphite,https://github.com/sales-lab/graphite,selected source,,https://bioconductor.org/packages/3.23/bioc/html/graphite.html;https://github.com/sales-lab/graphite,
99,SingleR,6291,github:singler-inc/singler,https://github.com/SingleR-inc/SingleR,selected source,,https://bioconductor.org/packages/3.23/bioc/html/SingleR.html;https://github.com/SingleR-inc/SingleR,
100,ReactomePA,6164,github:yulab-smu/reactomepa,https://github.com/YuLab-SMU/ReactomePA,selected source,,https://bioconductor.org/packages/3.23/bioc/html/ReactomePA.html;https://github.com/YuLab-SMU/ReactomePA,
101,txdbmaker,5805,github:bioconductor/txdbmaker,https://github.com/Bioconductor/txdbmaker,selected source,,https://bioconductor.org/packages/3.23/bioc/html/txdbmaker.html;https://github.com/Bioconductor/txdbmaker,
102,DirichletMultinomial,5789,github:mtmorgan/dirichletmultinomial,https://github.com/mtmorgan/DirichletMultinomial,selected source,,https://bioconductor.org/packages/3.23/bioc/html/DirichletMultinomial.html;https://github.com/bioconda/bioconda-recipes/tree/254ba2d4bcda7fe6ed2baa586bac6c35885a4b10/recipes/bioconductor-dirichletmultinomial;https://github.com/mtmorgan/DirichletMultinomial,
103,biocViews,5635,github:bioconductor/biocviews,https://github.com/Bioconductor/biocViews,selected source,,https://bioconductor.org/packages/3.23/bioc/html/biocViews.html;https://github.com/Bioconductor/biocViews,
104,pathview,5539,github:datapplab/pathview,https://github.com/datapplab/pathview,selected source,,https://bioconductor.org/packages/3.23/bioc/html/pathview.html;https://github.com/datapplab/pathview,
105,alabaster.base,5434,github:artifactdb/alabaster.base,https://github.com/ArtifactDB/alabaster.base,selected source,,https://bioconductor.org/packages/3.23/bioc/html/alabaster.base.html;https://github.com/ArtifactDB/alabaster.base,
106,biocmake,5342,github:ltla/biocmake,https://github.com/LTLA/biocmake,selected source,,https://bioconductor.org/packages/3.23/bioc/html/biocmake.html;https://github.com/LTLA/biocmake,
107,batchelor,5297,bioconductor:batchelor,https://git.bioconductor.org/packages/batchelor,selected source,,https://bioconductor.org/packages/3.23/bioc/html/batchelor.html,
108,tximport,5262,github:thelovelab/tximport,https://github.com/thelovelab/tximport,selected source,,https://bioconductor.org/packages/3.23/bioc/html/tximport.html;https://github.com/bioconda/bioconda-recipes/tree/254ba2d4bcda7fe6ed2baa586bac6c35885a4b10/recipes/bioconductor-tximport;https://github.com/thelovelab/tximport,
109,ResidualMatrix,5212,github:ltla/residualmatrix,https://github.com/LTLA/ResidualMatrix,selected source,,https://bioconductor.org/packages/3.23/bioc/html/ResidualMatrix.html;https://github.com/LTLA/ResidualMatrix,
110,basilisk,5154,github:ltla/basilisk,https://github.com/LTLA/basilisk,selected source,,https://bioconductor.org/packages/3.23/bioc/html/basilisk.html;https://github.com/LTLA/basilisk,
111,alabaster.matrix,5132,bioconductor:alabaster.matrix,https://git.bioconductor.org/packages/alabaster.matrix,selected source,,https://bioconductor.org/packages/3.23/bioc/html/alabaster.matrix.html,
112,alabaster.ranges,5054,bioconductor:alabaster.ranges,https://git.bioconductor.org/packages/alabaster.ranges,selected source,,https://bioconductor.org/packages/3.23/bioc/html/alabaster.ranges.html,
113,alabaster.se,5036,bioconductor:alabaster.se,https://git.bioconductor.org/packages/alabaster.se,selected source,,https://bioconductor.org/packages/3.23/bioc/html/alabaster.se.html,
114,mzR,5028,github:sneumann/mzr,https://github.com/sneumann/mzR,selected source,,https://bioconductor.org/packages/3.23/bioc/html/mzR.html;https://github.com/sneumann/mzR,
115,mixOmics,4936,github:mixomics-org/mixomics,https://github.com/mixOmics-org/mixOmics,selected source,,https://bioconductor.org/packages/3.23/bioc/html/mixOmics.html;https://github.com/mixOmics-org/mixOmics,
116,alabaster.schemas,4917,bioconductor:alabaster.schemas,https://git.bioconductor.org/packages/alabaster.schemas,selected source,,https://bioconductor.org/packages/3.23/bioc/html/alabaster.schemas.html,
117,gypsum,4856,github:artifactdb/gypsum-r,https://github.com/ArtifactDB/gypsum-R,selected source,,https://bioconductor.org/packages/3.23/bioc/html/gypsum.html;https://github.com/ArtifactDB/gypsum-R,
118,MSnbase,4832,github:lgatto/msnbase,https://github.com/lgatto/MSnbase,selected source,,https://bioconductor.org/packages/3.23/bioc/html/MSnbase.html;https://github.com/lgatto/MSnbase,
119,MsCoreUtils,4732,github:rformassspectrometry/mscoreutils,https://github.com/rformassspectrometry/MsCoreUtils,selected source,,https://bioconductor.org/packages/3.23/bioc/html/MsCoreUtils.html;https://github.com/rformassspectrometry/MsCoreUtils,
120,DNAcopy,4692,bioconductor:dnacopy,https://git.bioconductor.org/packages/DNAcopy,selected source,,https://bioconductor.org/packages/3.23/bioc/html/DNAcopy.html;https://github.com/bioconda/bioconda-recipes/tree/254ba2d4bcda7fe6ed2baa586bac6c35885a4b10/recipes/bioconductor-dnacopy,
121,scDblFinder,4681,github:plger/scdblfinder,https://github.com/plger/scDblFinder,selected source,,https://bioconductor.org/packages/3.23/bioc/html/scDblFinder.html;https://github.com/plger/scDblFinder,
122,geneplotter,4337,bioconductor:geneplotter,https://git.bioconductor.org/packages/geneplotter,selected source,,https://bioconductor.org/packages/3.23/bioc/html/geneplotter.html;https://github.com/bioconda/bioconda-recipes/tree/254ba2d4bcda7fe6ed2baa586bac6c35885a4b10/recipes/bioconductor-geneplotter,
123,DECIPHER,4295,bioconductor:decipher,https://git.bioconductor.org/packages/DECIPHER,selected source,,https://bioconductor.org/packages/3.23/bioc/html/DECIPHER.html;https://github.com/bioconda/bioconda-recipes/tree/254ba2d4bcda7fe6ed2baa586bac6c35885a4b10/recipes/bioconductor-decipher,
124,siggenes,4281,bioconductor:siggenes,https://git.bioconductor.org/packages/siggenes,selected source,,https://bioconductor.org/packages/3.23/bioc/html/siggenes.html,
125,TFBSTools,4231,github:ge11232002/tfbstools,https://github.com/ge11232002/TFBSTools,selected source,,https://bioconductor.org/packages/3.23/bioc/html/TFBSTools.html;https://github.com/ge11232002/TFBSTools,
126,mzID,4204,bioconductor:mzid,https://git.bioconductor.org/packages/mzID,selected source,,https://bioconductor.org/packages/3.23/bioc/html/mzID.html,
127,AUCell,4189,bioconductor:aucell,https://git.bioconductor.org/packages/AUCell,selected source,,https://bioconductor.org/packages/3.23/bioc/html/AUCell.html,
128,QFeatures,4177,github:rformassspectrometry/qfeatures,https://github.com/rformassspectrometry/QFeatures,selected source,,https://bioconductor.org/packages/3.23/bioc/html/QFeatures.html;https://github.com/rformassspectrometry/QFeatures,
129,monocle,4170,bioconductor:monocle,https://git.bioconductor.org/packages/monocle,selected source,,https://bioconductor.org/packages/3.23/bioc/html/monocle.html,
130,Gviz,4162,github:ivanek/gviz,https://github.com/ivanek/Gviz,selected source,,https://bioconductor.org/packages/3.23/bioc/html/Gviz.html;https://github.com/ivanek/Gviz,
131,seqLogo,4158,github:ivanek/seqlogo,https://github.com/ivanek/seqLogo,selected source,,https://bioconductor.org/packages/3.23/bioc/html/seqLogo.html;https://github.com/ivanek/seqLogo,
132,Spectra,4149,github:rformassspectrometry/spectra,https://github.com/rformassspectrometry/Spectra,selected source,,https://bioconductor.org/packages/3.23/bioc/html/Spectra.html;https://github.com/rformassspectrometry/Spectra,
133,flowCore,3965,bioconductor:flowcore,https://git.bioconductor.org/packages/flowCore,selected source,,https://bioconductor.org/packages/3.23/bioc/html/flowCore.html,
134,STRINGdb,3958,bioconductor:stringdb,https://git.bioconductor.org/packages/STRINGdb,selected source,,https://bioconductor.org/packages/3.23/bioc/html/STRINGdb.html,
135,TrajectoryUtils,3939,github:ltla/trajectoryutils,https://github.com/LTLA/TrajectoryUtils,selected source,,https://bioconductor.org/packages/3.23/bioc/html/TrajectoryUtils.html;https://github.com/LTLA/TrajectoryUtils,
136,slingshot,3908,github:kstreet13/slingshot,https://github.com/kstreet13/slingshot,selected source,,https://bioconductor.org/packages/3.23/bioc/html/slingshot.html;https://github.com/kstreet13/slingshot,
137,zellkonverter,3843,github:theislab/zellkonverter,https://github.com/theislab/zellkonverter,selected source,,https://bioconductor.org/packages/3.23/bioc/html/zellkonverter.html;https://github.com/theislab/zellkonverter,
138,illuminaio,3812,github:henrikbengtsson/illuminaio,https://github.com/HenrikBengtsson/illuminaio,selected source,,https://bioconductor.org/packages/3.23/bioc/html/illuminaio.html;https://github.com/HenrikBengtsson/illuminaio,
139,oligo,3710,github:benilton/oligo,https://github.com/benilton/oligo,selected source,,https://bioconductor.org/packages/3.23/bioc/html/oligo.html;https://github.com/benilton/oligo,
140,dada2,3655,github:benjjneb/dada2,https://github.com/benjjneb/dada2,selected source,,https://bioconductor.org/packages/3.23/bioc/html/dada2.html;https://github.com/bioconda/bioconda-recipes/tree/254ba2d4bcda7fe6ed2baa586bac6c35885a4b10/recipes/bioconductor-dada2;https://github.com/benjjneb/dada2,
141,MetaboCoreUtils,3646,github:rformassspectrometry/metabocoreutils,https://github.com/rformassspectrometry/MetaboCoreUtils,selected source,,https://bioconductor.org/packages/3.23/bioc/html/MetaboCoreUtils.html;https://github.com/rformassspectrometry/MetaboCoreUtils,
142,ConsensusClusterPlus,3632,bioconductor:consensusclusterplus,https://git.bioconductor.org/packages/ConsensusClusterPlus,selected source,,https://bioconductor.org/packages/3.23/bioc/html/ConsensusClusterPlus.html,
143,EBImage,3625,github:aoles/ebimage,https://github.com/aoles/EBImage,selected source,,https://bioconductor.org/packages/3.23/bioc/html/EBImage.html;https://github.com/aoles/EBImage,
144,OrganismDbi,3554,bioconductor:organismdbi,https://git.bioconductor.org/packages/OrganismDbi,selected source,,https://bioconductor.org/packages/3.23/bioc/html/OrganismDbi.html,
145,bumphunter,3541,github:rafalab/bumphunter,https://github.com/rafalab/bumphunter,selected source,,https://bioconductor.org/packages/3.23/bioc/html/bumphunter.html;https://github.com/rafalab/bumphunter,
146,PSMatch,3526,github:rformassspectrometry/psmatch,https://github.com/rformassspectrometry/PSMatch,selected source,,https://bioconductor.org/packages/3.23/bioc/html/PSMatch.html;https://github.com/rformassspectrometry/PSMatch,
147,DropletUtils,3490,bioconductor:dropletutils,https://git.bioconductor.org/packages/DropletUtils,selected source,,https://bioconductor.org/packages/3.23/bioc/html/DropletUtils.html,
148,cytolib,3423,bioconductor:cytolib,https://git.bioconductor.org/packages/cytolib,selected source,,https://bioconductor.org/packages/3.23/bioc/html/cytolib.html,
149,minfi,3384,github:hansenlab/minfi,https://github.com/hansenlab/minfi,selected source,,https://bioconductor.org/packages/3.23/bioc/html/minfi.html;https://github.com/hansenlab/minfi,
150,RProtoBufLib,3360,bioconductor:rprotobuflib,https://git.bioconductor.org/packages/RProtoBufLib,selected source,,https://bioconductor.org/packages/3.23/bioc/html/RProtoBufLib.html,
151,ChIPseeker,3359,github:yulab-smu/chipseeker,https://github.com/YuLab-SMU/ChIPseeker,selected source,,https://bioconductor.org/packages/3.23/bioc/html/ChIPseeker.html,
152,basilisk.utils,3341,bioconductor:basilisk.utils,https://git.bioconductor.org/packages/basilisk.utils,selected source,,https://bioconductor.org/packages/3.23/bioc/html/basilisk.utils.html,
153,ggbio,3288,github:lawremi/ggbio,https://github.com/lawremi/ggbio,selected source,,https://bioconductor.org/packages/3.23/bioc/html/ggbio.html,
154,maftools,3273,github:poisonalien/maftools,https://github.com/PoisonAlien/maftools,selected source,,https://bioconductor.org/packages/3.23/bioc/html/maftools.html;https://github.com/PoisonAlien/maftools,
155,MAST,3227,github:rglab/mast,https://github.com/RGLab/MAST,selected source,,https://bioconductor.org/packages/3.23/bioc/html/MAST.html,
156,TreeSummarizedExperiment,3117,bioconductor:treesummarizedexperiment,https://git.bioconductor.org/packages/TreeSummarizedExperiment,selected source,,https://bioconductor.org/packages/3.23/bioc/html/TreeSummarizedExperiment.html;https://github.com/bioconda/bioconda-recipes/tree/254ba2d4bcda7fe6ed2baa586bac6c35885a4b10/recipes/bioconductor-treesummarizedexperiment,
157,UCell,3097,github:carmonalab/ucell,https://github.com/carmonalab/UCell,selected source,,https://bioconductor.org/packages/3.23/bioc/html/UCell.html,
158,decoupleR,3053,github:saezlab/decoupler,https://github.com/saezlab/decoupleR,selected source,,https://bioconductor.org/packages/3.23/bioc/html/decoupleR.html,
159,gdsfmt,3027,github:zhengxwen/gdsfmt,https://github.com/zhengxwen/gdsfmt,selected source,,https://bioconductor.org/packages/3.23/bioc/html/gdsfmt.html,
160,oligoClasses,2996,bioconductor:oligoclasses,https://git.bioconductor.org/packages/oligoClasses,selected source,,https://bioconductor.org/packages/3.23/bioc/html/oligoClasses.html,
161,xcms,2964,github:sneumann/xcms,https://github.com/sneumann/xcms,selected source,,https://bioconductor.org/packages/3.23/bioc/html/xcms.html,
162,snpStats,2933,bioconductor:snpstats,https://git.bioconductor.org/packages/snpStats,selected source,,https://bioconductor.org/packages/3.23/bioc/html/snpStats.html,
163,topGO,2875,github:federicomarini/topgo,https://github.com/federicomarini/topGO,selected source,,https://bioconductor.org/packages/3.23/bioc/html/topGO.html,
164,BiocCheck,2874,github:bioconductor/bioccheck,https://github.com/Bioconductor/BiocCheck,selected source,,https://bioconductor.org/packages/3.23/bioc/html/BiocCheck.html,
165,interactiveDisplayBase,2865,bioconductor:interactivedisplaybase,https://git.bioconductor.org/packages/interactiveDisplayBase,selected source,,https://bioconductor.org/packages/3.23/bioc/html/interactiveDisplayBase.html,
166,affxparser,2818,github:henrikbengtsson/affxparser,https://github.com/HenrikBengtsson/affxparser,selected source,,https://bioconductor.org/packages/3.23/bioc/html/affxparser.html,
167,microbiome,2812,github:microbiome/microbiome,https://github.com/microbiome/microbiome,selected source,,https://bioconductor.org/packages/3.23/bioc/html/microbiome.html,
168,marray,2697,bioconductor:marray,https://git.bioconductor.org/packages/marray,selected source,,https://bioconductor.org/packages/3.23/bioc/html/marray.html,
169,AnnotationForge,2689,github:bioconductor/annotationforge,https://github.com/Bioconductor/AnnotationForge,selected source,,https://bioconductor.org/packages/3.23/bioc/html/AnnotationForge.html,
170,MassSpecWavelet,2684,github:zeehio/massspecwavelet,https://github.com/zeehio/MassSpecWavelet,selected source,,https://bioconductor.org/packages/3.23/bioc/html/MassSpecWavelet.html,
171,msa,2650,github:ubod/msa,https://github.com/UBod/msa,selected source,,https://bioconductor.org/packages/3.23/bioc/html/msa.html,
172,regioneR,2621,bioconductor:regioner,https://git.bioconductor.org/packages/regioneR,selected source,,https://bioconductor.org/packages/3.23/bioc/html/regioneR.html,
173,variancePartition,2577,github:diseaseneurogenomics/variancepartition,https://github.com/DiseaseNeuroGenomics/variancePartition,selected source,,https://bioconductor.org/packages/3.23/bioc/html/variancePartition.html,
174,decontam,2576,github:benjjneb/decontam,https://github.com/benjjneb/decontam,selected source,,https://bioconductor.org/packages/3.23/bioc/html/decontam.html;https://github.com/bioconda/bioconda-recipes/tree/254ba2d4bcda7fe6ed2baa586bac6c35885a4b10/recipes/bioconductor-decontam,
175,SNPRelate,2572,github:zhengxwen/snprelate,https://github.com/zhengxwen/SNPRelate,selected source,,https://bioconductor.org/packages/3.23/bioc/html/SNPRelate.html,
176,Rsubread,2571,bioconductor:rsubread,https://git.bioconductor.org/packages/Rsubread,selected source,,https://bioconductor.org/packages/3.23/bioc/html/Rsubread.html,
177,mia,2539,github:microbiome/mia,https://github.com/microbiome/mia,selected source,,https://bioconductor.org/packages/3.23/bioc/html/mia.html,
178,ANCOMBC,2527,github:frederickhuanglin/ancombc,https://github.com/FrederickHuangLin/ANCOMBC,selected source,,https://bioconductor.org/packages/3.23/bioc/html/ANCOMBC.html,
179,singscore,2522,github:davislaboratory/singscore,https://github.com/DavisLaboratory/singscore,selected source,,https://bioconductor.org/packages/3.23/bioc/html/singscore.html,
180,globaltest,2513,bioconductor:globaltest,https://git.bioconductor.org/packages/globaltest,selected source,,https://bioconductor.org/packages/3.23/bioc/html/globaltest.html,
181,metagenomeSeq,2491,github:hcbravolab/metagenomeseq,https://github.com/HCBravoLab/metagenomeSeq,selected source,,https://bioconductor.org/packages/3.23/bioc/html/metagenomeSeq.html,
182,ropls,2480,bioconductor:ropls,https://git.bioconductor.org/packages/ropls,selected source,,https://bioconductor.org/packages/3.23/bioc/html/ropls.html,
183,ggtreeExtra,2432,github:yulab-smu/ggtreeextra,https://github.com/YuLab-SMU/ggtreeExtra,selected source,,https://bioconductor.org/packages/3.23/bioc/html/ggtreeExtra.html,
184,MultiDataSet,2429,bioconductor:multidataset,https://git.bioconductor.org/packages/MultiDataSet,selected source,,https://bioconductor.org/packages/3.23/bioc/html/MultiDataSet.html,
185,tkWidgets,2365,bioconductor:tkwidgets,https://git.bioconductor.org/packages/tkWidgets,selected source,,https://bioconductor.org/packages/3.23/bioc/html/tkWidgets.html,
186,DEXSeq,2359,bioconductor:dexseq,https://git.bioconductor.org/packages/DEXSeq,selected source,,https://bioconductor.org/packages/3.23/bioc/html/DEXSeq.html,
187,Wrench,2326,github:hcbravolab/wrench,https://github.com/HCBravoLab/Wrench,selected source,,https://bioconductor.org/packages/3.23/bioc/html/Wrench.html,
188,CNEr,2321,github:ge11232002/cner,https://github.com/ge11232002/CNEr,selected source,,https://bioconductor.org/packages/3.23/bioc/html/CNEr.html,
189,infercnv,2294,github:broadinstitute/infercnv,https://github.com/broadinstitute/infercnv,selected source,,https://bioconductor.org/packages/3.23/bioc/html/infercnv.html;https://github.com/broadinstitute/infercnv,
190,scrapper,2284,github:libscran/scrapper,https://github.com/libscran/scrapper,selected source,,https://bioconductor.org/packages/3.23/bioc/html/scrapper.html,
191,flowWorkspace,2278,bioconductor:flowworkspace,https://git.bioconductor.org/packages/flowWorkspace,selected source,,https://bioconductor.org/packages/3.23/bioc/html/flowWorkspace.html,
192,widgetTools,2260,bioconductor:widgettools,https://git.bioconductor.org/packages/widgetTools,selected source,,https://bioconductor.org/packages/3.23/bioc/html/widgetTools.html,
193,motifmatchr,2259,bioconductor:motifmatchr,https://git.bioconductor.org/packages/motifmatchr,selected source,,https://bioconductor.org/packages/3.23/bioc/html/motifmatchr.html,
194,bsseq,2238,github:hansenlab/bsseq,https://github.com/hansenlab/bsseq,selected source,,https://bioconductor.org/packages/3.23/bioc/html/bsseq.html,
195,EDASeq,2238,github:drisso/edaseq,https://github.com/drisso/EDASeq,selected source,,https://bioconductor.org/packages/3.23/bioc/html/EDASeq.html,
196,MsFeatures,2218,github:rformassspectrometry/msfeatures,https://github.com/rformassspectrometry/MsFeatures,selected source,,https://bioconductor.org/packages/3.23/bioc/html/MsFeatures.html,
197,methylumi,2210,github:seandavi/methylumi,https://github.com/seandavi/methylumi,selected source,,https://bioconductor.org/packages/3.23/bioc/html/methylumi.html,
198,aroma.light,2185,github:henrikbengtsson/aroma.light,https://github.com/HenrikBengtsson/aroma.light,selected source,,https://bioconductor.org/packages/3.23/bioc/html/aroma.light.html,
199,tximeta,2176,github:thelovelab/tximeta,https://github.com/thelovelab/tximeta,selected source,,https://bioconductor.org/packages/3.23/bioc/html/tximeta.html,
200,InteractionSet,2174,bioconductor:interactionset,https://git.bioconductor.org/packages/InteractionSet,selected source,,https://bioconductor.org/packages/3.23/bioc/html/InteractionSet.html,
201,DynDoc,2164,bioconductor:dyndoc,https://git.bioconductor.org/packages/DynDoc,below cutoff; eligibility not exhaustively reviewed,,https://bioconductor.org/packages/3.23/bioc/html/DynDoc.html,
202,OmnipathR,2129,github:saezlab/omnipathr,https://github.com/saezlab/omnipathr,below cutoff; eligibility not exhaustively reviewed,,https://bioconductor.org/packages/3.23/bioc/html/OmnipathR.html,
203,survcomp,2128,bioconductor:survcomp,https://git.bioconductor.org/packages/survcomp,below cutoff; eligibility not exhaustively reviewed,,https://bioconductor.org/packages/3.23/bioc/html/survcomp.html,
204,ncdfFlow,2119,bioconductor:ncdfflow,https://git.bioconductor.org/packages/ncdfFlow,below cutoff; eligibility not exhaustively reviewed,,https://bioconductor.org/packages/3.23/bioc/html/ncdfFlow.html,
205,ALDEx2,2085,github:ggloor/aldex_bioc,https://github.com/ggloor/aldex_bioc,below cutoff; eligibility not exhaustively reviewed,,https://bioconductor.org/packages/3.23/bioc/html/ALDEx2.html,
206,Rigraphlib,2077,github:libscran/rigraphlib,https://github.com/libscran/rigraphlib,below cutoff; eligibility not exhaustively reviewed,,https://bioconductor.org/packages/3.23/bioc/html/Rigraphlib.html,
207,GOstats,2054,bioconductor:gostats,https://git.bioconductor.org/packages/GOstats,below cutoff; eligibility not exhaustively reviewed,,https://bioconductor.org/packages/3.23/bioc/html/GOstats.html,
208,systemPipeR,2028,github:tgirke/systempiper,https://github.com/tgirke/systempiper,below cutoff; eligibility not exhaustively reviewed,,https://bioconductor.org/packages/3.23/bioc/html/systemPipeR.html,
209,Category,2020,bioconductor:category,https://git.bioconductor.org/packages/Category,below cutoff; eligibility not exhaustively reviewed,,https://bioconductor.org/packages/3.23/bioc/html/Category.html,
210,GENIE3,2000,bioconductor:genie3,https://git.bioconductor.org/packages/GENIE3,below cutoff; eligibility not exhaustively reviewed,,https://bioconductor.org/packages/3.23/bioc/html/GENIE3.html,
211,ballgown,1993,github:alyssafrazee/ballgown,https://github.com/alyssafrazee/ballgown,below cutoff; eligibility not exhaustively reviewed,,https://bioconductor.org/packages/3.23/bioc/html/ballgown.html,
212,goseq,1970,github:federicomarini/goseq,https://github.com/federicomarini/goseq,below cutoff; eligibility not exhaustively reviewed,,https://bioconductor.org/packages/3.23/bioc/html/goseq.html,
213,MsExperiment,1963,github:rformassspectrometry/msexperiment,https://github.com/rformassspectrometry/msexperiment,below cutoff; eligibility not exhaustively reviewed,,https://bioconductor.org/packages/3.23/bioc/html/MsExperiment.html,
214,flowViz,1952,bioconductor:flowviz,https://git.bioconductor.org/packages/flowViz,below cutoff; eligibility not exhaustively reviewed,,https://bioconductor.org/packages/3.23/bioc/html/flowViz.html,
215,Mfuzz,1949,bioconductor:mfuzz,https://git.bioconductor.org/packages/Mfuzz,below cutoff; eligibility not exhaustively reviewed,,https://bioconductor.org/packages/3.23/bioc/html/Mfuzz.html,
216,DiffBind,1940,bioconductor:diffbind,https://git.bioconductor.org/packages/DiffBind,below cutoff; eligibility not exhaustively reviewed,,https://bioconductor.org/packages/3.23/bioc/html/DiffBind.html;https://github.com/bioconda/bioconda-recipes/tree/254ba2d4bcda7fe6ed2baa586bac6c35885a4b10/recipes/bioconductor-diffbind,
217,affyPLM,1934,github:bmbolstad/affyplm,https://github.com/bmbolstad/affyplm,below cutoff; eligibility not exhaustively reviewed,,https://bioconductor.org/packages/3.23/bioc/html/affyPLM.html,
218,gcrma,1931,bioconductor:gcrma,https://git.bioconductor.org/packages/gcrma,below cutoff; eligibility not exhaustively reviewed,,https://bioconductor.org/packages/3.23/bioc/html/gcrma.html,
219,lumi,1890,bioconductor:lumi,https://git.bioconductor.org/packages/lumi,below cutoff; eligibility not exhaustively reviewed,,https://bioconductor.org/packages/3.23/bioc/html/lumi.html,
220,flowClust,1848,bioconductor:flowclust,https://git.bioconductor.org/packages/flowClust,below cutoff; eligibility not exhaustively reviewed,,https://bioconductor.org/packages/3.23/bioc/html/flowClust.html,
221,ROC,1836,github:vjcitn/roc,https://github.com/vjcitn/roc,below cutoff; eligibility not exhaustively reviewed,,https://bioconductor.org/packages/3.23/bioc/html/ROC.html,
222,chromVAR,1827,bioconductor:chromvar,https://git.bioconductor.org/packages/chromVAR,below cutoff; eligibility not exhaustively reviewed,,https://bioconductor.org/packages/3.23/bioc/html/chromVAR.html,
223,tradeSeq,1814,github:statomics/tradeseq,https://github.com/statomics/tradeseq,below cutoff; eligibility not exhaustively reviewed,,https://bioconductor.org/packages/3.23/bioc/html/tradeSeq.html,
224,bamsignals,1802,github:lamortenera/bamsignals,https://github.com/lamortenera/bamsignals,below cutoff; eligibility not exhaustively reviewed,,https://bioconductor.org/packages/3.23/bioc/html/bamsignals.html,
225,universalmotif,1770,github:bjmt/universalmotif,https://github.com/bjmt/universalmotif,below cutoff; eligibility not exhaustively reviewed,,https://bioconductor.org/packages/3.23/bioc/html/universalmotif.html,
226,Nebulosa,1737,github:powellgenomicslab/nebulosa,https://github.com/powellgenomicslab/nebulosa,below cutoff; eligibility not exhaustively reviewed,,https://bioconductor.org/packages/3.23/bioc/html/Nebulosa.html,
227,ggcyto,1734,github:rglab/ggcyto,https://github.com/rglab/ggcyto,below cutoff; eligibility not exhaustively reviewed,,https://bioconductor.org/packages/3.23/bioc/html/ggcyto.html,
228,viper,1729,bioconductor:viper,https://git.bioconductor.org/packages/viper,below cutoff; eligibility not exhaustively reviewed,,https://bioconductor.org/packages/3.23/bioc/html/viper.html,
229,celda,1723,github:campbio/celda,https://github.com/campbio/celda,below cutoff; eligibility not exhaustively reviewed,,https://bioconductor.org/packages/3.23/bioc/html/celda.html,
230,GlobalAncova,1697,bioconductor:globalancova,https://git.bioconductor.org/packages/GlobalAncova,below cutoff; eligibility not exhaustively reviewed,,https://bioconductor.org/packages/3.23/bioc/html/GlobalAncova.html,
231,FlowSOM,1693,bioconductor:flowsom,https://git.bioconductor.org/packages/FlowSOM,below cutoff; eligibility not exhaustively reviewed,,https://bioconductor.org/packages/3.23/bioc/html/FlowSOM.html,
232,lpsymphony,1691,github:huber-group-embl/lpsymphony,https://github.com/huber-group-embl/lpsymphony,below cutoff; eligibility not exhaustively reviewed,,https://bioconductor.org/packages/3.23/bioc/html/lpsymphony.html,
233,plyranges,1653,github:tidyomics/plyranges,https://github.com/tidyomics/plyranges,below cutoff; eligibility not exhaustively reviewed,,https://bioconductor.org/packages/3.23/bioc/html/plyranges.html,
234,karyoploteR,1650,github:bernatgel/karyoploter,https://github.com/bernatgel/karyoploter,below cutoff; eligibility not exhaustively reviewed,,https://bioconductor.org/packages/3.23/bioc/html/karyoploteR.html,
235,miloR,1646,github:marionilab/milor,https://github.com/marionilab/milor,below cutoff; eligibility not exhaustively reviewed,,https://bioconductor.org/packages/3.23/bioc/html/miloR.html,
236,openCyto,1636,bioconductor:opencyto,https://git.bioconductor.org/packages/openCyto,below cutoff; eligibility not exhaustively reviewed,,https://bioconductor.org/packages/3.23/bioc/html/openCyto.html,
237,destiny,1633,github:theislab/destiny,https://github.com/theislab/destiny,below cutoff; eligibility not exhaustively reviewed,,https://bioconductor.org/packages/3.23/bioc/html/destiny.html,
238,RcisTarget,1631,github:aertslab/rcistarget,https://github.com/aertslab/rcistarget,below cutoff; eligibility not exhaustively reviewed,,https://bioconductor.org/packages/3.23/bioc/html/RcisTarget.html,
239,missMethyl,1629,bioconductor:missmethyl,https://git.bioconductor.org/packages/missMethyl,below cutoff; eligibility not exhaustively reviewed,,https://bioconductor.org/packages/3.23/bioc/html/missMethyl.html,
240,dittoSeq,1622,bioconductor:dittoseq,https://git.bioconductor.org/packages/dittoSeq,below cutoff; eligibility not exhaustively reviewed,,https://bioconductor.org/packages/3.23/bioc/html/dittoSeq.html,
241,simplifyEnrichment,1611,github:jokergoo/simplifyenrichment,https://github.com/jokergoo/simplifyenrichment,below cutoff; eligibility not exhaustively reviewed,,https://bioconductor.org/packages/3.23/bioc/html/simplifyEnrichment.html,
242,GreyListChIP,1607,bioconductor:greylistchip,https://git.bioconductor.org/packages/GreyListChIP,below cutoff; eligibility not exhaustively reviewed,,https://bioconductor.org/packages/3.23/bioc/html/GreyListChIP.html,
243,MOFA2,1607,github:biofam/mofa2,https://github.com/biofam/mofa2,below cutoff; eligibility not exhaustively reviewed,,https://bioconductor.org/packages/3.23/bioc/html/MOFA2.html,
244,alabaster.sce,1584,bioconductor:alabaster.sce,https://git.bioconductor.org/packages/alabaster.sce,below cutoff; eligibility not exhaustively reviewed,,https://bioconductor.org/packages/3.23/bioc/html/alabaster.sce.html,
245,EnrichedHeatmap,1583,github:jokergoo/enrichedheatmap,https://github.com/jokergoo/enrichedheatmap,below cutoff; eligibility not exhaustively reviewed,,https://bioconductor.org/packages/3.23/bioc/html/EnrichedHeatmap.html,
246,DMRcate,1569,bioconductor:dmrcate,https://git.bioconductor.org/packages/DMRcate,below cutoff; eligibility not exhaustively reviewed,,https://bioconductor.org/packages/3.23/bioc/html/DMRcate.html,
247,PCAtools,1567,github:kevinblighe/pcatools,https://github.com/kevinblighe/pcatools,below cutoff; eligibility not exhaustively reviewed,,https://bioconductor.org/packages/3.23/bioc/html/PCAtools.html,
248,SeqArray,1558,github:zhengxwen/seqarray,https://github.com/zhengxwen/seqarray,below cutoff; eligibility not exhaustively reviewed,,https://bioconductor.org/packages/3.23/bioc/html/SeqArray.html,
249,IHW,1549,bioconductor:ihw,https://git.bioconductor.org/packages/IHW,below cutoff; eligibility not exhaustively reviewed,,https://bioconductor.org/packages/3.23/bioc/html/IHW.html,
250,GenomicDataCommons,1544,github:bioconductor/genomicdatacommons,https://github.com/bioconductor/genomicdatacommons,below cutoff; eligibility not exhaustively reviewed,,https://bioconductor.org/packages/3.23/bioc/html/GenomicDataCommons.html,
