run_name,is_qsplit240_core,eval/paloma/macro_loss,eval/uncheatable_eval/macro_loss,theta_1,theta_2,theta_3,theta_4,theta_5,aggregate_mean_theta
run_00125,True,3.506571054458618,2.988485097885132,0.8700373508454492,1.2782799375384075,0.8746901897084411,0.30202243075132923,1.5897514861820612,0.9829562790051376
run_00207,True,3.5123190879821777,3.02510404586792,-0.08959313285060877,2.2579740634207077,-0.015470739664066991,0.7246281553648444,1.6824406581830338,0.911995800890782
baseline_stratified,False,3.508568048477173,3.022904634475708,1.0927920830751134,0.838810570123403,0.4896692559272688,0.9675681456996506,0.7798314520733346,0.8337343013797541
baseline_unimax,True,3.4949722290039062,3.057558059692383,2.647999363821958,2.56419085244357,-0.5055257974891658,0.13268307222743767,-0.7394241694528215,0.8199846643101957
baseline_proportional,True,3.484795570373535,3.081036329269409,3.313248090619692,3.082523581653627,-1.2809109020824045,0.17596073009972857,-1.2141556674307383,0.8153331665719812
run_00098,True,3.5168867111206055,3.0393295288085938,0.8156697806161546,-0.19802865446069398,-0.11328018619236466,1.7591278531108872,1.6569969090730552,0.7840971404294077
run_00191,True,3.515575408935547,3.038956880569458,0.3644365537805782,0.6332912830944236,0.1524815758841779,2.363660066367037,0.1495415823198665,0.7326822122892167
run_00159,True,3.5474767684936523,3.03704571723938,0.6021816567790128,2.2868447185464174,0.4028352338878329,-0.1173502540305541,0.3458386472313887,0.7040700004828195
run_00239,True,3.513612747192383,3.050727128982544,1.2698385072715603,0.2594202682842257,0.2282720584752581,1.2337514224720583,0.43558033277062846,0.6853725178547462
run_00218,True,3.510618209838867,3.0752499103546143,2.5071427737470557,0.03585304963386016,-0.6353342608188732,0.7832511831049845,0.701207713179126,0.6784240917692307
run_00233,True,3.517209529876709,3.032083749771118,-1.0509394046151739,4.030830373554217,1.6718532965441044,-0.20744023596331299,-1.1096323678966344,0.66693433232464
run_00168,True,3.524835109710694,3.0230953693389893,0.840445885416494,-0.1468501643835978,1.201700946775364,0.27745718296853067,1.0515414081749535,0.6448590517903489
run_00200,True,3.5296030044555664,3.001990795135498,-0.756950694811738,0.901816769650905,2.5219261971859814,0.4563508309563947,0.09718688325552759,0.6440659972474141
run_00223,True,3.522589921951294,3.010810136795044,-0.7160659665571801,2.234136408878903,2.0544210114842443,0.3015812116062787,-0.7308001909716243,0.6286544948881244
run_00075,True,3.5314674377441406,3.0619778633117676,1.2696605752737284,1.2800080627163368,-0.24350206023756885,0.2673675657768775,0.5589054615218717,0.6264879210102491
baseline_olmix_loglinear_uncheatable_bpb,False,3.5233678817749023,3.0072696208953857,0.9193002471448606,0.9633080738325289,2.528485600811726,-0.6919153653121565,-0.691434967303675,0.6055487178346568
run_00155,True,3.541746139526367,3.0217301845550537,-0.22709588400442934,-0.08144466424063751,0.9708958545860198,0.5596358733724465,1.665611003596702,0.5775204366620204
run_00102,True,3.544181108474731,3.058933973312378,0.7412035601453998,0.7448843149025489,0.08430702896906861,0.9529543829569505,0.3208041596556794,0.5688306893259294
run_00018,True,3.5301854610443115,3.0270278453826904,0.5925402831829572,-0.6340148211878843,1.3931063811068167,0.2758726378442102,1.1945856936173318,0.5644180349126863
run_00217,True,3.5327415466308594,3.0739827156066895,1.1441369589460482,0.8124533448711214,-0.39415518948921696,0.2551318083285646,0.9590004821051589,0.5553134809523351
run_00201,True,3.5575337409973145,3.0561718940734863,0.537091449282133,0.2578984919117805,0.012579988807394709,0.2783158390364025,1.6053744244820412,0.5382520387039504
run_00186,True,3.5505995750427246,3.0638067722320557,-0.011774861549949046,1.2017534788897555,-0.3048393653959263,0.574030594282644,1.1724275130720745,0.5263194718597197
run_00138,True,3.5426645278930664,3.0639514923095703,-0.27631536460448836,1.0507970031487066,-0.2805142512242672,1.0233657974649244,1.0499362802703371,0.5134538930110425
run_00152,True,3.540781021118164,3.0283560752868652,1.0555689431947575,-0.7701692641526777,1.2445925950390195,-0.13546614217258235,1.158593252268269,0.5106238768353573
run_00021,True,3.5467567443847656,3.0262680053710938,-0.559727431760727,-0.04128934328854837,1.208952795607863,0.8739164987693048,1.052882379833424,0.5069469798322632
run_00183,True,3.544793128967285,3.054828405380249,-0.08309451827560885,0.43640857326311777,0.08732195970877221,0.8642490830864958,1.064830474373868,0.47394311443132897
run_00238,True,3.5303940773010254,3.067807912826538,1.1467780289801517,-0.3885608568186712,-0.3258423053376027,1.8156051676464233,0.11740281095919089,0.4730765690858984
run_00142,True,3.5434036254882812,3.116111516952514,1.364850847598318,0.7447021202358214,-2.0396976951616055,0.46916795863844324,1.7725031914125011,0.46230528454469566
run_00156,True,3.5379157066345215,3.06195068359375,1.2929706089738138,0.08799519558074094,0.8337184920790239,0.41681277766246067,-0.3301296434105342,0.46027348617710107
run_00081,True,3.535766124725342,3.073678731918335,0.4110813075184826,1.5094215646826208,0.3157020835857956,0.8487162886474595,-0.8014188696025606,0.45670047496635957
run_00124,True,3.5391857624053955,3.0850062370300293,1.007155273517902,0.21754610717216777,-0.26583859191912457,1.106214342039594,0.10649466196882326,0.43431435855587247
run_00224,True,3.549348831176758,3.07583999633789,0.224183319818324,-0.599877717736542,-0.1648023510474766,0.8322505956878395,1.8734355128877214,0.43303787192197324
run_00202,True,3.5603206157684326,3.06382155418396,0.4804523747459314,0.3954410750749355,0.5484201774955954,0.45086309732285657,0.28173810281099576,0.43138296549006283
run_00173,True,3.5521316528320312,3.075307130813598,2.00943863064362,-0.9451999906786176,-0.0015505056569585774,0.4110544560011267,0.6414777028254885,0.42304405862693184
run_00046,True,3.545318126678467,3.0630440711975098,-0.22262821778021874,1.077502285968542,0.2820744061656095,0.1566310237930545,0.77256364663191,0.41322862895577944
run_00237,True,3.5527849197387695,3.063292980194092,0.47375083778228144,-0.17844381888092833,0.29412536207466683,0.905042344022938,0.5341360558836066,0.40572215617651286
run_00062,True,3.5556626319885254,3.0427358150482178,0.5571519102088848,-1.2612261008956382,1.1757075383265605,0.6783754812556152,0.8633633322505069,0.4026744322291858
run_00227,True,3.567734479904175,3.0695018768310547,0.9910549968229333,0.8279157121765173,-0.26251049508138086,0.05701086260845512,0.38951687986996003,0.40059759127929695
run_00073,True,3.5624189376831055,3.0509047508239746,-0.2404636236664935,-0.5075852200368242,0.5808647447913499,0.7115022180180576,1.4534542802298116,0.3995544798671803
run_00130,True,3.538005828857422,3.0692028999328613,0.8332753764781935,-0.6896911447061285,0.36759932031487813,1.6401373713459564,-0.1555409375558705,0.39915599717540584
run_00147,True,3.539454460144043,3.0833213329315186,0.8533856726106276,1.438506190491196,0.4210698361099801,0.3753570289097384,-1.1392845351402134,0.3898068385962657
run_00162,True,3.559025287628174,3.058583974838257,0.17081649138509097,-1.017822567319432,0.40846767751503654,0.8459344780885595,1.507305769805051,0.38294036989486113
run_00050,True,3.566915273666382,3.0508291721343994,-0.4132714708991469,0.25232860996044826,0.3932013202776134,1.0219621112819073,0.6041942789552031,0.371682969915205
run_00079,True,3.5408034324645996,3.0880258083343506,1.8062117013865961,-0.7402556387192323,-0.5427707396167823,0.6173560960943265,0.7069542974911778,0.3694991433272171
run_00131,True,3.567505359649658,3.0453412532806396,0.0563329837231744,-0.5312202327794112,1.131123129244406,0.2756648112073704,0.9137960159872428,0.36913934147655647
run_00063,True,3.551022529602051,3.0964107513427734,0.24072433911132554,1.4811225665074432,-0.14420641000473017,0.5293563492132336,-0.2680614082957675,0.36778708730630094
run_00221,True,3.543484926223755,3.0631964206695557,0.32810468516264174,-0.5195931913026999,0.7939592398693603,0.867824172863797,0.36570796022467905,0.36720057336355566
run_00126,True,3.578017234802246,3.074047565460205,0.5501911078839102,0.9455974057597283,0.17696458514119046,-0.28430854700016533,0.4219905919298291,0.3620870287428985
run_00071,True,3.5678582191467285,3.058147430419922,-1.5981819578427314,2.038180104226315,0.43056158582878795,0.6007440600527074,0.3119613474004196,0.35665302793309966
run_00064,True,3.56946325302124,3.07071852684021,-1.3386044901215408,1.186438047440822,0.4413344484120901,1.4654001375439085,0.023913182013312776,0.3556962650577185
run_00169,True,3.544593095779419,3.094542980194092,0.26382412410157147,1.1976522254075812,-0.5111280693967702,0.8349950739636451,-0.05200311314196567,0.3466680481868124
run_00182,True,3.5421643257141113,3.0916972160339355,1.4527512444450357,0.5631214837207024,-0.3929735798230822,0.015535421324183873,0.056593407629783495,0.3390055954593247
run_00229,True,3.563075542449951,3.0368826389312744,0.12867613425643973,-1.1944217141833648,1.2295085818607396,0.7734035590975008,0.6513568538089979,0.31770468296806265
run_00105,True,3.563199996948242,3.041289806365967,-0.5170581834061669,0.6958460620794048,1.4766838423329167,-0.08199025526590303,-0.01834709946351321,0.31102687325534767
run_00177,True,3.56130051612854,3.0851175785064697,0.06269730975334446,-0.09401483552412596,-0.07401860717527622,0.18227211991636028,1.4499219372439789,0.3053715848428563
run_00165,True,3.571993350982666,3.080275058746338,0.13980902183128863,-0.3978625638112615,0.028215369912106544,0.023017523796456375,1.7116192746089227,0.3009597252675026
run_00189,True,3.5908687114715576,3.07809066772461,-0.5373995125539899,2.4134100675729755,-0.40551829100325754,0.23630837873825628,-0.2764336592032867,0.28607339671013954
run_00119,True,3.551694393157959,3.0916824340820312,-0.38597979533619353,1.446058049761485,0.06338781353668066,0.7846476077362365,-0.4943125323607914,0.28276022866748346
run_00178,True,3.6563916206359863,3.0440332889556885,1.4162171776411911,1.8431968901833216,1.05781399980876,-3.2008488601689797,0.29732648347486945,0.2827411381878324
run_00180,True,3.5486502647399902,3.059530973434448,2.0893919433674144,-0.7259170844583805,1.3662663364703165,0.21609031545887716,-1.5635836534577268,0.2764495714761001
run_00203,True,3.5743067264556885,3.0832295417785645,0.898883528403437,-0.10536500690984742,-0.25533849538582304,0.5288734709332772,0.23588552868206736,0.2605878051446222
run_00025,True,3.5468673706054688,3.0612196922302246,0.836129584721466,-1.108493133417825,1.1670438974258588,0.7489666151330858,-0.34206175449698834,0.26031704187311944
run_00194,True,3.5485405921936035,3.0749340057373047,1.154241398429627,-0.05244518011224214,1.0216052196214993,-0.43011067999556446,-0.42516612934540987,0.25362492571958195
run_00231,True,3.580965518951416,3.091458797454834,-0.5620655974116598,-0.1883820685463892,-0.7495944653781792,0.22426438104324578,2.499745173223442,0.24479348458609196
run_00197,True,3.5599660873413086,3.0836386680603027,0.22077207729061554,0.03682466672711646,0.2936544374306024,0.22050885238177778,0.4521627100383976,0.24478454877370198
run_00056,True,3.591998815536499,3.0405776500701904,-1.0577000930669092,-0.6165634866807533,2.1170913306409087,-0.23310492181044723,0.9988214812416575,0.24170886206489128
run_00204,True,3.5881383419036865,3.100447416305542,0.23883172689521923,1.8798126372263344,-0.47796623859646076,0.38715999437352433,-0.8649653469170507,0.2325745545963133
run_00090,True,3.590628147125244,3.057305812835694,-0.3956628796184175,0.555656520127243,1.195177409439947,-1.032326562281149,0.826465525368567,0.22986200260723813
run_00219,True,3.6014742851257324,3.0725300312042236,-0.19276310163628418,-0.32277797357969373,0.3900718340744768,0.7483439391115393,0.5222756406982797,0.22903006773366358
run_00028,True,3.561028003692627,3.1046619415283203,0.6931981936213912,-0.43468231554977593,-0.5879489395610935,-0.20874479493338138,1.6531040289394332,0.2229852345033147
run_00068,True,3.5708842277526855,3.0724873542785645,0.9279323048690802,-0.2281003621527361,0.5452767249741228,0.4943760055386603,-0.6324098075919979,0.2214149731274259
run_00015,True,3.57815933227539,3.0595269203186035,-0.9761296555233698,1.005254122483417,1.3076222058172582,-0.5672263367198875,0.3314138504914462,0.2201868373097728
run_00093,True,3.5969245433807373,3.072547912597656,-0.013716564521455055,0.0927398429211303,1.1245579804615755,0.4694472630907509,-0.60588662703685,0.21342837898303033
run_00039,True,3.579531669616699,3.072733163833618,-0.5479189178556121,1.0296413061224012,1.0272301828113435,-0.19547859437862133,-0.2688510645517701,0.20892458242954826
run_00167,True,3.594480514526367,3.0707011222839355,-1.1453714663419379,1.9144742204444898,0.751158739879216,0.18766610935174435,-0.6637862114497814,0.2088282783767462
run_00089,True,3.56400203704834,3.086177349090576,0.8403212898014357,-0.36240132689235177,-0.19283525377971236,0.46273837986726574,0.27535792234411366,0.20463620226815019
run_00078,True,3.6243858337402344,3.057384490966797,0.11518204211337658,-0.1476888879322932,1.3240004411107875,-0.4180266327631049,0.12248213504848157,0.1991898195154495
run_00112,True,3.598875045776367,3.076169967651367,-1.717868811214639,0.7626549513747388,0.28430341027881373,-0.7468862072162766,2.4065472713819798,0.1977501229209233
run_00220,True,3.5768964290618896,3.122732639312744,0.15218034654795878,-0.607305666694572,-1.0928383553924501,0.8502473707844231,1.6828637723873325,0.19702949352653848
run_00091,True,3.562020778656006,3.0669636726379395,0.23162397930633014,-1.2034206139420671,0.746183831532151,0.9921161571347965,0.15823430310766892,0.1849475314277759
run_00070,True,3.5604028701782227,3.1355576515197754,0.2956179978703785,0.01894881747949418,-1.80333486531585,2.3929583872456224,0.012790751783646082,0.1833962178126582
run_00214,True,3.5666074752807617,3.108980417251587,0.7424156470896844,0.4216065064154491,-0.5491193650735848,0.8202935724597354,-0.5218973259609747,0.18265980698606193
run_00212,True,3.5752882957458496,3.0769083499908447,0.6766101968087985,-2.029594286863738,0.5743225852986743,0.8149272513483089,0.8650331737656721,0.18025978407154317
run_00230,True,3.5768351554870605,3.1532814502716064,0.390581616891294,0.6476721961927236,-2.3613694566621244,0.9166163182808931,1.2742400177612638,0.17354813849281
run_00205,True,3.5899908542633057,3.0456204414367676,-0.1592096286704937,-1.1240896236153008,1.0698601757215305,0.6746360245084962,0.40143659202562165,0.1725267079939708
run_00060,True,3.588496685028076,3.0924580097198486,0.31676825682498433,-0.05366858564752692,-0.45560368580119026,0.24451537657721525,0.80940219664578,0.1722827117198525
run_00127,True,3.6092028617858887,3.088758707046509,-1.8663840846363493,1.6674447823109744,-0.14202448125986963,-0.4779033772205418,1.6721827027278153,0.17066310838440577
run_00104,True,3.578701972961426,3.1258418560028076,0.7505984467105273,1.1078474612504494,-1.6362571080762436,-0.004496064404715781,0.5978795535562667,0.1631144578072568
run_00139,True,3.591026544570923,3.13143539428711,1.7807077346643787,0.608244431988437,-1.4062261546662598,-0.1590421666613596,-0.03156265512491487,0.1584242380400563
run_00213,True,3.578566312789917,3.0537586212158203,-0.5282185806108506,-1.2064337532063416,1.1703083871096636,0.4852031804534683,0.8559661999810573,0.15536508674539937
run_00051,True,3.607105255126953,3.0592784881591797,-0.665600530358814,-0.3034370268603104,1.3255658813551188,0.012915645505345203,0.39092826468421704,0.15207444686511135
run_00160,True,3.5535995960235596,3.0824134349823,0.5691535770283875,-0.5860749951799253,0.7971545181145997,1.0637048120668573,-1.1319806247255757,0.14239145746086868
run_00088,True,3.6329574584960938,3.1020894050598145,0.9411309575576202,-0.2165906868375913,-0.3192999627082125,0.10753730382745896,0.1887052026608143,0.14029656290001796
run_00235,True,3.576932668685913,3.098447799682617,0.3484965705100238,-0.3837953517137034,-0.6298624611207048,0.995719597998797,0.315117133838985,0.12913509790267952
run_00034,True,3.5840940475463867,3.0890984535217285,-0.9776479839294578,-0.11252789403923735,-0.023724891059289266,0.45841835574858497,1.295104544416862,0.1279244262274925
run_00236,True,3.561312437057495,3.113727569580078,0.10517855894148433,0.4642492846831161,0.25147772743347296,0.16350352202823612,-0.43228158182693494,0.11042550225187493
run_00198,True,3.555079936981201,3.1197965145111084,0.3100000740227727,0.4812747899739262,-0.16759126989223883,1.0357408399793913,-1.1197397254979964,0.10793694171717098
run_00118,True,3.584938287734986,3.088584899902344,-0.03642775010165506,-1.2723762703236008,0.35115376832692896,0.5356812733535368,0.9429863682261911,0.10420347789628022
run_00146,True,3.570621967315674,3.11939001083374,-0.026868101009585144,1.3553769141273442,-0.592759774020368,1.51045871139667,-1.7344085146949575,0.10235984715982074
run_00040,True,3.560866594314575,3.0977346897125244,-0.031686245683762417,0.8009861159343843,0.7697370426502743,0.8403614227821358,-1.888410811956843,0.09819750474523774
run_00145,True,3.682948589324951,3.049222230911255,-0.9680001860966754,-0.13424541100405438,1.5033169144413012,-1.0994088209871558,1.141529257417403,0.08863835075416375
run_00181,True,3.582958459854126,3.100572109222412,-0.5856529820667967,0.3431716536247956,0.44966361467631843,0.5083771525374836,-0.2772316779004834,0.0876655521742635
run_00192,True,3.607235908508301,3.070410966873169,-0.4411542814426319,-0.7379961159101607,0.8466262595921912,0.09407540152981772,0.6683042546448946,0.0859711036828222
run_00187,True,3.5581183433532715,3.108811616897583,0.197955198639076,-1.0420956732293494,0.06263838300531901,1.3561066842549023,-0.1559559315094355,0.08372973223210248
run_00084,True,3.5915322303771973,3.0924229621887207,-0.7616688673739296,0.028034057144487715,0.5748542134851642,-0.2619050691502709,0.8225985470840916,0.0803825762379086
run_00185,True,3.58705997467041,3.1192173957824707,0.7488654107999015,0.4270317289063966,-0.470893066573386,1.0580553094511584,-1.3619327047648058,0.08022533556385296
run_00006,True,3.572333812713623,3.083338975906372,-1.6091741480729214,-0.10919270491940992,0.8136899696232475,0.5899640370442624,0.7029202430920607,0.07764147935344785
run_00020,True,3.5802700519561768,3.0859363079071045,-0.5484692164751128,-0.377708484370736,0.3167032074868123,0.7216147262303777,0.2618184575941976,0.07479173809310774
run_00069,True,3.5927886962890625,3.062382459640503,-0.09149522704679271,-0.8953390326615431,1.2453293365062061,0.06296317125581449,-0.017556645045570182,0.06078032060162293
run_00188,True,3.613161087036133,3.1164326667785645,0.6593953719853424,0.9630364359619705,-0.5825509130645626,-0.4367827761045558,-0.30215239990546083,0.06018914377454674
run_00129,True,3.5823915004730225,3.0911738872528076,0.11611342751236144,-0.15092933804408545,0.3771024127859277,0.7042287390092876,-0.7549740883416489,0.05830823058436847
run_00117,True,3.5778253078460693,3.158172369003296,1.0556264730268285,-0.47093763080148876,-1.5590928130643762,0.45178207364634526,0.7650048826220914,0.048476597085880056
run_00133,True,3.5612964630126953,3.125211477279663,0.7190555105304034,-0.5683464109953578,-0.3011264069887781,1.441856358609461,-1.0986940871196444,0.03854899280721682
run_00103,True,3.608232975006103,3.0616488456726074,-1.2385563020165948,-0.4109024693239992,0.7335627985824139,-0.41421923399181027,1.4869089613003699,0.03135875091007585
run_00101,True,3.5983822345733643,3.088827133178711,-0.02216553983142071,-0.39130969422528866,1.4334457818173485,0.08067720829704438,-0.9697403041933791,0.026181490372860883
run_00076,True,3.586276054382324,3.1454546451568604,1.408763757164664,-0.13470782299154713,-1.985956740226535,0.936775867164978,-0.10151997680371504,0.024671016861568987
run_00158,True,3.5923819541931152,3.0493812561035156,-1.9953795882422538,-1.532493249553647,1.847839777255358,1.1689491042915903,0.6001521068672151,0.017813630123652578
run_00027,True,3.58380389213562,3.071631669998169,-0.12719154579852548,-0.7927550387809782,1.4731659648142954,0.02708072162092188,-0.5096405223711711,0.01413191589690852
run_00154,True,3.571053981781006,3.1397128105163574,0.7886268872337135,-1.0492679801690026,-0.9507481320552422,1.1980992471699314,0.0763055618822215,0.012603116812324358
run_00010,True,3.592404842376709,3.12735915184021,-0.7916763093365667,-0.5726867529062915,-0.48037963081238033,1.1915981362451455,0.6901078865066481,0.007392665939311005
run_00161,True,3.573493003845215,3.162952423095703,0.6258308614485737,1.4728064408401818,-2.247703477713638,0.7977738393649735,-0.6522939894052577,-0.000717265093033359
run_00072,True,3.599827289581299,3.1192967891693115,-0.8629751255601281,0.7007073982924922,-0.05816906481847945,0.08958021234574265,0.11424433082226133,-0.0033224497836222807
run_00008,True,3.623266696929931,3.103788137435913,0.5197257933066342,1.0774864996080549,-0.13695010520332263,-1.8729517816215555,0.38916656981148057,-0.004704604819741709
run_00150,True,3.592916250228882,3.128309965133667,-0.931072552966421,1.4005323161029912,-0.4165547881537756,0.6451082950855569,-0.7390135054275688,-0.008200047071843474
run_00141,True,3.596428632736206,3.070079803466797,-0.5751975528971947,-0.5756025959081854,1.4013326519106244,0.08069634700277592,-0.37386921124724,-0.008528072227843941
run_00026,True,3.612642526626587,3.078495502471924,-0.817101109705298,-0.9309011612702801,0.7816349840508793,-0.32978957433707046,1.2503330770978658,-0.009164756832780707
run_00225,True,3.6033902168273926,3.1001999378204346,1.1056663902162116,0.019514266816502035,0.725935101303028,-0.33531730132753984,-1.5776358400185644,-0.012367476602072536
run_00110,True,3.5806827545166016,3.10744047164917,0.31189752494857054,0.37684353304093987,0.5791932705641238,-0.6877098551836798,-0.6466099869006381,-0.013277102706136735
run_00176,True,3.64655876159668,3.0823802947998047,0.20429602859658003,1.246245841795496,0.3823657817994116,-2.0594320826875907,0.12684629059524172,-0.019935627980172288
run_00226,True,3.703924417495727,3.1217992305755615,0.7165855509238515,1.6676807254499726,-1.1858491542486285,-2.6352084014858126,1.3261839687180517,-0.02212146212851307
run_00151,True,3.6456189155578618,3.0978140830993652,0.39568663059035086,-1.0895024354455989,0.27252523595003547,0.2418014162849971,0.05265187713977773,-0.025367455096087555
run_00045,True,3.6015844345092773,3.126025915145874,-0.20388502197422537,1.5473529683662588,-0.38578790931459755,-0.6947851263424338,-0.3903495493174184,-0.02549092771648327
run_00083,True,3.5934813022613525,3.1021173000335693,0.8908085611892544,-0.13442295082962416,0.8909125066188851,0.07976063881850072,-1.8760384344097563,-0.029795935722547996
run_00132,True,3.6247036457061768,3.1049747467041016,-1.5309126979238596,0.07781916790308818,-0.8584685615003359,0.2782793628610701,1.8736299090693098,-0.03193056391814553
run_00054,True,3.602292060852051,3.0805160999298096,0.14781770389122534,-0.04230875417650509,0.9928827218262348,-0.021494589616494857,-1.2557524922694043,-0.0357710820689888
run_00157,True,3.5761280059814453,3.1471877098083496,-0.2752138986720149,0.3003618827630302,-0.5763107641113245,0.5458782265274489,-0.19785858579096047,-0.040628627856764146
run_00172,True,3.6454107761383057,3.091057062149048,-0.504797280253125,-0.8836709678257666,0.4992345199056691,-0.49378243443745806,1.111722852380923,-0.05425866204595149
run_00128,True,3.621280431747437,3.0969769954681396,0.5933390405897794,-1.8827764752511102,0.898636388427418,0.70640691477063,-0.591771239245089,-0.055233074141674374
run_00143,True,3.6054701805114746,3.079312801361084,-1.08888979690278,0.10115769277173219,1.2159158999926871,-0.7657858739719884,0.209498090849706,-0.06562079745212862
run_00232,True,3.606066226959229,3.1574413776397705,-0.559931872831126,-0.47891828167232486,-1.7104656135507914,1.6072349785228812,0.8115812104033314,-0.066099915825606
run_00163,True,3.6342854499816895,3.0927720069885254,-0.7844761338071737,-0.7883740545695841,0.7105157212962503,-0.415404284978522,0.9402367130754329,-0.06750040779671933
run_00107,True,3.5949478149414062,3.174753189086914,0.45490199622889776,-0.2705732523295994,-2.3949107737019455,1.2354373490597912,0.6293767325784191,-0.06915358963288736
run_00123,True,3.6600327491760254,3.1056201457977295,-0.44639743306788254,0.5349723219350928,-0.08742706639935527,-1.0130585752774515,0.6652801940867786,-0.06932611174456357
run_00116,True,3.639493465423584,3.1372334957122803,-0.39454045787887077,0.9782584885894758,-0.640687635619404,0.09507017236625452,-0.4017045292287341,-0.07272079235425569
run_00066,True,3.6057262420654297,3.1288163661956787,0.28690100409481345,-0.09035290723209106,-0.31927999088828735,-0.14627801585754682,-0.14682149335849237,-0.08316628064832084
run_00047,True,3.604978561401367,3.0913233757019043,0.6250087178780194,-1.7994474527265074,1.4692630230920263,-0.5882285405953672,-0.16093927012258114,-0.09086870449488205
run_00211,True,3.5886521339416504,3.189869165420532,0.7242650514280693,0.4609030457182456,-2.3085631067989127,0.6869095241084108,-0.04411684164890691,-0.09612046543861877
run_00052,True,3.5867769718170166,3.115265369415283,0.8780769543456308,-0.661652248881864,-0.6503376231540497,0.6289572341882322,-0.7114257897731311,-0.10327629465503636
run_00033,True,3.625504493713379,3.1183226108551025,-0.6237331535608315,-0.4516706703121296,-0.7366701977942024,-0.35046826172392703,1.6424190364159794,-0.10402464939502228
run_00082,True,3.692021369934082,3.0868277549743652,-0.6837507964552472,-0.676359549887009,1.03532187623166,-2.304863731423357,2.0566214894881774,-0.11460614240915516
run_00059,True,3.625183582305908,3.1579949855804443,-0.14224536791767323,-0.874425141675184,-1.9562044485344696,1.6105256126809468,0.770219025378075,-0.118426064013661
run_00184,True,3.681971311569214,3.1238725185394287,-0.7192929381562901,0.07355182994728121,-0.8747626317450553,-0.9580036831143758,1.8787638118376246,-0.11994872224616313
run_00195,True,3.591989755630493,3.1553499698638916,1.0063044226742723,0.15036961934842852,-0.7094198313664906,0.5107493886969335,-1.581542399032099,-0.12470775993579102
run_00094,True,3.6214160919189458,3.10550856590271,-0.04223534521559035,-0.35726354280174727,0.6295763321567103,-0.4633556461909546,-0.40918162650675005,-0.1284919657116664
run_00092,True,3.65327787399292,3.138988971710205,0.9664586359795069,-0.034798362679528794,-1.1009586917325278,-0.24171628740181822,-0.252978504122227,-0.13279864199131897
run_00108,True,3.671961545944214,3.127288579940796,0.08320814222911728,0.47741574976302875,-0.5463174724392822,-0.8633389153677433,0.16700691471079987,-0.13640511622081591
run_00166,True,3.5904347896575928,3.0783140659332275,-0.4114723384471583,-1.8800116438799537,1.466268458502747,0.9241556953362089,-0.8112310701204978,-0.14245817972173078
run_00121,True,3.6570639610290527,3.1008617877960205,-1.677015850267144,0.30292117497317567,0.16963883697967036,-0.20001890506922146,0.6831694453722122,-0.14426105960226138
run_00049,True,3.6543049812316895,3.087919235229492,-1.4346530909583626,1.225709137774938,1.0607739710729718,-0.4573745552381843,-1.1441591896974987,-0.14994074540922714
run_00080,True,3.6998305320739746,3.157590866088867,1.276902175364486,1.0997162970130314,-1.2117243226754666,-1.2991181805994685,-0.6392960802481429,-0.15470402222911214
run_00096,True,3.5903358459472656,3.1804027557373047,0.9809109929874282,0.46227793767901804,-1.7488722293143875,0.3736884805136498,-0.8607927459976663,-0.15855751282639155
run_00061,True,3.628499984741211,3.154459238052368,-0.19061741189719839,0.2926047149554576,-1.3865935703457808,-0.48675599117800417,0.9431168393930842,-0.1656490838144883
run_00199,True,3.5970308780670166,3.103945016860962,-0.07026259557114538,-0.9838601782750392,0.6283845256111689,0.4264973197238257,-0.8446956559254459,-0.1687873168873272
run_00144,True,3.655858278274536,3.0961287021636963,1.0494531344655889,1.5222526918652077,0.3548268228097503,-3.6025028034166007,-0.16924735147408393,-0.16904350115002761
run_00228,True,3.605104446411133,3.150501251220703,-0.2140360122538124,0.18545824658581694,-0.33622668333014505,1.2743383351918458,-1.7600922444108569,-0.17011167164343033
run_00017,True,3.648007869720459,3.135030508041382,-0.3901241747044589,-0.09855826206639151,-0.9437746354435234,0.13637547447840725,0.4451840865403281,-0.1701795022391277
run_00137,True,3.669933557510376,3.1087307929992676,2.475767593518759,0.004337909356014495,0.6193792900062661,-2.8968427549005664,-1.1360550574416917,-0.18668260389224373
run_00100,True,3.647045612335205,3.1218059062957764,3.355739944453487,-0.011999632279779732,-0.11468562146435075,-4.795421169668146,0.6204043690247474,-0.1891924219868085
run_00014,True,3.671771287918091,3.160023927688598,-0.8052299375825078,0.9529230956529108,-1.851302455736425,-0.3295520010264497,1.0586933693691236,-0.19489358586466965
run_00012,True,3.6360104084014897,3.1529266834259033,0.06082583765475154,0.33494116546317476,-0.7275921615837476,0.34187504457387735,-0.9879737052585229,-0.19558476383009338
run_00095,True,3.5920662879943848,3.184859037399292,-1.0166340994018175,1.3139413493996852,-2.0303190741907775,0.5706397191262841,0.17387730331166543,-0.19769896035099205
run_00097,True,3.629148006439209,3.130744457244873,-1.7561958919948533,1.1698142881010787,-0.4461192438203136,-0.15398893083877735,0.15596336469442723,-0.2061052827716877
run_00149,True,3.637244462966919,3.1817920207977295,-1.6503252190720186,1.273858591933229,-1.87073232575316,1.6935594520799317,-0.5292076749974137,-0.21656943516188626
run_00215,True,3.594796657562256,3.14184832572937,-0.8777661914464214,0.37256291559215565,-0.03358980197239586,0.33274121027165726,-0.8847749638838567,-0.21816536628777222
run_00030,True,3.5841221809387207,3.1325771808624268,0.3751980065330452,-0.26770448972795413,0.5476974266460137,0.07767285413863939,-1.8290248913689386,-0.21923221875583893
run_00074,True,3.637141227722168,3.0830283164978027,-0.6410760694480351,-1.9620340300969874,1.4780253788431543,-0.6199669098750978,0.6294939851905045,-0.22311152907729231
run_00171,True,3.591905117034912,3.171436071395874,0.9061533813333943,-1.4079752325989934,-1.1658717512012677,0.7072174451809761,-0.18597019945566304,-0.22928927134831079
run_00024,True,3.647392272949219,3.095372438430786,-0.2707704914184932,-0.6532737718154715,1.585611412947963,-0.04480085722786578,-1.806189767682497,-0.23788469503927287
run_00210,True,3.598968982696533,3.2020671367645264,0.5564792614746401,0.41908948984163324,-2.1269300133430202,0.929150677679213,-0.986826295430076,-0.24180737595552199
run_00086,True,3.612360954284668,3.101628541946411,-0.9265952668850794,-0.8942974222806331,1.5602319538754268,-0.991181404398606,0.006592852040183871,-0.2490498575297416
run_00135,True,3.610048055648804,3.0966267585754395,-2.137919848886369,0.48956712837077687,1.1571039668673202,0.10203421079818126,-0.8579272622635649,-0.2494283610227311
run_00222,True,3.702998161315918,3.145313501358032,0.9360714534559219,-0.2804641678469363,-0.7956068511105859,-1.7937010124873936,0.6858339745175562,-0.24957332069428756
run_00190,True,3.6250357627868657,3.1351521015167236,0.08864079902530107,-0.8985311020541245,-0.3158762419308248,-0.36535959227361037,0.22832256645467927,-0.25256071415571585
run_00058,True,3.648123264312744,3.1062190532684326,0.1236187064943301,-0.9870629940500516,1.124248169570508,-1.1769101674166471,-0.3765866623368023,-0.2585385895477326
run_00016,True,3.630035400390625,3.084148406982422,-1.55644684434876,-0.12051427846801512,1.1053456794113339,-1.0163778146465439,0.2850011281263334,-0.26059842598513033
run_00174,True,3.666159868240357,3.1380608081817627,0.012421622146233604,-0.5644357646050084,-0.3079649100082542,-0.1896188593812141,-0.2597914038862862,-0.2618778631469058
run_00041,True,3.681119441986084,3.1226916313171387,0.4277029666915618,-0.6335446432236246,-0.31648917825921535,-1.9202547589979302,1.1305484000575072,-0.2624074427463402
run_00019,True,3.639157295227051,3.1572024822235107,1.2172803075991783,-1.5392915437320058,-0.7385343213025901,0.2743356671773807,-0.5994272442956206,-0.2771274269107315
run_00037,True,3.6010587215423584,3.1303865909576416,0.18430595260416605,0.049106403486280335,0.5095962412933471,0.2967127078157589,-2.4528899229294256,-0.28263372354597466
run_00087,True,3.702914714813232,3.1012444496154785,1.0320642045108286,-0.6219421766970736,1.0143290376455332,-2.268039456710483,-0.5844245748584167,-0.28560259322192233
run_00196,True,3.636211395263672,3.180989027023315,1.7617508008635379,-1.2838460167973054,-1.4098428079365704,-1.0748701521238184,0.5536151634662722,-0.2906386025055768
run_00048,True,3.6599280834198,3.122584819793701,-0.9658063086436075,-0.4091151919620051,0.33170459713284445,-0.4458490952012952,0.0002591252048428632,-0.29776137469384406
run_00114,True,3.687258958816528,3.176414966583252,1.2761724895241608,0.5592463245587868,-1.3315378934337148,-1.4513206724418146,-0.5798508546213089,-0.30545812128277816
run_00120,True,3.6256728172302246,3.169790029525757,-0.11029137270008847,0.9524086536916362,-1.6895669300566434,0.5261194258165556,-1.2564040886382826,-0.3155468623773645
run_00206,True,3.6524152755737305,3.1212003231048584,-0.36216833189928876,-1.0156419058032482,0.9841538240620857,-0.5240733679228052,-0.7057187287983743,-0.32468970207232617
run_00077,True,3.655011177062988,3.118683099746704,-1.1027853715827625,0.07889979762712708,0.38234310762525675,-0.4591553260734046,-0.5644786752607993,-0.3330352935329165
run_00216,True,3.6961803436279297,3.1742899417877197,1.6460333879158262,-1.0698367808075704,-2.21799993776658,-1.3950104433326316,1.2398965860415487,-0.3593834375898815
run_00115,True,3.609316349029541,3.156119585037231,-2.2458174133912934,1.822982057635477,-0.3811801141483763,0.5264541521775269,-1.5367189156212229,-0.3628560466695777
run_00164,True,3.664695501327514,3.1504688262939453,1.9454721948979083,-2.28094025943985,-0.295801072053925,-0.8892997507847699,-0.335763999995517,-0.37126657747523073
run_00111,True,3.6038994789123535,3.1835646629333496,-0.0915764349757115,0.0861005921983513,-0.9090788714019182,-0.5443663636560928,-0.3999030309754805,-0.37176482176217035
run_00106,True,3.7237679958343506,3.1310925483703613,-1.1124623658361656,-0.45740719171379973,0.33012114508958845,-0.656251281465421,0.03520619390085159,-0.37215870000498924
run_00002,True,3.68331527709961,3.15566086769104,0.054547904083060136,-0.022618667635166154,0.1529162968151056,-0.9432419673030933,-1.1290668979091039,-0.3774926663898395
run_00170,True,3.6395959854125977,3.147829532623291,-0.11795432532118329,-1.0401385823056484,-0.12595482457030685,-0.3684145162181434,-0.27246633273743226,-0.3849857162305428
run_00193,True,3.6997029781341553,3.1062252521514893,0.6971160244232402,-0.35096672095524933,0.7592786036128175,-3.649938234520102,0.5885963483014973,-0.39118279582755927
run_00022,True,3.715851306915283,3.1258652210235596,-1.3690041052827877,-0.2422975995106245,0.3185978928453094,-0.22384309261748275,-0.5184788474702174,-0.4070051504071606
run_00179,True,3.607078313827514,3.1626884937286377,-0.45379931848180244,-1.142807956406993,0.10380641590825171,0.4191632051061272,-0.962920288470149,-0.40731158846891313
run_00013,True,3.651080369949341,3.118441343307495,-1.5936849524315104,-1.2504574630931864,0.8424118059542522,-0.9563021913929171,0.8619169575277322,-0.419223168687126
run_00113,True,3.581238031387329,3.1943390369415283,0.2256282288653744,0.06376116240728592,-1.116817653715184,1.4068402604641084,-2.689578965000624,-0.4220333933958078
run_00044,True,3.651827096939087,3.1766858100891113,-0.8867307913288246,-1.6995385329078398,-1.7840636383593438,0.3242331338080276,1.8257160313612444,-0.44407675948534725
run_00032,True,3.6496639251708984,3.1204092502593994,-0.8861888853859978,-0.7369480750532995,1.4558850410364486,-1.126040649695059,-0.9851300618828776,-0.45568452619615707
run_00042,True,3.685366153717041,3.128117084503174,-0.7686031194135766,-0.0338837713515109,0.5656094675074494,-0.9087612199283593,-1.21214594390388,-0.47155691741797545
run_00043,True,3.640793800354004,3.1340956687927246,-1.6167129350183842,-1.6535465616806944,0.3374956558415066,1.0309495734624439,-0.5037676057341155,-0.4811163746258488
run_00136,True,3.6541097164154057,3.2283546924591064,-0.2691120194653249,0.7899923065099239,-3.207889571964242,-0.46577817617986844,0.7438694507345471,-0.48178360207299287
run_00175,True,3.677746295928955,3.14113187789917,-0.6278360528753429,-0.5871922147223231,0.6644371394466007,-1.2844051176530278,-0.5820687008529828,-0.48341298933141524
run_00153,True,3.680070638656616,3.1685752868652344,0.4943116192029715,-0.5100942752504649,-0.6715516861501805,-0.6206499460920539,-1.1363185976654566,-0.48886057719103687
run_00031,True,3.706921100616455,3.1548855304718018,0.20799511073022123,-1.8553629834413812,-0.9488716435353212,-1.0868294460023873,1.175186201871973,-0.5015765520753791
run_00234,True,3.599116325378418,3.1905810832977295,0.8688441544812947,-0.33109487852310665,-1.1526910519958753,0.8131385492536423,-2.718368347932598,-0.5040343149433286
run_00140,True,3.6814332008361816,3.1487085819244385,-0.48518548056061045,-0.7169642510686243,0.4873963035867413,-0.21247971138863309,-1.6419635178247212,-0.5138393314511696
run_00038,True,3.634962558746338,3.1643974781036377,-0.2977240569791081,0.027247548146616896,-0.35270401182228106,-1.0616806146757152,-0.9546091058980417,-0.5278940482457057
run_00085,True,3.673547744750977,3.1244633197784424,-1.15793421884519,-1.7265111754853362,1.7822257883856991,-0.32070561473796366,-1.2272213777540533,-0.5300293196873687
run_00099,True,3.6323561668396,3.258974075317383,-0.48639261419807145,1.832274887375982,-2.726157247324002,-8.388553160004183e-05,-1.2855118610763943,-0.5331741441508171
run_00011,True,3.6813833713531494,3.1463191509246826,-1.2033580164318718,0.07987657137329456,-0.0076947890321416666,-1.8553871845961303,0.2563009124070759,-0.5460525012559546
run_00209,True,3.6989166736602783,3.171489715576172,-0.5982898296136845,0.15245927559241956,-0.6198021734194334,-1.0432162138563237,-0.7258908094216932,-0.5669479501437429
run_00055,True,3.660812139511109,3.258197784423828,0.16228820528540813,0.6191613427291346,-3.112207591380996,0.2252826482647746,-0.7635304259021576,-0.5738011642007672
run_00009,True,3.668299674987793,3.1498374938964844,-1.2235340776039254,-0.47440549914721464,-0.4541364239833966,-0.670957114547761,-0.10826264909438635,-0.5862591528753368
run_00067,True,3.649991035461426,3.181018352508545,0.9628328293393711,-1.285488488918989,-1.0238673004734333,-0.9757307073986184,-0.6176379237550887,-0.5879783182413517
run_00053,True,3.6678919792175297,3.103113174438477,-2.7971933559993922,-0.9332279857995867,2.304925099265039,-0.9742880695108889,-0.626453437356312,-0.6052475498802281
run_00005,True,3.715003967285156,3.1721973419189453,-0.4860131648109096,-1.2217463430170439,-1.0989048015042469,-0.3349352925128705,0.11174797252893097,-0.605970325863228
run_00035,True,3.747121334075928,3.1819472312927246,-1.8055547806153993,-0.17625322851910208,-0.46065747540807545,-1.5343133597653709,0.5130576566200642,-0.6927442375375767
run_00007,True,3.6980462074279785,3.147302627563477,-0.4197341673854302,-2.002855057689938,0.4713082756211244,-0.6826231314094926,-0.9646824768547678,-0.7197173115437009
run_00148,True,3.709055185317993,3.228902816772461,-0.3634668595710688,0.8173841880892644,-1.5491765521647693,-0.4728937586213963,-2.096878932790676,-0.7330063830117293
run_00208,True,3.715287685394287,3.165478467941284,-1.3149859226328162,-1.5722149996230397,-0.5693514076179816,-1.5050021146491679,1.1906750780136939,-0.7541758733018623
run_00029,True,3.707676887512207,3.14789080619812,-2.369767091951643,-1.5327962115993752,0.8968425912700131,-1.0873690635983104,0.2622766065258149,-0.7661626338707002
run_00036,True,3.6826891899108887,3.205867290496826,0.517404896674974,-2.4320074414776234,-0.7925795090165589,-0.18012850308100528,-1.012451056720018,-0.7799523227240462
run_00122,True,3.6914024353027344,3.2077620029449463,0.5534841599311835,-0.7052850965350369,-1.0024270614072432,-1.3107725898211182,-1.6311034298025795,-0.8192208035269589
run_00057,True,3.646605968475342,3.2533929347991943,-0.409367041800839,-0.7039664601636876,-2.260004476806042,0.7884922929085106,-1.633360433266469,-0.8436412238257056
run_00134,True,3.710464000701904,3.13953161239624,-2.281513385418894,-2.3506618903062977,1.4293501186662247,0.27455327335704055,-1.2979064437511225,-0.8452356654906099
run_00004,True,3.7227492332458496,3.2021267414093018,-1.9281424702226129,-0.004805247313738137,-0.503028089787249,-0.28060052631309335,-1.6914396125407007,-0.8816031892354788
run_00023,True,3.68631649017334,3.2284586429595947,-2.5739795927023277,0.5962330141463257,-0.8552775730130678,-0.9098928752095259,-1.0523461027159335,-0.9590526258989058
run_00065,True,3.706116199493408,3.2234556674957275,0.4184639625215108,-0.06016775443665123,-1.4991026578733868,-1.968250830568521,-1.7549005083744877,-0.9727915577463072
run_00109,True,3.709184169769287,3.197550058364868,-2.041105810048438,-1.2190934197258267,-0.5208739778192935,-0.44711078011773386,-0.8453091708953908,-1.0146986317213365
run_00003,True,3.708796739578247,3.213406801223755,-2.4096563679332887,-0.1172122614480922,0.005363854744668439,-1.0280660503371402,-2.0102172977654527,-1.1119576245478613
