timestamp, name, uuid, pstate, clocks.current.graphics [MHz], clocks.current.sm [MHz], power.draw [W], power.limit [W], utilization.gpu [%], utilization.memory [%]
2026/08/09 11:01:42.011, NVIDIA GB200, GPU-a1dac3f0-65b2-2567-26c1-a0951f6bfe4f, P0, 1950 MHz, 1950 MHz, 184.77 W, 1200.00 W, 1 %, 0 %
2026/08/09 11:01:42.114, NVIDIA GB200, GPU-a1dac3f0-65b2-2567-26c1-a0951f6bfe4f, P0, 1950 MHz, 1950 MHz, 191.50 W, 1200.00 W, 1 %, 0 %
2026/08/09 11:01:42.214, NVIDIA GB200, GPU-a1dac3f0-65b2-2567-26c1-a0951f6bfe4f, P0, 1950 MHz, 1950 MHz, 196.42 W, 1200.00 W, 0 %, 0 %
2026/08/09 11:01:42.315, NVIDIA GB200, GPU-a1dac3f0-65b2-2567-26c1-a0951f6bfe4f, P0, 1950 MHz, 1950 MHz, 202.32 W, 1200.00 W, 0 %, 0 %
2026/08/09 11:01:42.415, NVIDIA GB200, GPU-a1dac3f0-65b2-2567-26c1-a0951f6bfe4f, P0, 1950 MHz, 1950 MHz, 208.15 W, 1200.00 W, 0 %, 0 %
2026/08/09 11:01:42.515, NVIDIA GB200, GPU-a1dac3f0-65b2-2567-26c1-a0951f6bfe4f, P0, 1950 MHz, 1950 MHz, 212.84 W, 1200.00 W, 0 %, 0 %
2026/08/09 11:01:42.616, NVIDIA GB200, GPU-a1dac3f0-65b2-2567-26c1-a0951f6bfe4f, P0, 1950 MHz, 1950 MHz, 212.64 W, 1200.00 W, 0 %, 0 %
2026/08/09 11:01:42.716, NVIDIA GB200, GPU-a1dac3f0-65b2-2567-26c1-a0951f6bfe4f, P0, 1950 MHz, 1950 MHz, 212.64 W, 1200.00 W, 0 %, 0 %
2026/08/09 11:01:42.817, NVIDIA GB200, GPU-a1dac3f0-65b2-2567-26c1-a0951f6bfe4f, P0, 1950 MHz, 1950 MHz, 212.71 W, 1200.00 W, 0 %, 0 %
2026/08/09 11:01:42.917, NVIDIA GB200, GPU-a1dac3f0-65b2-2567-26c1-a0951f6bfe4f, P0, 1950 MHz, 1950 MHz, 212.91 W, 1200.00 W, 0 %, 0 %
2026/08/09 11:01:43.017, NVIDIA GB200, GPU-a1dac3f0-65b2-2567-26c1-a0951f6bfe4f, P0, 1950 MHz, 1950 MHz, 212.94 W, 1200.00 W, 0 %, 0 %
2026/08/09 11:01:43.117, NVIDIA GB200, GPU-a1dac3f0-65b2-2567-26c1-a0951f6bfe4f, P0, 1950 MHz, 1950 MHz, 212.86 W, 1200.00 W, 0 %, 0 %
2026/08/09 11:01:43.218, NVIDIA GB200, GPU-a1dac3f0-65b2-2567-26c1-a0951f6bfe4f, P0, 1950 MHz, 1950 MHz, 213.07 W, 1200.00 W, 0 %, 0 %
2026/08/09 11:01:43.318, NVIDIA GB200, GPU-a1dac3f0-65b2-2567-26c1-a0951f6bfe4f, P0, 1950 MHz, 1950 MHz, 213.11 W, 1200.00 W, 0 %, 0 %
2026/08/09 11:01:43.418, NVIDIA GB200, GPU-a1dac3f0-65b2-2567-26c1-a0951f6bfe4f, P0, 1950 MHz, 1950 MHz, 213.09 W, 1200.00 W, 0 %, 0 %
2026/08/09 11:01:43.519, NVIDIA GB200, GPU-a1dac3f0-65b2-2567-26c1-a0951f6bfe4f, P0, 1950 MHz, 1950 MHz, 213.24 W, 1200.00 W, 0 %, 0 %
2026/08/09 11:01:43.619, NVIDIA GB200, GPU-a1dac3f0-65b2-2567-26c1-a0951f6bfe4f, P0, 1950 MHz, 1950 MHz, 213.47 W, 1200.00 W, 0 %, 0 %
2026/08/09 11:01:43.719, NVIDIA GB200, GPU-a1dac3f0-65b2-2567-26c1-a0951f6bfe4f, P0, 1950 MHz, 1950 MHz, 213.54 W, 1200.00 W, 0 %, 0 %
2026/08/09 11:01:43.820, NVIDIA GB200, GPU-a1dac3f0-65b2-2567-26c1-a0951f6bfe4f, P0, 405 MHz, 405 MHz, 211.10 W, 1200.00 W, 0 %, 0 %
2026/08/09 11:01:43.920, NVIDIA GB200, GPU-a1dac3f0-65b2-2567-26c1-a0951f6bfe4f, P0, 405 MHz, 405 MHz, 205.57 W, 1200.00 W, 0 %, 0 %
2026/08/09 11:01:44.021, NVIDIA GB200, GPU-a1dac3f0-65b2-2567-26c1-a0951f6bfe4f, P0, 367 MHz, 367 MHz, 199.67 W, 1200.00 W, 0 %, 0 %
2026/08/09 11:01:44.121, NVIDIA GB200, GPU-a1dac3f0-65b2-2567-26c1-a0951f6bfe4f, P0, 367 MHz, 367 MHz, 194.02 W, 1200.00 W, 0 %, 0 %
2026/08/09 11:01:44.222, NVIDIA GB200, GPU-a1dac3f0-65b2-2567-26c1-a0951f6bfe4f, P0, 337 MHz, 337 MHz, 188.74 W, 1200.00 W, 0 %, 0 %
2026/08/09 11:01:44.322, NVIDIA GB200, GPU-a1dac3f0-65b2-2567-26c1-a0951f6bfe4f, P0, 337 MHz, 337 MHz, 182.66 W, 1200.00 W, 0 %, 0 %
2026/08/09 11:01:44.422, NVIDIA GB200, GPU-a1dac3f0-65b2-2567-26c1-a0951f6bfe4f, P0, 307 MHz, 307 MHz, 176.94 W, 1200.00 W, 0 %, 0 %
2026/08/09 11:01:44.523, NVIDIA GB200, GPU-a1dac3f0-65b2-2567-26c1-a0951f6bfe4f, P0, 307 MHz, 307 MHz, 170.99 W, 1200.00 W, 0 %, 0 %
2026/08/09 11:01:44.623, NVIDIA GB200, GPU-a1dac3f0-65b2-2567-26c1-a0951f6bfe4f, P0, 277 MHz, 277 MHz, 165.04 W, 1200.00 W, 0 %, 0 %
2026/08/09 11:01:44.724, NVIDIA GB200, GPU-a1dac3f0-65b2-2567-26c1-a0951f6bfe4f, P0, 277 MHz, 277 MHz, 159.17 W, 1200.00 W, 0 %, 0 %
2026/08/09 11:01:44.824, NVIDIA GB200, GPU-a1dac3f0-65b2-2567-26c1-a0951f6bfe4f, P0, 255 MHz, 255 MHz, 155.83 W, 1200.00 W, 0 %, 0 %
2026/08/09 11:01:44.924, NVIDIA GB200, GPU-a1dac3f0-65b2-2567-26c1-a0951f6bfe4f, P0, 255 MHz, 255 MHz, 155.42 W, 1200.00 W, 0 %, 0 %
2026/08/09 11:01:45.025, NVIDIA GB200, GPU-a1dac3f0-65b2-2567-26c1-a0951f6bfe4f, P0, 232 MHz, 232 MHz, 155.08 W, 1200.00 W, 0 %, 0 %
2026/08/09 11:01:45.125, NVIDIA GB200, GPU-a1dac3f0-65b2-2567-26c1-a0951f6bfe4f, P0, 232 MHz, 232 MHz, 154.78 W, 1200.00 W, 0 %, 0 %
2026/08/09 11:01:45.226, NVIDIA GB200, GPU-a1dac3f0-65b2-2567-26c1-a0951f6bfe4f, P0, 210 MHz, 210 MHz, 154.43 W, 1200.00 W, 0 %, 0 %
2026/08/09 11:01:45.326, NVIDIA GB200, GPU-a1dac3f0-65b2-2567-26c1-a0951f6bfe4f, P0, 210 MHz, 210 MHz, 154.10 W, 1200.00 W, 0 %, 0 %
2026/08/09 11:01:45.427, NVIDIA GB200, GPU-a1dac3f0-65b2-2567-26c1-a0951f6bfe4f, P0, 195 MHz, 195 MHz, 153.88 W, 1200.00 W, 0 %, 0 %
2026/08/09 11:01:45.527, NVIDIA GB200, GPU-a1dac3f0-65b2-2567-26c1-a0951f6bfe4f, P0, 195 MHz, 195 MHz, 153.73 W, 1200.00 W, 0 %, 0 %
2026/08/09 11:01:45.627, NVIDIA GB200, GPU-a1dac3f0-65b2-2567-26c1-a0951f6bfe4f, P0, 180 MHz, 180 MHz, 153.58 W, 1200.00 W, 0 %, 0 %
2026/08/09 11:01:45.728, NVIDIA GB200, GPU-a1dac3f0-65b2-2567-26c1-a0951f6bfe4f, P0, 180 MHz, 180 MHz, 153.43 W, 1200.00 W, 0 %, 0 %
2026/08/09 11:01:45.828, NVIDIA GB200, GPU-a1dac3f0-65b2-2567-26c1-a0951f6bfe4f, P0, 165 MHz, 165 MHz, 153.28 W, 1200.00 W, 0 %, 0 %
2026/08/09 11:01:45.929, NVIDIA GB200, GPU-a1dac3f0-65b2-2567-26c1-a0951f6bfe4f, P0, 165 MHz, 165 MHz, 153.28 W, 1200.00 W, 0 %, 0 %
2026/08/09 11:01:46.029, NVIDIA GB200, GPU-a1dac3f0-65b2-2567-26c1-a0951f6bfe4f, P0, 150 MHz, 150 MHz, 153.35 W, 1200.00 W, 0 %, 0 %
2026/08/09 11:01:46.130, NVIDIA GB200, GPU-a1dac3f0-65b2-2567-26c1-a0951f6bfe4f, P0, 150 MHz, 150 MHz, 153.35 W, 1200.00 W, 0 %, 0 %
2026/08/09 11:01:46.230, NVIDIA GB200, GPU-a1dac3f0-65b2-2567-26c1-a0951f6bfe4f, P0, 135 MHz, 135 MHz, 153.35 W, 1200.00 W, 0 %, 0 %
2026/08/09 11:01:46.331, NVIDIA GB200, GPU-a1dac3f0-65b2-2567-26c1-a0951f6bfe4f, P0, 135 MHz, 135 MHz, 153.28 W, 1200.00 W, 0 %, 0 %
2026/08/09 11:01:46.431, NVIDIA GB200, GPU-a1dac3f0-65b2-2567-26c1-a0951f6bfe4f, P0, 120 MHz, 120 MHz, 153.05 W, 1200.00 W, 0 %, 0 %
2026/08/09 11:01:46.532, NVIDIA GB200, GPU-a1dac3f0-65b2-2567-26c1-a0951f6bfe4f, P0, 120 MHz, 120 MHz, 152.81 W, 1200.00 W, 0 %, 0 %
2026/08/09 11:01:46.632, NVIDIA GB200, GPU-a1dac3f0-65b2-2567-26c1-a0951f6bfe4f, P0, 120 MHz, 120 MHz, 152.59 W, 1200.00 W, 0 %, 0 %
2026/08/09 11:01:46.733, NVIDIA GB200, GPU-a1dac3f0-65b2-2567-26c1-a0951f6bfe4f, P0, 120 MHz, 120 MHz, 152.60 W, 1200.00 W, 0 %, 0 %
2026/08/09 11:01:46.834, NVIDIA GB200, GPU-a1dac3f0-65b2-2567-26c1-a0951f6bfe4f, P0, 120 MHz, 120 MHz, 152.60 W, 1200.00 W, 0 %, 0 %
2026/08/09 11:01:46.942, NVIDIA GB200, GPU-a1dac3f0-65b2-2567-26c1-a0951f6bfe4f, P0, 120 MHz, 120 MHz, 152.51 W, 1200.00 W, 0 %, 0 %
2026/08/09 11:01:47.042, NVIDIA GB200, GPU-a1dac3f0-65b2-2567-26c1-a0951f6bfe4f, P0, 120 MHz, 120 MHz, 152.44 W, 1200.00 W, 0 %, 0 %
2026/08/09 11:01:47.143, NVIDIA GB200, GPU-a1dac3f0-65b2-2567-26c1-a0951f6bfe4f, P0, 120 MHz, 120 MHz, 152.44 W, 1200.00 W, 0 %, 0 %
2026/08/09 11:01:47.243, NVIDIA GB200, GPU-a1dac3f0-65b2-2567-26c1-a0951f6bfe4f, P0, 120 MHz, 120 MHz, 152.29 W, 1200.00 W, 0 %, 0 %
2026/08/09 11:01:47.344, NVIDIA GB200, GPU-a1dac3f0-65b2-2567-26c1-a0951f6bfe4f, P0, 120 MHz, 120 MHz, 152.30 W, 1200.00 W, 0 %, 0 %
2026/08/09 11:01:47.444, NVIDIA GB200, GPU-a1dac3f0-65b2-2567-26c1-a0951f6bfe4f, P0, 120 MHz, 120 MHz, 152.52 W, 1200.00 W, 0 %, 0 %
2026/08/09 11:01:47.545, NVIDIA GB200, GPU-a1dac3f0-65b2-2567-26c1-a0951f6bfe4f, P0, 120 MHz, 120 MHz, 152.61 W, 1200.00 W, 0 %, 0 %
2026/08/09 11:01:47.645, NVIDIA GB200, GPU-a1dac3f0-65b2-2567-26c1-a0951f6bfe4f, P0, 120 MHz, 120 MHz, 152.76 W, 1200.00 W, 0 %, 0 %
2026/08/09 11:01:47.746, NVIDIA GB200, GPU-a1dac3f0-65b2-2567-26c1-a0951f6bfe4f, P0, 120 MHz, 120 MHz, 152.67 W, 1200.00 W, 0 %, 0 %
2026/08/09 11:01:47.846, NVIDIA GB200, GPU-a1dac3f0-65b2-2567-26c1-a0951f6bfe4f, P0, 120 MHz, 120 MHz, 152.44 W, 1200.00 W, 0 %, 0 %
2026/08/09 11:01:47.947, NVIDIA GB200, GPU-a1dac3f0-65b2-2567-26c1-a0951f6bfe4f, P0, 120 MHz, 120 MHz, 152.53 W, 1200.00 W, 0 %, 0 %
2026/08/09 11:01:48.047, NVIDIA GB200, GPU-a1dac3f0-65b2-2567-26c1-a0951f6bfe4f, P0, 120 MHz, 120 MHz, 152.54 W, 1200.00 W, 0 %, 0 %
2026/08/09 11:01:48.148, NVIDIA GB200, GPU-a1dac3f0-65b2-2567-26c1-a0951f6bfe4f, P0, 120 MHz, 120 MHz, 152.53 W, 1200.00 W, 0 %, 0 %
2026/08/09 11:01:48.248, NVIDIA GB200, GPU-a1dac3f0-65b2-2567-26c1-a0951f6bfe4f, P0, 120 MHz, 120 MHz, 152.54 W, 1200.00 W, 0 %, 0 %
2026/08/09 11:01:48.349, NVIDIA GB200, GPU-a1dac3f0-65b2-2567-26c1-a0951f6bfe4f, P0, 120 MHz, 120 MHz, 152.45 W, 1200.00 W, 0 %, 0 %
2026/08/09 11:01:48.449, NVIDIA GB200, GPU-a1dac3f0-65b2-2567-26c1-a0951f6bfe4f, P0, 120 MHz, 120 MHz, 152.22 W, 1200.00 W, 0 %, 0 %
2026/08/09 11:01:48.550, NVIDIA GB200, GPU-a1dac3f0-65b2-2567-26c1-a0951f6bfe4f, P0, 120 MHz, 120 MHz, 152.07 W, 1200.00 W, 0 %, 0 %
2026/08/09 11:01:48.650, NVIDIA GB200, GPU-a1dac3f0-65b2-2567-26c1-a0951f6bfe4f, P0, 120 MHz, 120 MHz, 152.17 W, 1200.00 W, 0 %, 0 %
2026/08/09 11:01:48.751, NVIDIA GB200, GPU-a1dac3f0-65b2-2567-26c1-a0951f6bfe4f, P0, 120 MHz, 120 MHz, 152.24 W, 1200.00 W, 0 %, 0 %
2026/08/09 11:01:48.852, NVIDIA GB200, GPU-a1dac3f0-65b2-2567-26c1-a0951f6bfe4f, P0, 120 MHz, 120 MHz, 152.47 W, 1200.00 W, 0 %, 0 %
2026/08/09 11:01:48.952, NVIDIA GB200, GPU-a1dac3f0-65b2-2567-26c1-a0951f6bfe4f, P0, 120 MHz, 120 MHz, 152.30 W, 1200.00 W, 0 %, 0 %
2026/08/09 11:01:49.053, NVIDIA GB200, GPU-a1dac3f0-65b2-2567-26c1-a0951f6bfe4f, P0, 120 MHz, 120 MHz, 152.31 W, 1200.00 W, 0 %, 0 %
2026/08/09 11:01:49.153, NVIDIA GB200, GPU-a1dac3f0-65b2-2567-26c1-a0951f6bfe4f, P0, 120 MHz, 120 MHz, 152.23 W, 1200.00 W, 0 %, 0 %
2026/08/09 11:01:49.254, NVIDIA GB200, GPU-a1dac3f0-65b2-2567-26c1-a0951f6bfe4f, P0, 120 MHz, 120 MHz, 152.29 W, 1200.00 W, 0 %, 0 %
2026/08/09 11:01:49.354, NVIDIA GB200, GPU-a1dac3f0-65b2-2567-26c1-a0951f6bfe4f, P0, 120 MHz, 120 MHz, 152.44 W, 1200.00 W, 0 %, 0 %
2026/08/09 11:01:49.455, NVIDIA GB200, GPU-a1dac3f0-65b2-2567-26c1-a0951f6bfe4f, P0, 120 MHz, 120 MHz, 152.61 W, 1200.00 W, 0 %, 0 %
2026/08/09 11:01:49.592, NVIDIA GB200, GPU-a1dac3f0-65b2-2567-26c1-a0951f6bfe4f, P0, 1440 MHz, 1440 MHz, 152.90 W, 1200.00 W, 0 %, 0 %
2026/08/09 11:01:49.695, NVIDIA GB200, GPU-a1dac3f0-65b2-2567-26c1-a0951f6bfe4f, P0, 1440 MHz, 1440 MHz, 158.70 W, 1200.00 W, 0 %, 0 %
2026/08/09 11:01:49.795, NVIDIA GB200, GPU-a1dac3f0-65b2-2567-26c1-a0951f6bfe4f, P0, 1440 MHz, 1440 MHz, 162.26 W, 1200.00 W, 0 %, 0 %
2026/08/09 11:01:49.895, NVIDIA GB200, GPU-a1dac3f0-65b2-2567-26c1-a0951f6bfe4f, P0, 1440 MHz, 1440 MHz, 166.16 W, 1200.00 W, 0 %, 0 %
2026/08/09 11:01:49.996, NVIDIA GB200, GPU-a1dac3f0-65b2-2567-26c1-a0951f6bfe4f, P0, 1440 MHz, 1440 MHz, 169.90 W, 1200.00 W, 0 %, 0 %
2026/08/09 11:01:50.096, NVIDIA GB200, GPU-a1dac3f0-65b2-2567-26c1-a0951f6bfe4f, P0, 1440 MHz, 1440 MHz, 173.57 W, 1200.00 W, 0 %, 0 %
2026/08/09 11:01:50.196, NVIDIA GB200, GPU-a1dac3f0-65b2-2567-26c1-a0951f6bfe4f, P0, 1440 MHz, 1440 MHz, 177.16 W, 1200.00 W, 0 %, 0 %
2026/08/09 11:01:50.297, NVIDIA GB200, GPU-a1dac3f0-65b2-2567-26c1-a0951f6bfe4f, P0, 1440 MHz, 1440 MHz, 180.68 W, 1200.00 W, 0 %, 0 %
2026/08/09 11:01:50.397, NVIDIA GB200, GPU-a1dac3f0-65b2-2567-26c1-a0951f6bfe4f, P0, 1440 MHz, 1440 MHz, 184.42 W, 1200.00 W, 0 %, 0 %
2026/08/09 11:01:50.498, NVIDIA GB200, GPU-a1dac3f0-65b2-2567-26c1-a0951f6bfe4f, P0, 1440 MHz, 1440 MHz, 188.17 W, 1200.00 W, 0 %, 0 %
2026/08/09 11:01:50.598, NVIDIA GB200, GPU-a1dac3f0-65b2-2567-26c1-a0951f6bfe4f, P0, 1440 MHz, 1440 MHz, 190.62 W, 1200.00 W, 0 %, 0 %
2026/08/09 11:01:50.698, NVIDIA GB200, GPU-a1dac3f0-65b2-2567-26c1-a0951f6bfe4f, P0, 1440 MHz, 1440 MHz, 190.70 W, 1200.00 W, 0 %, 0 %
2026/08/09 11:01:50.799, NVIDIA GB200, GPU-a1dac3f0-65b2-2567-26c1-a0951f6bfe4f, P0, 1440 MHz, 1440 MHz, 190.86 W, 1200.00 W, 0 %, 0 %
2026/08/09 11:01:50.899, NVIDIA GB200, GPU-a1dac3f0-65b2-2567-26c1-a0951f6bfe4f, P0, 1440 MHz, 1440 MHz, 190.79 W, 1200.00 W, 0 %, 0 %
2026/08/09 11:01:50.999, NVIDIA GB200, GPU-a1dac3f0-65b2-2567-26c1-a0951f6bfe4f, P0, 1440 MHz, 1440 MHz, 190.78 W, 1200.00 W, 0 %, 0 %
2026/08/09 11:01:51.102, NVIDIA GB200, GPU-a1dac3f0-65b2-2567-26c1-a0951f6bfe4f, P0, 1950 MHz, 1950 MHz, 191.39 W, 1200.00 W, 0 %, 0 %
2026/08/09 11:01:51.203, NVIDIA GB200, GPU-a1dac3f0-65b2-2567-26c1-a0951f6bfe4f, P0, 1950 MHz, 1950 MHz, 193.86 W, 1200.00 W, 0 %, 0 %
2026/08/09 11:01:51.303, NVIDIA GB200, GPU-a1dac3f0-65b2-2567-26c1-a0951f6bfe4f, P0, 1950 MHz, 1950 MHz, 196.25 W, 1200.00 W, 0 %, 0 %
2026/08/09 11:01:51.404, NVIDIA GB200, GPU-a1dac3f0-65b2-2567-26c1-a0951f6bfe4f, P0, 1950 MHz, 1950 MHz, 198.56 W, 1200.00 W, 0 %, 0 %
2026/08/09 11:01:51.507, NVIDIA GB200, GPU-a1dac3f0-65b2-2567-26c1-a0951f6bfe4f, P0, 1950 MHz, 1950 MHz, 200.76 W, 1200.00 W, 0 %, 0 %
2026/08/09 11:01:51.607, NVIDIA GB200, GPU-a1dac3f0-65b2-2567-26c1-a0951f6bfe4f, P0, 1950 MHz, 1950 MHz, 202.74 W, 1200.00 W, 0 %, 0 %
2026/08/09 11:01:51.707, NVIDIA GB200, GPU-a1dac3f0-65b2-2567-26c1-a0951f6bfe4f, P0, 1950 MHz, 1950 MHz, 204.83 W, 1200.00 W, 0 %, 0 %
2026/08/09 11:01:51.808, NVIDIA GB200, GPU-a1dac3f0-65b2-2567-26c1-a0951f6bfe4f, P0, 1950 MHz, 1950 MHz, 207.07 W, 1200.00 W, 0 %, 0 %
2026/08/09 11:01:51.908, NVIDIA GB200, GPU-a1dac3f0-65b2-2567-26c1-a0951f6bfe4f, P0, 1950 MHz, 1950 MHz, 209.66 W, 1200.00 W, 0 %, 0 %
2026/08/09 11:01:52.009, NVIDIA GB200, GPU-a1dac3f0-65b2-2567-26c1-a0951f6bfe4f, P0, 1950 MHz, 1950 MHz, 211.32 W, 1200.00 W, 0 %, 0 %
2026/08/09 11:01:52.109, NVIDIA GB200, GPU-a1dac3f0-65b2-2567-26c1-a0951f6bfe4f, P0, 1950 MHz, 1950 MHz, 213.39 W, 1200.00 W, 0 %, 0 %
2026/08/09 11:01:52.209, NVIDIA GB200, GPU-a1dac3f0-65b2-2567-26c1-a0951f6bfe4f, P0, 1950 MHz, 1950 MHz, 213.24 W, 1200.00 W, 0 %, 0 %
2026/08/09 11:01:52.310, NVIDIA GB200, GPU-a1dac3f0-65b2-2567-26c1-a0951f6bfe4f, P0, 1950 MHz, 1950 MHz, 213.01 W, 1200.00 W, 0 %, 0 %
2026/08/09 11:01:52.410, NVIDIA GB200, GPU-a1dac3f0-65b2-2567-26c1-a0951f6bfe4f, P0, 1950 MHz, 1950 MHz, 212.78 W, 1200.00 W, 0 %, 0 %
2026/08/09 11:01:52.511, NVIDIA GB200, GPU-a1dac3f0-65b2-2567-26c1-a0951f6bfe4f, P0, 1950 MHz, 1950 MHz, 212.96 W, 1200.00 W, 0 %, 0 %
2026/08/09 11:01:52.611, NVIDIA GB200, GPU-a1dac3f0-65b2-2567-26c1-a0951f6bfe4f, P0, 1950 MHz, 1950 MHz, 213.11 W, 1200.00 W, 0 %, 0 %
2026/08/09 11:01:52.711, NVIDIA GB200, GPU-a1dac3f0-65b2-2567-26c1-a0951f6bfe4f, P0, 1950 MHz, 1950 MHz, 213.18 W, 1200.00 W, 0 %, 0 %
2026/08/09 11:01:52.812, NVIDIA GB200, GPU-a1dac3f0-65b2-2567-26c1-a0951f6bfe4f, P0, 1950 MHz, 1950 MHz, 213.18 W, 1200.00 W, 0 %, 0 %
2026/08/09 11:01:52.912, NVIDIA GB200, GPU-a1dac3f0-65b2-2567-26c1-a0951f6bfe4f, P0, 1950 MHz, 1950 MHz, 213.16 W, 1200.00 W, 0 %, 0 %
2026/08/09 11:01:53.012, NVIDIA GB200, GPU-a1dac3f0-65b2-2567-26c1-a0951f6bfe4f, P0, 1950 MHz, 1950 MHz, 213.19 W, 1200.00 W, 0 %, 0 %
2026/08/09 11:01:53.113, NVIDIA GB200, GPU-a1dac3f0-65b2-2567-26c1-a0951f6bfe4f, P0, 1950 MHz, 1950 MHz, 213.42 W, 1200.00 W, 0 %, 0 %
2026/08/09 11:01:53.213, NVIDIA GB200, GPU-a1dac3f0-65b2-2567-26c1-a0951f6bfe4f, P0, 1950 MHz, 1950 MHz, 213.49 W, 1200.00 W, 0 %, 0 %
2026/08/09 11:01:53.313, NVIDIA GB200, GPU-a1dac3f0-65b2-2567-26c1-a0951f6bfe4f, P0, 1950 MHz, 1950 MHz, 213.49 W, 1200.00 W, 0 %, 0 %
2026/08/09 11:01:53.414, NVIDIA GB200, GPU-a1dac3f0-65b2-2567-26c1-a0951f6bfe4f, P0, 1950 MHz, 1950 MHz, 213.64 W, 1200.00 W, 0 %, 0 %
2026/08/09 11:01:53.514, NVIDIA GB200, GPU-a1dac3f0-65b2-2567-26c1-a0951f6bfe4f, P0, 1950 MHz, 1950 MHz, 213.47 W, 1200.00 W, 0 %, 0 %
2026/08/09 11:01:53.615, NVIDIA GB200, GPU-a1dac3f0-65b2-2567-26c1-a0951f6bfe4f, P0, 1950 MHz, 1950 MHz, 213.47 W, 1200.00 W, 0 %, 0 %
2026/08/09 11:01:53.715, NVIDIA GB200, GPU-a1dac3f0-65b2-2567-26c1-a0951f6bfe4f, P0, 1950 MHz, 1950 MHz, 213.40 W, 1200.00 W, 0 %, 0 %
2026/08/09 11:01:53.815, NVIDIA GB200, GPU-a1dac3f0-65b2-2567-26c1-a0951f6bfe4f, P0, 1950 MHz, 1950 MHz, 213.49 W, 1200.00 W, 0 %, 0 %
2026/08/09 11:01:53.916, NVIDIA GB200, GPU-a1dac3f0-65b2-2567-26c1-a0951f6bfe4f, P0, 1950 MHz, 1950 MHz, 213.56 W, 1200.00 W, 0 %, 0 %
2026/08/09 11:01:54.016, NVIDIA GB200, GPU-a1dac3f0-65b2-2567-26c1-a0951f6bfe4f, P0, 1950 MHz, 1950 MHz, 213.71 W, 1200.00 W, 0 %, 0 %
2026/08/09 11:01:54.116, NVIDIA GB200, GPU-a1dac3f0-65b2-2567-26c1-a0951f6bfe4f, P0, 1950 MHz, 1950 MHz, 213.63 W, 1200.00 W, 0 %, 0 %
2026/08/09 11:01:54.217, NVIDIA GB200, GPU-a1dac3f0-65b2-2567-26c1-a0951f6bfe4f, P0, 1950 MHz, 1950 MHz, 213.48 W, 1200.00 W, 0 %, 0 %
2026/08/09 11:01:54.317, NVIDIA GB200, GPU-a1dac3f0-65b2-2567-26c1-a0951f6bfe4f, P0, 1950 MHz, 1950 MHz, 213.78 W, 1200.00 W, 0 %, 0 %
2026/08/09 11:01:54.418, NVIDIA GB200, GPU-a1dac3f0-65b2-2567-26c1-a0951f6bfe4f, P0, 1950 MHz, 1950 MHz, 213.78 W, 1200.00 W, 0 %, 0 %
2026/08/09 11:01:54.518, NVIDIA GB200, GPU-a1dac3f0-65b2-2567-26c1-a0951f6bfe4f, P0, 1950 MHz, 1950 MHz, 213.94 W, 1200.00 W, 0 %, 0 %
2026/08/09 11:01:54.618, NVIDIA GB200, GPU-a1dac3f0-65b2-2567-26c1-a0951f6bfe4f, P0, 1950 MHz, 1950 MHz, 213.86 W, 1200.00 W, 0 %, 0 %
2026/08/09 11:01:54.719, NVIDIA GB200, GPU-a1dac3f0-65b2-2567-26c1-a0951f6bfe4f, P0, 1950 MHz, 1950 MHz, 213.86 W, 1200.00 W, 0 %, 0 %
2026/08/09 11:01:54.819, NVIDIA GB200, GPU-a1dac3f0-65b2-2567-26c1-a0951f6bfe4f, P0, 1950 MHz, 1950 MHz, 213.78 W, 1200.00 W, 0 %, 0 %
2026/08/09 11:01:54.919, NVIDIA GB200, GPU-a1dac3f0-65b2-2567-26c1-a0951f6bfe4f, P0, 1950 MHz, 1950 MHz, 213.79 W, 1200.00 W, 0 %, 0 %
2026/08/09 11:01:55.020, NVIDIA GB200, GPU-a1dac3f0-65b2-2567-26c1-a0951f6bfe4f, P0, 1950 MHz, 1950 MHz, 213.79 W, 1200.00 W, 0 %, 0 %
2026/08/09 11:01:55.120, NVIDIA GB200, GPU-a1dac3f0-65b2-2567-26c1-a0951f6bfe4f, P0, 1950 MHz, 1950 MHz, 213.47 W, 1200.00 W, 0 %, 0 %
2026/08/09 11:01:55.221, NVIDIA GB200, GPU-a1dac3f0-65b2-2567-26c1-a0951f6bfe4f, P0, 1950 MHz, 1950 MHz, 213.49 W, 1200.00 W, 0 %, 0 %
2026/08/09 11:01:55.321, NVIDIA GB200, GPU-a1dac3f0-65b2-2567-26c1-a0951f6bfe4f, P0, 1950 MHz, 1950 MHz, 213.56 W, 1200.00 W, 0 %, 0 %
2026/08/09 11:01:55.421, NVIDIA GB200, GPU-a1dac3f0-65b2-2567-26c1-a0951f6bfe4f, P0, 1950 MHz, 1950 MHz, 213.47 W, 1200.00 W, 0 %, 0 %
2026/08/09 11:01:55.522, NVIDIA GB200, GPU-a1dac3f0-65b2-2567-26c1-a0951f6bfe4f, P0, 1950 MHz, 1950 MHz, 213.39 W, 1200.00 W, 0 %, 0 %
2026/08/09 11:01:55.622, NVIDIA GB200, GPU-a1dac3f0-65b2-2567-26c1-a0951f6bfe4f, P0, 1950 MHz, 1950 MHz, 213.55 W, 1200.00 W, 0 %, 0 %
2026/08/09 11:01:55.722, NVIDIA GB200, GPU-a1dac3f0-65b2-2567-26c1-a0951f6bfe4f, P0, 1950 MHz, 1950 MHz, 213.55 W, 1200.00 W, 0 %, 0 %
2026/08/09 11:01:55.823, NVIDIA GB200, GPU-a1dac3f0-65b2-2567-26c1-a0951f6bfe4f, P0, 1950 MHz, 1950 MHz, 213.56 W, 1200.00 W, 0 %, 0 %
2026/08/09 11:01:55.923, NVIDIA GB200, GPU-a1dac3f0-65b2-2567-26c1-a0951f6bfe4f, P0, 1950 MHz, 1950 MHz, 213.30 W, 1200.00 W, 0 %, 0 %
2026/08/09 11:01:56.024, NVIDIA GB200, GPU-a1dac3f0-65b2-2567-26c1-a0951f6bfe4f, P0, 1950 MHz, 1950 MHz, 213.56 W, 1200.00 W, 3 %, 0 %
2026/08/09 11:01:56.125, NVIDIA GB200, GPU-a1dac3f0-65b2-2567-26c1-a0951f6bfe4f, P0, 1950 MHz, 1950 MHz, 214.25 W, 1200.00 W, 3 %, 0 %
2026/08/09 11:01:56.225, NVIDIA GB200, GPU-a1dac3f0-65b2-2567-26c1-a0951f6bfe4f, P0, 1950 MHz, 1950 MHz, 215.58 W, 1200.00 W, 17 %, 0 %
2026/08/09 11:01:56.326, NVIDIA GB200, GPU-a1dac3f0-65b2-2567-26c1-a0951f6bfe4f, P0, 1950 MHz, 1950 MHz, 217.20 W, 1200.00 W, 17 %, 0 %
2026/08/09 11:01:56.426, NVIDIA GB200, GPU-a1dac3f0-65b2-2567-26c1-a0951f6bfe4f, P0, 1950 MHz, 1950 MHz, 219.88 W, 1200.00 W, 20 %, 0 %
2026/08/09 11:01:56.527, NVIDIA GB200, GPU-a1dac3f0-65b2-2567-26c1-a0951f6bfe4f, P0, 1950 MHz, 1950 MHz, 220.64 W, 1200.00 W, 20 %, 0 %
2026/08/09 11:01:56.627, NVIDIA GB200, GPU-a1dac3f0-65b2-2567-26c1-a0951f6bfe4f, P0, 1950 MHz, 1950 MHz, 220.36 W, 1200.00 W, 6 %, 0 %
2026/08/09 11:01:56.727, NVIDIA GB200, GPU-a1dac3f0-65b2-2567-26c1-a0951f6bfe4f, P0, 1950 MHz, 1950 MHz, 220.56 W, 1200.00 W, 6 %, 0 %
2026/08/09 11:01:56.828, NVIDIA GB200, GPU-a1dac3f0-65b2-2567-26c1-a0951f6bfe4f, P0, 1950 MHz, 1950 MHz, 220.40 W, 1200.00 W, 0 %, 0 %
2026/08/09 11:01:56.928, NVIDIA GB200, GPU-a1dac3f0-65b2-2567-26c1-a0951f6bfe4f, P0, 1950 MHz, 1950 MHz, 220.58 W, 1200.00 W, 0 %, 0 %
2026/08/09 11:01:57.029, NVIDIA GB200, GPU-a1dac3f0-65b2-2567-26c1-a0951f6bfe4f, P0, 1950 MHz, 1950 MHz, 220.08 W, 1200.00 W, 0 %, 0 %
2026/08/09 11:01:57.129, NVIDIA GB200, GPU-a1dac3f0-65b2-2567-26c1-a0951f6bfe4f, P0, 1950 MHz, 1950 MHz, 219.38 W, 1200.00 W, 0 %, 0 %
2026/08/09 11:01:57.230, NVIDIA GB200, GPU-a1dac3f0-65b2-2567-26c1-a0951f6bfe4f, P0, 1950 MHz, 1950 MHz, 217.95 W, 1200.00 W, 0 %, 0 %
2026/08/09 11:01:57.330, NVIDIA GB200, GPU-a1dac3f0-65b2-2567-26c1-a0951f6bfe4f, P0, 1950 MHz, 1950 MHz, 216.62 W, 1200.00 W, 0 %, 0 %
2026/08/09 11:01:57.430, NVIDIA GB200, GPU-a1dac3f0-65b2-2567-26c1-a0951f6bfe4f, P0, 1950 MHz, 1950 MHz, 213.95 W, 1200.00 W, 2 %, 0 %
2026/08/09 11:01:57.531, NVIDIA GB200, GPU-a1dac3f0-65b2-2567-26c1-a0951f6bfe4f, P0, 1950 MHz, 1950 MHz, 212.77 W, 1200.00 W, 2 %, 0 %
2026/08/09 11:01:57.631, NVIDIA GB200, GPU-a1dac3f0-65b2-2567-26c1-a0951f6bfe4f, P0, 1950 MHz, 1950 MHz, 212.80 W, 1200.00 W, 0 %, 0 %
2026/08/09 11:01:57.731, NVIDIA GB200, GPU-a1dac3f0-65b2-2567-26c1-a0951f6bfe4f, P0, 1950 MHz, 1950 MHz, 212.88 W, 1200.00 W, 0 %, 0 %
2026/08/09 11:01:57.832, NVIDIA GB200, GPU-a1dac3f0-65b2-2567-26c1-a0951f6bfe4f, P0, 1950 MHz, 1950 MHz, 212.96 W, 1200.00 W, 0 %, 0 %
2026/08/09 11:01:57.932, NVIDIA GB200, GPU-a1dac3f0-65b2-2567-26c1-a0951f6bfe4f, P0, 1950 MHz, 1950 MHz, 212.88 W, 1200.00 W, 0 %, 0 %
2026/08/09 11:01:58.032, NVIDIA GB200, GPU-a1dac3f0-65b2-2567-26c1-a0951f6bfe4f, P0, 1950 MHz, 1950 MHz, 213.01 W, 1200.00 W, 0 %, 0 %
2026/08/09 11:01:58.133, NVIDIA GB200, GPU-a1dac3f0-65b2-2567-26c1-a0951f6bfe4f, P0, 1950 MHz, 1950 MHz, 213.27 W, 1200.00 W, 0 %, 0 %
2026/08/09 11:01:58.233, NVIDIA GB200, GPU-a1dac3f0-65b2-2567-26c1-a0951f6bfe4f, P0, 1950 MHz, 1950 MHz, 213.42 W, 1200.00 W, 0 %, 0 %
2026/08/09 11:01:58.333, NVIDIA GB200, GPU-a1dac3f0-65b2-2567-26c1-a0951f6bfe4f, P0, 1950 MHz, 1950 MHz, 213.56 W, 1200.00 W, 0 %, 0 %
2026/08/09 11:01:58.434, NVIDIA GB200, GPU-a1dac3f0-65b2-2567-26c1-a0951f6bfe4f, P0, 1950 MHz, 1950 MHz, 213.42 W, 1200.00 W, 0 %, 0 %
2026/08/09 11:01:58.534, NVIDIA GB200, GPU-a1dac3f0-65b2-2567-26c1-a0951f6bfe4f, P0, 1950 MHz, 1950 MHz, 213.57 W, 1200.00 W, 0 %, 0 %
2026/08/09 11:01:58.634, NVIDIA GB200, GPU-a1dac3f0-65b2-2567-26c1-a0951f6bfe4f, P0, 1950 MHz, 1950 MHz, 213.63 W, 1200.00 W, 0 %, 0 %
2026/08/09 11:01:58.735, NVIDIA GB200, GPU-a1dac3f0-65b2-2567-26c1-a0951f6bfe4f, P0, 1950 MHz, 1950 MHz, 213.48 W, 1200.00 W, 0 %, 0 %
2026/08/09 11:01:58.835, NVIDIA GB200, GPU-a1dac3f0-65b2-2567-26c1-a0951f6bfe4f, P0, 1950 MHz, 1950 MHz, 213.48 W, 1200.00 W, 0 %, 0 %
2026/08/09 11:01:58.935, NVIDIA GB200, GPU-a1dac3f0-65b2-2567-26c1-a0951f6bfe4f, P0, 1950 MHz, 1950 MHz, 213.49 W, 1200.00 W, 0 %, 0 %
2026/08/09 11:01:59.036, NVIDIA GB200, GPU-a1dac3f0-65b2-2567-26c1-a0951f6bfe4f, P0, 1950 MHz, 1950 MHz, 213.49 W, 1200.00 W, 0 %, 0 %
2026/08/09 11:01:59.136, NVIDIA GB200, GPU-a1dac3f0-65b2-2567-26c1-a0951f6bfe4f, P0, 1950 MHz, 1950 MHz, 213.48 W, 1200.00 W, 0 %, 0 %
2026/08/09 11:01:59.236, NVIDIA GB200, GPU-a1dac3f0-65b2-2567-26c1-a0951f6bfe4f, P0, 1950 MHz, 1950 MHz, 213.55 W, 1200.00 W, 0 %, 0 %
2026/08/09 11:01:59.337, NVIDIA GB200, GPU-a1dac3f0-65b2-2567-26c1-a0951f6bfe4f, P0, 1950 MHz, 1950 MHz, 213.55 W, 1200.00 W, 0 %, 0 %
2026/08/09 11:01:59.437, NVIDIA GB200, GPU-a1dac3f0-65b2-2567-26c1-a0951f6bfe4f, P0, 1950 MHz, 1950 MHz, 213.55 W, 1200.00 W, 0 %, 0 %
2026/08/09 11:01:59.537, NVIDIA GB200, GPU-a1dac3f0-65b2-2567-26c1-a0951f6bfe4f, P0, 1950 MHz, 1950 MHz, 213.25 W, 1200.00 W, 0 %, 0 %
2026/08/09 11:01:59.638, NVIDIA GB200, GPU-a1dac3f0-65b2-2567-26c1-a0951f6bfe4f, P0, 1950 MHz, 1950 MHz, 213.19 W, 1200.00 W, 0 %, 0 %
2026/08/09 11:01:59.738, NVIDIA GB200, GPU-a1dac3f0-65b2-2567-26c1-a0951f6bfe4f, P0, 1950 MHz, 1950 MHz, 213.11 W, 1200.00 W, 0 %, 0 %
2026/08/09 11:01:59.838, NVIDIA GB200, GPU-a1dac3f0-65b2-2567-26c1-a0951f6bfe4f, P0, 1950 MHz, 1950 MHz, 213.19 W, 1200.00 W, 0 %, 0 %
2026/08/09 11:01:59.939, NVIDIA GB200, GPU-a1dac3f0-65b2-2567-26c1-a0951f6bfe4f, P0, 1950 MHz, 1950 MHz, 213.17 W, 1200.00 W, 0 %, 0 %
2026/08/09 11:02:00.039, NVIDIA GB200, GPU-a1dac3f0-65b2-2567-26c1-a0951f6bfe4f, P0, 1950 MHz, 1950 MHz, 213.24 W, 1200.00 W, 0 %, 0 %
2026/08/09 11:02:00.139, NVIDIA GB200, GPU-a1dac3f0-65b2-2567-26c1-a0951f6bfe4f, P0, 1950 MHz, 1950 MHz, 213.26 W, 1200.00 W, 0 %, 0 %
2026/08/09 11:02:00.240, NVIDIA GB200, GPU-a1dac3f0-65b2-2567-26c1-a0951f6bfe4f, P0, 1950 MHz, 1950 MHz, 212.93 W, 1200.00 W, 0 %, 0 %
2026/08/09 11:02:00.340, NVIDIA GB200, GPU-a1dac3f0-65b2-2567-26c1-a0951f6bfe4f, P0, 1950 MHz, 1950 MHz, 212.96 W, 1200.00 W, 0 %, 0 %
2026/08/09 11:02:00.440, NVIDIA GB200, GPU-a1dac3f0-65b2-2567-26c1-a0951f6bfe4f, P0, 1950 MHz, 1950 MHz, 212.89 W, 1200.00 W, 0 %, 0 %
2026/08/09 11:02:00.541, NVIDIA GB200, GPU-a1dac3f0-65b2-2567-26c1-a0951f6bfe4f, P0, 1950 MHz, 1950 MHz, 213.11 W, 1200.00 W, 0 %, 0 %
2026/08/09 11:02:00.641, NVIDIA GB200, GPU-a1dac3f0-65b2-2567-26c1-a0951f6bfe4f, P0, 1950 MHz, 1950 MHz, 213.16 W, 1200.00 W, 0 %, 0 %
2026/08/09 11:02:00.742, NVIDIA GB200, GPU-a1dac3f0-65b2-2567-26c1-a0951f6bfe4f, P0, 1950 MHz, 1950 MHz, 213.24 W, 1200.00 W, 0 %, 0 %
2026/08/09 11:02:00.842, NVIDIA GB200, GPU-a1dac3f0-65b2-2567-26c1-a0951f6bfe4f, P0, 1950 MHz, 1950 MHz, 213.32 W, 1200.00 W, 0 %, 0 %
2026/08/09 11:02:00.943, NVIDIA GB200, GPU-a1dac3f0-65b2-2567-26c1-a0951f6bfe4f, P0, 1950 MHz, 1950 MHz, 213.34 W, 1200.00 W, 0 %, 0 %
2026/08/09 11:02:01.043, NVIDIA GB200, GPU-a1dac3f0-65b2-2567-26c1-a0951f6bfe4f, P0, 1950 MHz, 1950 MHz, 213.19 W, 1200.00 W, 0 %, 0 %
2026/08/09 11:02:01.143, NVIDIA GB200, GPU-a1dac3f0-65b2-2567-26c1-a0951f6bfe4f, P0, 1950 MHz, 1950 MHz, 213.24 W, 1200.00 W, 0 %, 0 %
2026/08/09 11:02:01.244, NVIDIA GB200, GPU-a1dac3f0-65b2-2567-26c1-a0951f6bfe4f, P0, 1950 MHz, 1950 MHz, 213.55 W, 1200.00 W, 0 %, 0 %
2026/08/09 11:02:01.344, NVIDIA GB200, GPU-a1dac3f0-65b2-2567-26c1-a0951f6bfe4f, P0, 1950 MHz, 1950 MHz, 213.47 W, 1200.00 W, 0 %, 0 %
2026/08/09 11:02:01.444, NVIDIA GB200, GPU-a1dac3f0-65b2-2567-26c1-a0951f6bfe4f, P0, 1950 MHz, 1950 MHz, 213.62 W, 1200.00 W, 0 %, 0 %
2026/08/09 11:02:01.545, NVIDIA GB200, GPU-a1dac3f0-65b2-2567-26c1-a0951f6bfe4f, P0, 1950 MHz, 1950 MHz, 213.41 W, 1200.00 W, 0 %, 0 %
2026/08/09 11:02:01.645, NVIDIA GB200, GPU-a1dac3f0-65b2-2567-26c1-a0951f6bfe4f, P0, 1950 MHz, 1950 MHz, 213.26 W, 1200.00 W, 0 %, 0 %
2026/08/09 11:02:01.745, NVIDIA GB200, GPU-a1dac3f0-65b2-2567-26c1-a0951f6bfe4f, P0, 1950 MHz, 1950 MHz, 213.18 W, 1200.00 W, 0 %, 0 %
2026/08/09 11:02:01.846, NVIDIA GB200, GPU-a1dac3f0-65b2-2567-26c1-a0951f6bfe4f, P0, 1950 MHz, 1950 MHz, 212.96 W, 1200.00 W, 0 %, 0 %
2026/08/09 11:02:01.946, NVIDIA GB200, GPU-a1dac3f0-65b2-2567-26c1-a0951f6bfe4f, P0, 1950 MHz, 1950 MHz, 213.03 W, 1200.00 W, 0 %, 0 %
2026/08/09 11:02:02.052, NVIDIA GB200, GPU-a1dac3f0-65b2-2567-26c1-a0951f6bfe4f, P0, 1950 MHz, 1950 MHz, 213.03 W, 1200.00 W, 0 %, 0 %
2026/08/09 11:02:02.152, NVIDIA GB200, GPU-a1dac3f0-65b2-2567-26c1-a0951f6bfe4f, P0, 1950 MHz, 1950 MHz, 212.96 W, 1200.00 W, 0 %, 0 %
2026/08/09 11:02:02.252, NVIDIA GB200, GPU-a1dac3f0-65b2-2567-26c1-a0951f6bfe4f, P0, 1950 MHz, 1950 MHz, 212.85 W, 1200.00 W, 0 %, 0 %
2026/08/09 11:02:02.352, NVIDIA GB200, GPU-a1dac3f0-65b2-2567-26c1-a0951f6bfe4f, P0, 1950 MHz, 1950 MHz, 212.96 W, 1200.00 W, 0 %, 0 %
2026/08/09 11:02:02.453, NVIDIA GB200, GPU-a1dac3f0-65b2-2567-26c1-a0951f6bfe4f, P0, 1950 MHz, 1950 MHz, 213.04 W, 1200.00 W, 0 %, 0 %
2026/08/09 11:02:02.553, NVIDIA GB200, GPU-a1dac3f0-65b2-2567-26c1-a0951f6bfe4f, P0, 1950 MHz, 1950 MHz, 213.16 W, 1200.00 W, 0 %, 0 %
2026/08/09 11:02:02.653, NVIDIA GB200, GPU-a1dac3f0-65b2-2567-26c1-a0951f6bfe4f, P0, 1950 MHz, 1950 MHz, 213.11 W, 1200.00 W, 0 %, 0 %
2026/08/09 11:02:02.754, NVIDIA GB200, GPU-a1dac3f0-65b2-2567-26c1-a0951f6bfe4f, P0, 1950 MHz, 1950 MHz, 213.17 W, 1200.00 W, 0 %, 0 %
2026/08/09 11:02:02.854, NVIDIA GB200, GPU-a1dac3f0-65b2-2567-26c1-a0951f6bfe4f, P0, 1950 MHz, 1950 MHz, 213.26 W, 1200.00 W, 0 %, 0 %
2026/08/09 11:02:02.954, NVIDIA GB200, GPU-a1dac3f0-65b2-2567-26c1-a0951f6bfe4f, P0, 1950 MHz, 1950 MHz, 213.24 W, 1200.00 W, 0 %, 0 %
2026/08/09 11:02:03.055, NVIDIA GB200, GPU-a1dac3f0-65b2-2567-26c1-a0951f6bfe4f, P0, 1950 MHz, 1950 MHz, 213.26 W, 1200.00 W, 0 %, 0 %
2026/08/09 11:02:03.155, NVIDIA GB200, GPU-a1dac3f0-65b2-2567-26c1-a0951f6bfe4f, P0, 1950 MHz, 1950 MHz, 213.12 W, 1200.00 W, 0 %, 0 %
2026/08/09 11:02:03.255, NVIDIA GB200, GPU-a1dac3f0-65b2-2567-26c1-a0951f6bfe4f, P0, 1950 MHz, 1950 MHz, 212.95 W, 1200.00 W, 0 %, 0 %
2026/08/09 11:02:03.356, NVIDIA GB200, GPU-a1dac3f0-65b2-2567-26c1-a0951f6bfe4f, P0, 1950 MHz, 1950 MHz, 212.83 W, 1200.00 W, 0 %, 0 %
2026/08/09 11:02:03.456, NVIDIA GB200, GPU-a1dac3f0-65b2-2567-26c1-a0951f6bfe4f, P0, 1950 MHz, 1950 MHz, 212.80 W, 1200.00 W, 0 %, 0 %
2026/08/09 11:02:03.556, NVIDIA GB200, GPU-a1dac3f0-65b2-2567-26c1-a0951f6bfe4f, P0, 1950 MHz, 1950 MHz, 212.83 W, 1200.00 W, 0 %, 0 %
2026/08/09 11:02:03.664, NVIDIA GB200, GPU-a1dac3f0-65b2-2567-26c1-a0951f6bfe4f, P0, 1950 MHz, 1950 MHz, 213.13 W, 1200.00 W, 0 %, 0 %
2026/08/09 11:02:03.764, NVIDIA GB200, GPU-a1dac3f0-65b2-2567-26c1-a0951f6bfe4f, P0, 1950 MHz, 1950 MHz, 213.28 W, 1200.00 W, 0 %, 0 %
2026/08/09 11:02:03.865, NVIDIA GB200, GPU-a1dac3f0-65b2-2567-26c1-a0951f6bfe4f, P0, 1950 MHz, 1950 MHz, 213.27 W, 1200.00 W, 0 %, 0 %
2026/08/09 11:02:03.965, NVIDIA GB200, GPU-a1dac3f0-65b2-2567-26c1-a0951f6bfe4f, P0, 1950 MHz, 1950 MHz, 213.20 W, 1200.00 W, 0 %, 0 %
2026/08/09 11:02:04.065, NVIDIA GB200, GPU-a1dac3f0-65b2-2567-26c1-a0951f6bfe4f, P0, 1950 MHz, 1950 MHz, 213.10 W, 1200.00 W, 0 %, 0 %
2026/08/09 11:02:04.166, NVIDIA GB200, GPU-a1dac3f0-65b2-2567-26c1-a0951f6bfe4f, P0, 1950 MHz, 1950 MHz, 213.19 W, 1200.00 W, 0 %, 0 %
2026/08/09 11:02:04.277, NVIDIA GB200, GPU-a1dac3f0-65b2-2567-26c1-a0951f6bfe4f, P0, 1950 MHz, 1950 MHz, 213.47 W, 1200.00 W, 0 %, 0 %
2026/08/09 11:02:04.378, NVIDIA GB200, GPU-a1dac3f0-65b2-2567-26c1-a0951f6bfe4f, P0, 1950 MHz, 1950 MHz, 213.34 W, 1200.00 W, 0 %, 0 %
2026/08/09 11:02:04.478, NVIDIA GB200, GPU-a1dac3f0-65b2-2567-26c1-a0951f6bfe4f, P0, 1950 MHz, 1950 MHz, 213.34 W, 1200.00 W, 0 %, 0 %
2026/08/09 11:02:04.578, NVIDIA GB200, GPU-a1dac3f0-65b2-2567-26c1-a0951f6bfe4f, P0, 1950 MHz, 1950 MHz, 213.26 W, 1200.00 W, 0 %, 0 %
2026/08/09 11:02:04.679, NVIDIA GB200, GPU-a1dac3f0-65b2-2567-26c1-a0951f6bfe4f, P0, 1950 MHz, 1950 MHz, 213.09 W, 1200.00 W, 0 %, 0 %
2026/08/09 11:02:04.779, NVIDIA GB200, GPU-a1dac3f0-65b2-2567-26c1-a0951f6bfe4f, P0, 1950 MHz, 1950 MHz, 212.70 W, 1200.00 W, 0 %, 0 %
2026/08/09 11:02:04.880, NVIDIA GB200, GPU-a1dac3f0-65b2-2567-26c1-a0951f6bfe4f, P0, 1950 MHz, 1950 MHz, 212.46 W, 1200.00 W, 0 %, 0 %
2026/08/09 11:02:04.980, NVIDIA GB200, GPU-a1dac3f0-65b2-2567-26c1-a0951f6bfe4f, P0, 1950 MHz, 1950 MHz, 212.31 W, 1200.00 W, 0 %, 0 %
2026/08/09 11:02:05.080, NVIDIA GB200, GPU-a1dac3f0-65b2-2567-26c1-a0951f6bfe4f, P0, 1950 MHz, 1950 MHz, 212.43 W, 1200.00 W, 0 %, 0 %
2026/08/09 11:02:05.181, NVIDIA GB200, GPU-a1dac3f0-65b2-2567-26c1-a0951f6bfe4f, P0, 1950 MHz, 1950 MHz, 212.47 W, 1200.00 W, 0 %, 0 %
2026/08/09 11:02:05.281, NVIDIA GB200, GPU-a1dac3f0-65b2-2567-26c1-a0951f6bfe4f, P0, 1950 MHz, 1950 MHz, 212.35 W, 1200.00 W, 4 %, 0 %
2026/08/09 11:02:05.381, NVIDIA GB200, GPU-a1dac3f0-65b2-2567-26c1-a0951f6bfe4f, P0, 1950 MHz, 1950 MHz, 212.54 W, 1200.00 W, 4 %, 0 %
2026/08/09 11:02:05.482, NVIDIA GB200, GPU-a1dac3f0-65b2-2567-26c1-a0951f6bfe4f, P0, 1950 MHz, 1950 MHz, 212.65 W, 1200.00 W, 4 %, 0 %
2026/08/09 11:02:05.582, NVIDIA GB200, GPU-a1dac3f0-65b2-2567-26c1-a0951f6bfe4f, P0, 1950 MHz, 1950 MHz, 212.77 W, 1200.00 W, 4 %, 0 %
2026/08/09 11:02:05.682, NVIDIA GB200, GPU-a1dac3f0-65b2-2567-26c1-a0951f6bfe4f, P0, 1950 MHz, 1950 MHz, 212.95 W, 1200.00 W, 4 %, 0 %
2026/08/09 11:02:05.783, NVIDIA GB200, GPU-a1dac3f0-65b2-2567-26c1-a0951f6bfe4f, P0, 1950 MHz, 1950 MHz, 213.31 W, 1200.00 W, 4 %, 0 %
2026/08/09 11:02:05.883, NVIDIA GB200, GPU-a1dac3f0-65b2-2567-26c1-a0951f6bfe4f, P0, 1950 MHz, 1950 MHz, 213.63 W, 1200.00 W, 4 %, 0 %
2026/08/09 11:02:05.984, NVIDIA GB200, GPU-a1dac3f0-65b2-2567-26c1-a0951f6bfe4f, P0, 1950 MHz, 1950 MHz, 213.93 W, 1200.00 W, 4 %, 0 %
2026/08/09 11:02:06.084, NVIDIA GB200, GPU-a1dac3f0-65b2-2567-26c1-a0951f6bfe4f, P0, 1950 MHz, 1950 MHz, 214.08 W, 1200.00 W, 4 %, 0 %
2026/08/09 11:02:06.184, NVIDIA GB200, GPU-a1dac3f0-65b2-2567-26c1-a0951f6bfe4f, P0, 1950 MHz, 1950 MHz, 214.16 W, 1200.00 W, 4 %, 0 %
2026/08/09 11:02:06.285, NVIDIA GB200, GPU-a1dac3f0-65b2-2567-26c1-a0951f6bfe4f, P0, 1950 MHz, 1950 MHz, 214.23 W, 1200.00 W, 4 %, 0 %
2026/08/09 11:02:06.385, NVIDIA GB200, GPU-a1dac3f0-65b2-2567-26c1-a0951f6bfe4f, P0, 1950 MHz, 1950 MHz, 214.01 W, 1200.00 W, 4 %, 0 %
2026/08/09 11:02:06.486, NVIDIA GB200, GPU-a1dac3f0-65b2-2567-26c1-a0951f6bfe4f, P0, 1950 MHz, 1950 MHz, 213.70 W, 1200.00 W, 1 %, 0 %
2026/08/09 11:02:06.586, NVIDIA GB200, GPU-a1dac3f0-65b2-2567-26c1-a0951f6bfe4f, P0, 1950 MHz, 1950 MHz, 213.39 W, 1200.00 W, 1 %, 0 %
2026/08/09 11:02:06.686, NVIDIA GB200, GPU-a1dac3f0-65b2-2567-26c1-a0951f6bfe4f, P0, 1950 MHz, 1950 MHz, 213.31 W, 1200.00 W, 0 %, 0 %
2026/08/09 11:02:06.787, NVIDIA GB200, GPU-a1dac3f0-65b2-2567-26c1-a0951f6bfe4f, P0, 1950 MHz, 1950 MHz, 213.16 W, 1200.00 W, 0 %, 0 %
2026/08/09 11:02:06.887, NVIDIA GB200, GPU-a1dac3f0-65b2-2567-26c1-a0951f6bfe4f, P0, 1950 MHz, 1950 MHz, 212.93 W, 1200.00 W, 0 %, 0 %
2026/08/09 11:02:06.987, NVIDIA GB200, GPU-a1dac3f0-65b2-2567-26c1-a0951f6bfe4f, P0, 1950 MHz, 1950 MHz, 212.78 W, 1200.00 W, 0 %, 0 %
2026/08/09 11:02:07.088, NVIDIA GB200, GPU-a1dac3f0-65b2-2567-26c1-a0951f6bfe4f, P0, 1950 MHz, 1950 MHz, 212.62 W, 1200.00 W, 0 %, 0 %
2026/08/09 11:02:07.189, NVIDIA GB200, GPU-a1dac3f0-65b2-2567-26c1-a0951f6bfe4f, P0, 1950 MHz, 1950 MHz, 212.24 W, 1200.00 W, 0 %, 0 %
2026/08/09 11:02:07.289, NVIDIA GB200, GPU-a1dac3f0-65b2-2567-26c1-a0951f6bfe4f, P0, 1950 MHz, 1950 MHz, 212.13 W, 1200.00 W, 0 %, 0 %
2026/08/09 11:02:07.437, NVIDIA GB200, GPU-a1dac3f0-65b2-2567-26c1-a0951f6bfe4f, P0, 1950 MHz, 1950 MHz, 219.59 W, 1200.00 W, 1 %, 0 %
2026/08/09 11:02:07.537, NVIDIA GB200, GPU-a1dac3f0-65b2-2567-26c1-a0951f6bfe4f, P0, 1950 MHz, 1950 MHz, 220.04 W, 1200.00 W, 1 %, 0 %
2026/08/09 11:02:07.638, NVIDIA GB200, GPU-a1dac3f0-65b2-2567-26c1-a0951f6bfe4f, P0, 1950 MHz, 1950 MHz, 220.04 W, 1200.00 W, 0 %, 0 %
2026/08/09 11:02:07.738, NVIDIA GB200, GPU-a1dac3f0-65b2-2567-26c1-a0951f6bfe4f, P0, 1950 MHz, 1950 MHz, 219.96 W, 1200.00 W, 0 %, 0 %
2026/08/09 11:02:07.838, NVIDIA GB200, GPU-a1dac3f0-65b2-2567-26c1-a0951f6bfe4f, P0, 1950 MHz, 1950 MHz, 220.11 W, 1200.00 W, 0 %, 0 %
2026/08/09 11:02:07.939, NVIDIA GB200, GPU-a1dac3f0-65b2-2567-26c1-a0951f6bfe4f, P0, 1950 MHz, 1950 MHz, 220.46 W, 1200.00 W, 0 %, 0 %
2026/08/09 11:02:08.039, NVIDIA GB200, GPU-a1dac3f0-65b2-2567-26c1-a0951f6bfe4f, P0, 1950 MHz, 1950 MHz, 220.41 W, 1200.00 W, 0 %, 0 %
2026/08/09 11:02:08.140, NVIDIA GB200, GPU-a1dac3f0-65b2-2567-26c1-a0951f6bfe4f, P0, 1950 MHz, 1950 MHz, 220.57 W, 1200.00 W, 0 %, 0 %
2026/08/09 11:02:08.240, NVIDIA GB200, GPU-a1dac3f0-65b2-2567-26c1-a0951f6bfe4f, P0, 1950 MHz, 1950 MHz, 220.79 W, 1200.00 W, 0 %, 0 %
2026/08/09 11:02:08.340, NVIDIA GB200, GPU-a1dac3f0-65b2-2567-26c1-a0951f6bfe4f, P0, 1950 MHz, 1950 MHz, 221.02 W, 1200.00 W, 0 %, 0 %
2026/08/09 11:02:08.441, NVIDIA GB200, GPU-a1dac3f0-65b2-2567-26c1-a0951f6bfe4f, P0, 1950 MHz, 1950 MHz, 213.85 W, 1200.00 W, 1 %, 0 %
