timestamp, index, name, pstate, power.draw [W], clocks.current.sm [MHz], clocks.current.memory [MHz], utilization.gpu [%], utilization.memory [%], memory.used [MiB]
2026/08/09 12:19:49.480, 0, NVIDIA GB200, P0, 175.61 W, 120 MHz, 3996 MHz, 0 %, 0 %, 0 MiB
2026/08/09 12:19:49.584, 0, NVIDIA GB200, P0, 175.69 W, 120 MHz, 3996 MHz, 0 %, 0 %, 0 MiB
2026/08/09 12:19:49.684, 0, NVIDIA GB200, P0, 175.68 W, 120 MHz, 3996 MHz, 0 %, 0 %, 0 MiB
2026/08/09 12:19:49.785, 0, NVIDIA GB200, P0, 175.69 W, 120 MHz, 3996 MHz, 0 %, 0 %, 0 MiB
2026/08/09 12:19:49.885, 0, NVIDIA GB200, P0, 175.76 W, 120 MHz, 3996 MHz, 0 %, 0 %, 0 MiB
2026/08/09 12:19:49.988, 0, NVIDIA GB200, P0, 175.84 W, 120 MHz, 3996 MHz, 0 %, 0 %, 0 MiB
2026/08/09 12:19:50.088, 0, NVIDIA GB200, P0, 175.84 W, 120 MHz, 3996 MHz, 0 %, 0 %, 0 MiB
2026/08/09 12:19:50.188, 0, NVIDIA GB200, P0, 175.99 W, 120 MHz, 3996 MHz, 0 %, 0 %, 0 MiB
2026/08/09 12:19:50.288, 0, NVIDIA GB200, P0, 176.05 W, 120 MHz, 3996 MHz, 0 %, 0 %, 0 MiB
2026/08/09 12:19:50.389, 0, NVIDIA GB200, P0, 176.12 W, 120 MHz, 3996 MHz, 0 %, 0 %, 0 MiB
2026/08/09 12:19:50.489, 0, NVIDIA GB200, P0, 176.05 W, 120 MHz, 3996 MHz, 0 %, 0 %, 0 MiB
2026/08/09 12:19:50.589, 0, NVIDIA GB200, P0, 176.05 W, 120 MHz, 3996 MHz, 0 %, 0 %, 0 MiB
2026/08/09 12:19:50.689, 0, NVIDIA GB200, P0, 176.05 W, 120 MHz, 3996 MHz, 0 %, 0 %, 0 MiB
2026/08/09 12:19:50.789, 0, NVIDIA GB200, P0, 175.98 W, 120 MHz, 3996 MHz, 0 %, 0 %, 0 MiB
2026/08/09 12:19:50.889, 0, NVIDIA GB200, P0, 175.98 W, 120 MHz, 3996 MHz, 0 %, 0 %, 0 MiB
2026/08/09 12:19:50.989, 0, NVIDIA GB200, P0, 175.91 W, 120 MHz, 3996 MHz, 0 %, 0 %, 0 MiB
2026/08/09 12:19:51.089, 0, NVIDIA GB200, P0, 175.91 W, 120 MHz, 3996 MHz, 0 %, 0 %, 0 MiB
2026/08/09 12:19:51.189, 0, NVIDIA GB200, P0, 175.91 W, 120 MHz, 3996 MHz, 0 %, 0 %, 0 MiB
2026/08/09 12:19:51.289, 0, NVIDIA GB200, P0, 176.06 W, 120 MHz, 3996 MHz, 0 %, 0 %, 0 MiB
2026/08/09 12:19:51.389, 0, NVIDIA GB200, P0, 176.13 W, 120 MHz, 3996 MHz, 0 %, 0 %, 0 MiB
2026/08/09 12:19:51.490, 0, NVIDIA GB200, P0, 176.13 W, 120 MHz, 3996 MHz, 0 %, 0 %, 0 MiB
2026/08/09 12:19:51.590, 0, NVIDIA GB200, P0, 176.13 W, 120 MHz, 3996 MHz, 0 %, 0 %, 0 MiB
2026/08/09 12:19:51.690, 0, NVIDIA GB200, P0, 176.13 W, 120 MHz, 3996 MHz, 0 %, 0 %, 0 MiB
2026/08/09 12:19:51.790, 0, NVIDIA GB200, P0, 176.13 W, 120 MHz, 3996 MHz, 0 %, 0 %, 0 MiB
2026/08/09 12:19:51.890, 0, NVIDIA GB200, P0, 176.13 W, 120 MHz, 3996 MHz, 0 %, 0 %, 0 MiB
2026/08/09 12:19:51.990, 0, NVIDIA GB200, P0, 176.12 W, 120 MHz, 3996 MHz, 0 %, 0 %, 0 MiB
2026/08/09 12:19:52.090, 0, NVIDIA GB200, P0, 176.12 W, 120 MHz, 3996 MHz, 0 %, 0 %, 0 MiB
2026/08/09 12:19:52.190, 0, NVIDIA GB200, P0, 176.12 W, 120 MHz, 3996 MHz, 0 %, 0 %, 0 MiB
2026/08/09 12:19:52.290, 0, NVIDIA GB200, P0, 175.97 W, 120 MHz, 3996 MHz, 0 %, 0 %, 0 MiB
2026/08/09 12:19:52.391, 0, NVIDIA GB200, P0, 175.89 W, 120 MHz, 3996 MHz, 0 %, 0 %, 0 MiB
2026/08/09 12:19:52.491, 0, NVIDIA GB200, P0, 175.89 W, 120 MHz, 3996 MHz, 0 %, 0 %, 0 MiB
2026/08/09 12:19:52.591, 0, NVIDIA GB200, P0, 175.89 W, 120 MHz, 3996 MHz, 0 %, 0 %, 0 MiB
2026/08/09 12:19:52.691, 0, NVIDIA GB200, P0, 175.90 W, 120 MHz, 3996 MHz, 0 %, 0 %, 0 MiB
2026/08/09 12:19:52.791, 0, NVIDIA GB200, P0, 175.90 W, 120 MHz, 3996 MHz, 0 %, 0 %, 0 MiB
2026/08/09 12:19:52.891, 0, NVIDIA GB200, P0, 175.90 W, 120 MHz, 3996 MHz, 0 %, 0 %, 0 MiB
2026/08/09 12:19:52.991, 0, NVIDIA GB200, P0, 175.98 W, 120 MHz, 3996 MHz, 0 %, 0 %, 0 MiB
2026/08/09 12:19:53.091, 0, NVIDIA GB200, P0, 175.82 W, 120 MHz, 3996 MHz, 0 %, 0 %, 0 MiB
2026/08/09 12:19:53.192, 0, NVIDIA GB200, P0, 175.82 W, 120 MHz, 3996 MHz, 0 %, 0 %, 0 MiB
2026/08/09 12:19:53.292, 0, NVIDIA GB200, P0, 175.75 W, 120 MHz, 3996 MHz, 0 %, 0 %, 0 MiB
2026/08/09 12:19:53.392, 0, NVIDIA GB200, P0, 175.75 W, 120 MHz, 3996 MHz, 0 %, 0 %, 0 MiB
2026/08/09 12:19:53.492, 0, NVIDIA GB200, P0, 175.75 W, 120 MHz, 3996 MHz, 0 %, 0 %, 0 MiB
2026/08/09 12:19:53.592, 0, NVIDIA GB200, P0, 175.75 W, 120 MHz, 3996 MHz, 0 %, 0 %, 0 MiB
2026/08/09 12:19:53.692, 0, NVIDIA GB200, P0, 175.75 W, 120 MHz, 3996 MHz, 0 %, 0 %, 0 MiB
2026/08/09 12:19:53.792, 0, NVIDIA GB200, P0, 175.74 W, 120 MHz, 3996 MHz, 0 %, 0 %, 0 MiB
2026/08/09 12:19:53.892, 0, NVIDIA GB200, P0, 175.75 W, 120 MHz, 3996 MHz, 0 %, 0 %, 0 MiB
2026/08/09 12:19:53.992, 0, NVIDIA GB200, P0, 175.67 W, 120 MHz, 3996 MHz, 0 %, 0 %, 0 MiB
2026/08/09 12:19:54.092, 0, NVIDIA GB200, P0, 175.82 W, 120 MHz, 3996 MHz, 0 %, 0 %, 0 MiB
2026/08/09 12:19:54.192, 0, NVIDIA GB200, P0, 175.82 W, 120 MHz, 3996 MHz, 0 %, 0 %, 0 MiB
2026/08/09 12:19:54.293, 0, NVIDIA GB200, P0, 175.90 W, 120 MHz, 3996 MHz, 0 %, 0 %, 0 MiB
2026/08/09 12:19:54.393, 0, NVIDIA GB200, P0, 175.90 W, 120 MHz, 3996 MHz, 0 %, 0 %, 0 MiB
2026/08/09 12:19:54.493, 0, NVIDIA GB200, P0, 175.90 W, 120 MHz, 3996 MHz, 0 %, 0 %, 0 MiB
2026/08/09 12:19:54.593, 0, NVIDIA GB200, P0, 175.98 W, 120 MHz, 3996 MHz, 0 %, 0 %, 0 MiB
2026/08/09 12:19:54.693, 0, NVIDIA GB200, P0, 175.98 W, 120 MHz, 3996 MHz, 0 %, 0 %, 0 MiB
2026/08/09 12:19:54.793, 0, NVIDIA GB200, P0, 176.05 W, 120 MHz, 3996 MHz, 0 %, 0 %, 0 MiB
2026/08/09 12:19:54.893, 0, NVIDIA GB200, P0, 176.12 W, 120 MHz, 3996 MHz, 0 %, 0 %, 0 MiB
2026/08/09 12:19:54.993, 0, NVIDIA GB200, P0, 176.05 W, 120 MHz, 3996 MHz, 0 %, 0 %, 0 MiB
2026/08/09 12:19:55.093, 0, NVIDIA GB200, P0, 176.05 W, 120 MHz, 3996 MHz, 0 %, 0 %, 0 MiB
2026/08/09 12:19:55.193, 0, NVIDIA GB200, P0, 176.05 W, 120 MHz, 3996 MHz, 0 %, 0 %, 0 MiB
2026/08/09 12:19:55.294, 0, NVIDIA GB200, P0, 176.05 W, 120 MHz, 3996 MHz, 0 %, 0 %, 0 MiB
2026/08/09 12:19:55.394, 0, NVIDIA GB200, P0, 176.05 W, 120 MHz, 3996 MHz, 0 %, 0 %, 0 MiB
2026/08/09 12:19:55.494, 0, NVIDIA GB200, P0, 176.05 W, 120 MHz, 3996 MHz, 0 %, 0 %, 0 MiB
2026/08/09 12:19:55.594, 0, NVIDIA GB200, P0, 175.97 W, 120 MHz, 3996 MHz, 0 %, 0 %, 0 MiB
2026/08/09 12:19:55.694, 0, NVIDIA GB200, P0, 175.97 W, 120 MHz, 3996 MHz, 0 %, 0 %, 0 MiB
2026/08/09 12:19:55.794, 0, NVIDIA GB200, P0, 175.82 W, 120 MHz, 3996 MHz, 0 %, 0 %, 0 MiB
2026/08/09 12:19:55.894, 0, NVIDIA GB200, P0, 175.74 W, 120 MHz, 3996 MHz, 0 %, 0 %, 0 MiB
2026/08/09 12:19:55.994, 0, NVIDIA GB200, P0, 175.74 W, 120 MHz, 3996 MHz, 0 %, 0 %, 0 MiB
2026/08/09 12:19:56.094, 0, NVIDIA GB200, P0, 175.75 W, 120 MHz, 3996 MHz, 0 %, 0 %, 0 MiB
2026/08/09 12:19:56.194, 0, NVIDIA GB200, P0, 175.74 W, 120 MHz, 3996 MHz, 0 %, 0 %, 0 MiB
2026/08/09 12:19:56.295, 0, NVIDIA GB200, P0, 175.75 W, 120 MHz, 3996 MHz, 0 %, 0 %, 0 MiB
2026/08/09 12:19:56.395, 0, NVIDIA GB200, P0, 175.75 W, 120 MHz, 3996 MHz, 0 %, 0 %, 0 MiB
2026/08/09 12:19:56.495, 0, NVIDIA GB200, P0, 175.75 W, 120 MHz, 3996 MHz, 0 %, 0 %, 0 MiB
2026/08/09 12:19:56.595, 0, NVIDIA GB200, P0, 175.75 W, 120 MHz, 3996 MHz, 0 %, 0 %, 0 MiB
2026/08/09 12:19:56.695, 0, NVIDIA GB200, P0, 175.75 W, 120 MHz, 3996 MHz, 0 %, 0 %, 0 MiB
2026/08/09 12:19:56.795, 0, NVIDIA GB200, P0, 175.83 W, 120 MHz, 3996 MHz, 0 %, 0 %, 0 MiB
2026/08/09 12:19:56.895, 0, NVIDIA GB200, P0, 175.83 W, 120 MHz, 3996 MHz, 0 %, 0 %, 0 MiB
2026/08/09 12:19:56.995, 0, NVIDIA GB200, P0, 175.90 W, 120 MHz, 3996 MHz, 0 %, 0 %, 0 MiB
2026/08/09 12:19:57.095, 0, NVIDIA GB200, P0, 175.90 W, 120 MHz, 3996 MHz, 0 %, 0 %, 1 MiB
2026/08/09 12:19:57.197, 0, NVIDIA GB200, P0, 175.90 W, 120 MHz, 3996 MHz, 0 %, 0 %, 1 MiB
2026/08/09 12:19:57.303, 0, NVIDIA GB200, P0, 176.06 W, 120 MHz, 3996 MHz, 0 %, 0 %, 3 MiB
2026/08/09 12:19:57.403, 0, NVIDIA GB200, P0, 176.05 W, 120 MHz, 3996 MHz, 0 %, 0 %, 3 MiB
2026/08/09 12:19:57.504, 0, NVIDIA GB200, P0, 176.05 W, 120 MHz, 3996 MHz, 0 %, 0 %, 3 MiB
2026/08/09 12:19:57.604, 0, NVIDIA GB200, P0, 176.05 W, 120 MHz, 3996 MHz, 0 %, 0 %, 3 MiB
2026/08/09 12:19:57.704, 0, NVIDIA GB200, P0, 176.05 W, 120 MHz, 3996 MHz, 0 %, 0 %, 3 MiB
2026/08/09 12:19:57.804, 0, NVIDIA GB200, P0, 176.05 W, 120 MHz, 3996 MHz, 0 %, 0 %, 3 MiB
2026/08/09 12:19:57.904, 0, NVIDIA GB200, P0, 176.05 W, 120 MHz, 3996 MHz, 0 %, 0 %, 3 MiB
2026/08/09 12:19:58.004, 0, NVIDIA GB200, P0, 176.04 W, 120 MHz, 3996 MHz, 0 %, 0 %, 3 MiB
2026/08/09 12:19:58.104, 0, NVIDIA GB200, P0, 176.05 W, 120 MHz, 3996 MHz, 0 %, 0 %, 3 MiB
2026/08/09 12:19:58.204, 0, NVIDIA GB200, P0, 175.96 W, 120 MHz, 3996 MHz, 0 %, 0 %, 3 MiB
2026/08/09 12:19:58.304, 0, NVIDIA GB200, P0, 175.89 W, 120 MHz, 3996 MHz, 0 %, 0 %, 3 MiB
2026/08/09 12:19:58.405, 0, NVIDIA GB200, P0, 175.90 W, 120 MHz, 3996 MHz, 0 %, 0 %, 3 MiB
2026/08/09 12:19:58.505, 0, NVIDIA GB200, P0, 175.90 W, 120 MHz, 3996 MHz, 0 %, 0 %, 3 MiB
2026/08/09 12:19:58.605, 0, NVIDIA GB200, P0, 175.90 W, 120 MHz, 3996 MHz, 0 %, 0 %, 3 MiB
2026/08/09 12:19:58.705, 0, NVIDIA GB200, P0, 175.90 W, 120 MHz, 3996 MHz, 0 %, 0 %, 3 MiB
2026/08/09 12:19:58.805, 0, NVIDIA GB200, P0, 177.79 W, 1950 MHz, 3996 MHz, 0 %, 0 %, 40 MiB
2026/08/09 12:19:58.906, 0, NVIDIA GB200, P0, 183.88 W, 1950 MHz, 3996 MHz, 0 %, 0 %, 693 MiB
2026/08/09 12:19:59.006, 0, NVIDIA GB200, P0, 189.49 W, 1950 MHz, 3996 MHz, 0 %, 0 %, 721 MiB
2026/08/09 12:19:59.106, 0, NVIDIA GB200, P0, 195.35 W, 1950 MHz, 3996 MHz, 0 %, 0 %, 142263 MiB
2026/08/09 12:19:59.206, 0, NVIDIA GB200, P0, 201.69 W, 1950 MHz, 3996 MHz, 0 %, 0 %, 142263 MiB
2026/08/09 12:19:59.306, 0, NVIDIA GB200, P0, 207.03 W, 1950 MHz, 3996 MHz, 0 %, 0 %, 142269 MiB
2026/08/09 12:19:59.409, 0, NVIDIA GB200, P0, 212.80 W, 1950 MHz, 3996 MHz, 0 %, 0 %, 142269 MiB
2026/08/09 12:19:59.510, 0, NVIDIA GB200, P0, 219.35 W, 1950 MHz, 3996 MHz, 0 %, 0 %, 142269 MiB
2026/08/09 12:19:59.610, 0, NVIDIA GB200, P0, 224.20 W, 1950 MHz, 3996 MHz, 0 %, 0 %, 142269 MiB
2026/08/09 12:19:59.710, 0, NVIDIA GB200, P0, 229.97 W, 1950 MHz, 3996 MHz, 0 %, 0 %, 142269 MiB
2026/08/09 12:19:59.810, 0, NVIDIA GB200, P0, 235.09 W, 1950 MHz, 3996 MHz, 0 %, 0 %, 142269 MiB
2026/08/09 12:19:59.910, 0, NVIDIA GB200, P0, 235.08 W, 1950 MHz, 3996 MHz, 0 %, 0 %, 142269 MiB
2026/08/09 12:20:00.010, 0, NVIDIA GB200, P0, 235.07 W, 1950 MHz, 3996 MHz, 0 %, 0 %, 142269 MiB
2026/08/09 12:20:00.110, 0, NVIDIA GB200, P0, 234.96 W, 1950 MHz, 3996 MHz, 0 %, 0 %, 142269 MiB
2026/08/09 12:20:00.210, 0, NVIDIA GB200, P0, 234.97 W, 1950 MHz, 3996 MHz, 0 %, 0 %, 142269 MiB
2026/08/09 12:20:00.310, 0, NVIDIA GB200, P0, 234.90 W, 1950 MHz, 3996 MHz, 0 %, 0 %, 142269 MiB
2026/08/09 12:20:00.410, 0, NVIDIA GB200, P0, 234.97 W, 1950 MHz, 3996 MHz, 0 %, 0 %, 142269 MiB
2026/08/09 12:20:00.511, 0, NVIDIA GB200, P0, 235.06 W, 1950 MHz, 3996 MHz, 0 %, 0 %, 142269 MiB
2026/08/09 12:20:00.611, 0, NVIDIA GB200, P0, 235.26 W, 1950 MHz, 3996 MHz, 0 %, 0 %, 142269 MiB
2026/08/09 12:20:00.711, 0, NVIDIA GB200, P0, 235.33 W, 1950 MHz, 3996 MHz, 0 %, 0 %, 142269 MiB
2026/08/09 12:20:00.811, 0, NVIDIA GB200, P0, 235.33 W, 1950 MHz, 3996 MHz, 0 %, 0 %, 142269 MiB
2026/08/09 12:20:00.911, 0, NVIDIA GB200, P0, 235.33 W, 1950 MHz, 3996 MHz, 0 %, 0 %, 142269 MiB
2026/08/09 12:20:01.011, 0, NVIDIA GB200, P0, 235.33 W, 1950 MHz, 3996 MHz, 0 %, 0 %, 142269 MiB
2026/08/09 12:20:01.111, 0, NVIDIA GB200, P0, 235.26 W, 1950 MHz, 3996 MHz, 0 %, 0 %, 142269 MiB
2026/08/09 12:20:01.212, 0, NVIDIA GB200, P0, 235.26 W, 1950 MHz, 3996 MHz, 0 %, 0 %, 142269 MiB
2026/08/09 12:20:01.312, 0, NVIDIA GB200, P0, 235.34 W, 1950 MHz, 3996 MHz, 0 %, 0 %, 142269 MiB
2026/08/09 12:20:01.412, 0, NVIDIA GB200, P0, 235.27 W, 1950 MHz, 3996 MHz, 0 %, 0 %, 142269 MiB
2026/08/09 12:20:01.512, 0, NVIDIA GB200, P0, 235.34 W, 1950 MHz, 3996 MHz, 0 %, 0 %, 142269 MiB
2026/08/09 12:20:01.612, 0, NVIDIA GB200, P0, 235.35 W, 1950 MHz, 3996 MHz, 0 %, 0 %, 142269 MiB
2026/08/09 12:20:01.712, 0, NVIDIA GB200, P0, 235.35 W, 1950 MHz, 3996 MHz, 0 %, 0 %, 142269 MiB
2026/08/09 12:20:01.812, 0, NVIDIA GB200, P0, 235.35 W, 1950 MHz, 3996 MHz, 0 %, 0 %, 142269 MiB
2026/08/09 12:20:01.912, 0, NVIDIA GB200, P0, 235.36 W, 1950 MHz, 3996 MHz, 0 %, 0 %, 142269 MiB
2026/08/09 12:20:02.019, 0, NVIDIA GB200, P0, 235.36 W, 1950 MHz, 3996 MHz, 0 %, 0 %, 142269 MiB
2026/08/09 12:20:02.119, 0, NVIDIA GB200, P0, 235.43 W, 1950 MHz, 3996 MHz, 0 %, 0 %, 142269 MiB
2026/08/09 12:20:02.219, 0, NVIDIA GB200, P0, 235.36 W, 1950 MHz, 3996 MHz, 0 %, 0 %, 142269 MiB
2026/08/09 12:20:02.319, 0, NVIDIA GB200, P0, 235.35 W, 1950 MHz, 3996 MHz, 0 %, 0 %, 142269 MiB
2026/08/09 12:20:02.419, 0, NVIDIA GB200, P0, 235.43 W, 1950 MHz, 3996 MHz, 0 %, 0 %, 142269 MiB
2026/08/09 12:20:02.520, 0, NVIDIA GB200, P0, 235.36 W, 1950 MHz, 3996 MHz, 0 %, 0 %, 142271 MiB
2026/08/09 12:20:02.620, 0, NVIDIA GB200, P0, 235.35 W, 1950 MHz, 3996 MHz, 0 %, 0 %, 142271 MiB
2026/08/09 12:20:02.720, 0, NVIDIA GB200, P0, 235.35 W, 1950 MHz, 3996 MHz, 0 %, 0 %, 142271 MiB
2026/08/09 12:20:02.820, 0, NVIDIA GB200, P0, 235.27 W, 1950 MHz, 3996 MHz, 0 %, 0 %, 142271 MiB
2026/08/09 12:20:02.920, 0, NVIDIA GB200, P0, 235.28 W, 1950 MHz, 3996 MHz, 0 %, 0 %, 142271 MiB
2026/08/09 12:20:03.020, 0, NVIDIA GB200, P0, 235.21 W, 1950 MHz, 3996 MHz, 0 %, 0 %, 142271 MiB
2026/08/09 12:20:03.120, 0, NVIDIA GB200, P0, 235.30 W, 1950 MHz, 3996 MHz, 0 %, 0 %, 142271 MiB
2026/08/09 12:20:03.220, 0, NVIDIA GB200, P0, 235.38 W, 1950 MHz, 3996 MHz, 0 %, 0 %, 142271 MiB
2026/08/09 12:20:03.320, 0, NVIDIA GB200, P0, 235.39 W, 1950 MHz, 3996 MHz, 0 %, 0 %, 142271 MiB
2026/08/09 12:20:03.420, 0, NVIDIA GB200, P0, 235.31 W, 1950 MHz, 3996 MHz, 0 %, 0 %, 142271 MiB
2026/08/09 12:20:03.521, 0, NVIDIA GB200, P0, 235.15 W, 1950 MHz, 3996 MHz, 0 %, 0 %, 142337 MiB
2026/08/09 12:20:03.621, 0, NVIDIA GB200, P0, 235.06 W, 1950 MHz, 3996 MHz, 0 %, 0 %, 142337 MiB
2026/08/09 12:20:03.721, 0, NVIDIA GB200, P0, 235.31 W, 1950 MHz, 3996 MHz, 1 %, 0 %, 142339 MiB
2026/08/09 12:20:03.821, 0, NVIDIA GB200, P0, 236.51 W, 1950 MHz, 3996 MHz, 1 %, 0 %, 142339 MiB
2026/08/09 12:20:03.922, 0, NVIDIA GB200, P0, 238.58 W, 1950 MHz, 3996 MHz, 13 %, 0 %, 142339 MiB
2026/08/09 12:20:04.022, 0, NVIDIA GB200, P0, 240.63 W, 1950 MHz, 3996 MHz, 13 %, 0 %, 142339 MiB
2026/08/09 12:20:04.122, 0, NVIDIA GB200, P0, 243.28 W, 1950 MHz, 3996 MHz, 23 %, 0 %, 142339 MiB
2026/08/09 12:20:04.222, 0, NVIDIA GB200, P0, 244.73 W, 1950 MHz, 3996 MHz, 23 %, 0 %, 142339 MiB
2026/08/09 12:20:04.322, 0, NVIDIA GB200, P0, 244.86 W, 1950 MHz, 3996 MHz, 12 %, 0 %, 142339 MiB
2026/08/09 12:20:04.422, 0, NVIDIA GB200, P0, 245.12 W, 1950 MHz, 3996 MHz, 12 %, 0 %, 142339 MiB
2026/08/09 12:20:04.522, 0, NVIDIA GB200, P0, 245.27 W, 1950 MHz, 3996 MHz, 0 %, 0 %, 142339 MiB
2026/08/09 12:20:04.623, 0, NVIDIA GB200, P0, 245.37 W, 1950 MHz, 3996 MHz, 0 %, 0 %, 142339 MiB
2026/08/09 12:20:04.723, 0, NVIDIA GB200, P0, 245.05 W, 1950 MHz, 3996 MHz, 0 %, 0 %, 142339 MiB
2026/08/09 12:20:04.823, 0, NVIDIA GB200, P0, 243.88 W, 1950 MHz, 3996 MHz, 0 %, 0 %, 142339 MiB
2026/08/09 12:20:04.923, 0, NVIDIA GB200, P0, 242.42 W, 1950 MHz, 3996 MHz, 0 %, 0 %, 142339 MiB
2026/08/09 12:20:05.023, 0, NVIDIA GB200, P0, 240.13 W, 1950 MHz, 3996 MHz, 0 %, 0 %, 142339 MiB
2026/08/09 12:20:05.123, 0, NVIDIA GB200, P0, 236.99 W, 1950 MHz, 3996 MHz, 0 %, 0 %, 142341 MiB
2026/08/09 12:20:05.223, 0, NVIDIA GB200, P0, 235.51 W, 1950 MHz, 3996 MHz, 0 %, 0 %, 142341 MiB
2026/08/09 12:20:05.324, 0, NVIDIA GB200, P0, 235.29 W, 1950 MHz, 3996 MHz, 0 %, 0 %, 142341 MiB
2026/08/09 12:20:05.424, 0, NVIDIA GB200, P0, 235.22 W, 1950 MHz, 3996 MHz, 0 %, 0 %, 142341 MiB
2026/08/09 12:20:05.524, 0, NVIDIA GB200, P0, 235.22 W, 1950 MHz, 3996 MHz, 0 %, 0 %, 142341 MiB
2026/08/09 12:20:05.624, 0, NVIDIA GB200, P0, 235.23 W, 1950 MHz, 3996 MHz, 0 %, 0 %, 142341 MiB
2026/08/09 12:20:05.724, 0, NVIDIA GB200, P0, 235.30 W, 1950 MHz, 3996 MHz, 0 %, 0 %, 142341 MiB
2026/08/09 12:20:05.824, 0, NVIDIA GB200, P0, 235.24 W, 1950 MHz, 3996 MHz, 0 %, 0 %, 142341 MiB
2026/08/09 12:20:05.924, 0, NVIDIA GB200, P0, 235.26 W, 1950 MHz, 3996 MHz, 0 %, 0 %, 142341 MiB
2026/08/09 12:20:06.025, 0, NVIDIA GB200, P0, 235.19 W, 1950 MHz, 3996 MHz, 0 %, 0 %, 142341 MiB
2026/08/09 12:20:06.125, 0, NVIDIA GB200, P0, 235.20 W, 1950 MHz, 3996 MHz, 0 %, 0 %, 142341 MiB
2026/08/09 12:20:06.225, 0, NVIDIA GB200, P0, 235.18 W, 1950 MHz, 3996 MHz, 0 %, 0 %, 142341 MiB
2026/08/09 12:20:06.325, 0, NVIDIA GB200, P0, 235.11 W, 1950 MHz, 3996 MHz, 0 %, 0 %, 142341 MiB
2026/08/09 12:20:06.425, 0, NVIDIA GB200, P0, 235.25 W, 1950 MHz, 3996 MHz, 0 %, 0 %, 142341 MiB
2026/08/09 12:20:06.525, 0, NVIDIA GB200, P0, 235.26 W, 1950 MHz, 3996 MHz, 0 %, 0 %, 142341 MiB
2026/08/09 12:20:06.625, 0, NVIDIA GB200, P0, 235.26 W, 1950 MHz, 3996 MHz, 0 %, 0 %, 142341 MiB
2026/08/09 12:20:06.725, 0, NVIDIA GB200, P0, 235.25 W, 1950 MHz, 3996 MHz, 0 %, 0 %, 142341 MiB
2026/08/09 12:20:06.825, 0, NVIDIA GB200, P0, 235.34 W, 1950 MHz, 3996 MHz, 0 %, 0 %, 142341 MiB
2026/08/09 12:20:06.925, 0, NVIDIA GB200, P0, 235.27 W, 1950 MHz, 3996 MHz, 0 %, 0 %, 142341 MiB
2026/08/09 12:20:07.026, 0, NVIDIA GB200, P0, 235.36 W, 1950 MHz, 3996 MHz, 0 %, 0 %, 142341 MiB
2026/08/09 12:20:07.126, 0, NVIDIA GB200, P0, 235.38 W, 1950 MHz, 3996 MHz, 0 %, 0 %, 142341 MiB
2026/08/09 12:20:07.226, 0, NVIDIA GB200, P0, 235.39 W, 1950 MHz, 3996 MHz, 0 %, 0 %, 142341 MiB
2026/08/09 12:20:07.326, 0, NVIDIA GB200, P0, 235.48 W, 1950 MHz, 3996 MHz, 0 %, 0 %, 142341 MiB
2026/08/09 12:20:07.426, 0, NVIDIA GB200, P0, 235.49 W, 1950 MHz, 3996 MHz, 0 %, 0 %, 142341 MiB
2026/08/09 12:20:07.526, 0, NVIDIA GB200, P0, 235.50 W, 1950 MHz, 3996 MHz, 0 %, 0 %, 142341 MiB
2026/08/09 12:20:07.626, 0, NVIDIA GB200, P0, 235.50 W, 1950 MHz, 3996 MHz, 0 %, 0 %, 142341 MiB
2026/08/09 12:20:07.726, 0, NVIDIA GB200, P0, 235.51 W, 1950 MHz, 3996 MHz, 0 %, 0 %, 142341 MiB
2026/08/09 12:20:07.826, 0, NVIDIA GB200, P0, 235.51 W, 1950 MHz, 3996 MHz, 0 %, 0 %, 142341 MiB
2026/08/09 12:20:07.926, 0, NVIDIA GB200, P0, 235.57 W, 1950 MHz, 3996 MHz, 0 %, 0 %, 142341 MiB
2026/08/09 12:20:08.026, 0, NVIDIA GB200, P0, 235.56 W, 1950 MHz, 3996 MHz, 0 %, 0 %, 142341 MiB
2026/08/09 12:20:08.127, 0, NVIDIA GB200, P0, 235.55 W, 1950 MHz, 3996 MHz, 0 %, 0 %, 142341 MiB
2026/08/09 12:20:08.227, 0, NVIDIA GB200, P0, 235.55 W, 1950 MHz, 3996 MHz, 0 %, 0 %, 142341 MiB
2026/08/09 12:20:08.327, 0, NVIDIA GB200, P0, 235.56 W, 1950 MHz, 3996 MHz, 0 %, 0 %, 142341 MiB
2026/08/09 12:20:08.427, 0, NVIDIA GB200, P0, 235.56 W, 1950 MHz, 3996 MHz, 0 %, 0 %, 142341 MiB
2026/08/09 12:20:08.527, 0, NVIDIA GB200, P0, 235.56 W, 1950 MHz, 3996 MHz, 0 %, 0 %, 142341 MiB
2026/08/09 12:20:08.627, 0, NVIDIA GB200, P0, 235.56 W, 1950 MHz, 3996 MHz, 0 %, 0 %, 142341 MiB
2026/08/09 12:20:08.727, 0, NVIDIA GB200, P0, 235.56 W, 1950 MHz, 3996 MHz, 0 %, 0 %, 142341 MiB
2026/08/09 12:20:08.827, 0, NVIDIA GB200, P0, 235.57 W, 1950 MHz, 3996 MHz, 0 %, 0 %, 142341 MiB
2026/08/09 12:20:08.927, 0, NVIDIA GB200, P0, 235.58 W, 1950 MHz, 3996 MHz, 0 %, 0 %, 142341 MiB
2026/08/09 12:20:09.027, 0, NVIDIA GB200, P0, 235.59 W, 1950 MHz, 3996 MHz, 0 %, 0 %, 142341 MiB
2026/08/09 12:20:09.127, 0, NVIDIA GB200, P0, 235.59 W, 1950 MHz, 3996 MHz, 0 %, 0 %, 142341 MiB
2026/08/09 12:20:09.228, 0, NVIDIA GB200, P0, 235.58 W, 1950 MHz, 3996 MHz, 0 %, 0 %, 142341 MiB
2026/08/09 12:20:09.328, 0, NVIDIA GB200, P0, 235.58 W, 1950 MHz, 3996 MHz, 0 %, 0 %, 142341 MiB
2026/08/09 12:20:09.428, 0, NVIDIA GB200, P0, 235.58 W, 1950 MHz, 3996 MHz, 0 %, 0 %, 142341 MiB
2026/08/09 12:20:09.528, 0, NVIDIA GB200, P0, 235.65 W, 1950 MHz, 3996 MHz, 0 %, 0 %, 142341 MiB
2026/08/09 12:20:09.628, 0, NVIDIA GB200, P0, 235.57 W, 1950 MHz, 3996 MHz, 0 %, 0 %, 142341 MiB
2026/08/09 12:20:09.728, 0, NVIDIA GB200, P0, 235.35 W, 1950 MHz, 3996 MHz, 0 %, 0 %, 142341 MiB
2026/08/09 12:20:09.828, 0, NVIDIA GB200, P0, 235.40 W, 1950 MHz, 3996 MHz, 0 %, 0 %, 142341 MiB
2026/08/09 12:20:09.928, 0, NVIDIA GB200, P0, 235.39 W, 1950 MHz, 3996 MHz, 0 %, 0 %, 142341 MiB
2026/08/09 12:20:10.029, 0, NVIDIA GB200, P0, 235.38 W, 1950 MHz, 3996 MHz, 0 %, 0 %, 142341 MiB
2026/08/09 12:20:10.129, 0, NVIDIA GB200, P0, 235.37 W, 1950 MHz, 3996 MHz, 0 %, 0 %, 142341 MiB
2026/08/09 12:20:10.229, 0, NVIDIA GB200, P0, 235.37 W, 1950 MHz, 3996 MHz, 0 %, 0 %, 142341 MiB
2026/08/09 12:20:10.329, 0, NVIDIA GB200, P0, 235.36 W, 1950 MHz, 3996 MHz, 0 %, 0 %, 142341 MiB
2026/08/09 12:20:10.429, 0, NVIDIA GB200, P0, 235.35 W, 1950 MHz, 3996 MHz, 0 %, 0 %, 142341 MiB
2026/08/09 12:20:10.529, 0, NVIDIA GB200, P0, 235.26 W, 1950 MHz, 3996 MHz, 0 %, 0 %, 142341 MiB
2026/08/09 12:20:10.629, 0, NVIDIA GB200, P0, 235.33 W, 1950 MHz, 3996 MHz, 0 %, 0 %, 142341 MiB
2026/08/09 12:20:10.729, 0, NVIDIA GB200, P0, 235.55 W, 1950 MHz, 3996 MHz, 0 %, 0 %, 142341 MiB
2026/08/09 12:20:10.829, 0, NVIDIA GB200, P0, 235.47 W, 1950 MHz, 3996 MHz, 0 %, 0 %, 142341 MiB
2026/08/09 12:20:10.929, 0, NVIDIA GB200, P0, 235.47 W, 1950 MHz, 3996 MHz, 0 %, 0 %, 142341 MiB
2026/08/09 12:20:11.030, 0, NVIDIA GB200, P0, 235.46 W, 1950 MHz, 3996 MHz, 0 %, 0 %, 142341 MiB
2026/08/09 12:20:11.130, 0, NVIDIA GB200, P0, 235.46 W, 1950 MHz, 3996 MHz, 0 %, 0 %, 142341 MiB
2026/08/09 12:20:11.230, 0, NVIDIA GB200, P0, 235.47 W, 1950 MHz, 3996 MHz, 0 %, 0 %, 142341 MiB
2026/08/09 12:20:11.330, 0, NVIDIA GB200, P0, 235.47 W, 1950 MHz, 3996 MHz, 0 %, 0 %, 142341 MiB
2026/08/09 12:20:11.430, 0, NVIDIA GB200, P0, 235.48 W, 1950 MHz, 3996 MHz, 0 %, 0 %, 142341 MiB
2026/08/09 12:20:11.530, 0, NVIDIA GB200, P0, 235.49 W, 1950 MHz, 3996 MHz, 0 %, 0 %, 142341 MiB
2026/08/09 12:20:11.630, 0, NVIDIA GB200, P0, 235.49 W, 1950 MHz, 3996 MHz, 0 %, 0 %, 142341 MiB
2026/08/09 12:20:11.730, 0, NVIDIA GB200, P0, 235.34 W, 1950 MHz, 3996 MHz, 0 %, 0 %, 142341 MiB
2026/08/09 12:20:11.830, 0, NVIDIA GB200, P0, 235.34 W, 1950 MHz, 3996 MHz, 0 %, 0 %, 142341 MiB
2026/08/09 12:20:11.930, 0, NVIDIA GB200, P0, 235.35 W, 1950 MHz, 3996 MHz, 0 %, 0 %, 142341 MiB
2026/08/09 12:20:12.030, 0, NVIDIA GB200, P0, 235.35 W, 1950 MHz, 3996 MHz, 0 %, 0 %, 142341 MiB
2026/08/09 12:20:12.131, 0, NVIDIA GB200, P0, 235.28 W, 1950 MHz, 3996 MHz, 0 %, 0 %, 142341 MiB
2026/08/09 12:20:12.231, 0, NVIDIA GB200, P0, 235.13 W, 1950 MHz, 3996 MHz, 0 %, 0 %, 142341 MiB
2026/08/09 12:20:12.331, 0, NVIDIA GB200, P0, 235.06 W, 1950 MHz, 3996 MHz, 0 %, 0 %, 142341 MiB
2026/08/09 12:20:12.431, 0, NVIDIA GB200, P0, 235.04 W, 1950 MHz, 3996 MHz, 0 %, 0 %, 142341 MiB
2026/08/09 12:20:12.531, 0, NVIDIA GB200, P0, 234.97 W, 1950 MHz, 3996 MHz, 0 %, 0 %, 142341 MiB
2026/08/09 12:20:12.631, 0, NVIDIA GB200, P0, 234.97 W, 1950 MHz, 3996 MHz, 0 %, 0 %, 142341 MiB
2026/08/09 12:20:12.731, 0, NVIDIA GB200, P0, 235.12 W, 1950 MHz, 3996 MHz, 0 %, 0 %, 142341 MiB
2026/08/09 12:20:12.831, 0, NVIDIA GB200, P0, 235.12 W, 1950 MHz, 3996 MHz, 0 %, 0 %, 142341 MiB
2026/08/09 12:20:12.931, 0, NVIDIA GB200, P0, 235.12 W, 1950 MHz, 3996 MHz, 0 %, 0 %, 142341 MiB
2026/08/09 12:20:13.031, 0, NVIDIA GB200, P0, 235.11 W, 1950 MHz, 3996 MHz, 0 %, 0 %, 142341 MiB
2026/08/09 12:20:13.131, 0, NVIDIA GB200, P0, 235.13 W, 1950 MHz, 3996 MHz, 0 %, 0 %, 142341 MiB
2026/08/09 12:20:13.231, 0, NVIDIA GB200, P0, 235.35 W, 1950 MHz, 3996 MHz, 0 %, 0 %, 142341 MiB
2026/08/09 12:20:13.332, 0, NVIDIA GB200, P0, 235.36 W, 1950 MHz, 3996 MHz, 0 %, 0 %, 142341 MiB
2026/08/09 12:20:13.432, 0, NVIDIA GB200, P0, 235.21 W, 1950 MHz, 3996 MHz, 0 %, 0 %, 142341 MiB
2026/08/09 12:20:13.532, 0, NVIDIA GB200, P0, 235.21 W, 1950 MHz, 3996 MHz, 0 %, 0 %, 142341 MiB
2026/08/09 12:20:13.632, 0, NVIDIA GB200, P0, 235.21 W, 1950 MHz, 3996 MHz, 0 %, 0 %, 142341 MiB
2026/08/09 12:20:13.732, 0, NVIDIA GB200, P0, 235.22 W, 1950 MHz, 3996 MHz, 0 %, 0 %, 142341 MiB
2026/08/09 12:20:13.832, 0, NVIDIA GB200, P0, 235.22 W, 1950 MHz, 3996 MHz, 0 %, 0 %, 142341 MiB
2026/08/09 12:20:13.932, 0, NVIDIA GB200, P0, 235.22 W, 1950 MHz, 3996 MHz, 0 %, 0 %, 142341 MiB
2026/08/09 12:20:14.032, 0, NVIDIA GB200, P0, 235.16 W, 1950 MHz, 3996 MHz, 0 %, 0 %, 142341 MiB
2026/08/09 12:20:14.132, 0, NVIDIA GB200, P0, 235.15 W, 1950 MHz, 3996 MHz, 0 %, 0 %, 142341 MiB
2026/08/09 12:20:14.232, 0, NVIDIA GB200, P0, 235.14 W, 1950 MHz, 3996 MHz, 0 %, 0 %, 142341 MiB
2026/08/09 12:20:14.333, 0, NVIDIA GB200, P0, 235.05 W, 1950 MHz, 3996 MHz, 0 %, 0 %, 142341 MiB
2026/08/09 12:20:14.433, 0, NVIDIA GB200, P0, 235.20 W, 1950 MHz, 3996 MHz, 0 %, 0 %, 142341 MiB
2026/08/09 12:20:14.533, 0, NVIDIA GB200, P0, 235.42 W, 1950 MHz, 3996 MHz, 0 %, 0 %, 142341 MiB
2026/08/09 12:20:14.633, 0, NVIDIA GB200, P0, 235.42 W, 1950 MHz, 3996 MHz, 0 %, 0 %, 142341 MiB
2026/08/09 12:20:14.733, 0, NVIDIA GB200, P0, 235.41 W, 1950 MHz, 3996 MHz, 0 %, 0 %, 142341 MiB
2026/08/09 12:20:14.833, 0, NVIDIA GB200, P0, 235.41 W, 1950 MHz, 3996 MHz, 0 %, 0 %, 142341 MiB
2026/08/09 12:20:14.933, 0, NVIDIA GB200, P0, 235.41 W, 1950 MHz, 3996 MHz, 0 %, 0 %, 142341 MiB
2026/08/09 12:20:15.033, 0, NVIDIA GB200, P0, 235.48 W, 1950 MHz, 3996 MHz, 0 %, 0 %, 142341 MiB
2026/08/09 12:20:15.133, 0, NVIDIA GB200, P0, 235.49 W, 1950 MHz, 3996 MHz, 0 %, 0 %, 142341 MiB
2026/08/09 12:20:15.234, 0, NVIDIA GB200, P0, 235.35 W, 1950 MHz, 3996 MHz, 0 %, 0 %, 142341 MiB
2026/08/09 12:20:15.334, 0, NVIDIA GB200, P0, 235.28 W, 1950 MHz, 3996 MHz, 0 %, 0 %, 142341 MiB
2026/08/09 12:20:15.434, 0, NVIDIA GB200, P0, 235.28 W, 1950 MHz, 3996 MHz, 0 %, 0 %, 142341 MiB
2026/08/09 12:20:15.534, 0, NVIDIA GB200, P0, 235.14 W, 1950 MHz, 3996 MHz, 0 %, 0 %, 142341 MiB
2026/08/09 12:20:15.634, 0, NVIDIA GB200, P0, 235.13 W, 1950 MHz, 3996 MHz, 0 %, 0 %, 142341 MiB
2026/08/09 12:20:15.734, 0, NVIDIA GB200, P0, 235.14 W, 1950 MHz, 3996 MHz, 0 %, 0 %, 142341 MiB
2026/08/09 12:20:15.834, 0, NVIDIA GB200, P0, 235.12 W, 1950 MHz, 3996 MHz, 0 %, 0 %, 142341 MiB
2026/08/09 12:20:15.934, 0, NVIDIA GB200, P0, 235.13 W, 1950 MHz, 3996 MHz, 0 %, 0 %, 142341 MiB
2026/08/09 12:20:16.034, 0, NVIDIA GB200, P0, 235.13 W, 1950 MHz, 3996 MHz, 0 %, 0 %, 142341 MiB
2026/08/09 12:20:16.135, 0, NVIDIA GB200, P0, 235.12 W, 1950 MHz, 3996 MHz, 0 %, 0 %, 142341 MiB
2026/08/09 12:20:16.235, 0, NVIDIA GB200, P0, 235.26 W, 1950 MHz, 3996 MHz, 0 %, 0 %, 142341 MiB
2026/08/09 12:20:16.335, 0, NVIDIA GB200, P0, 235.34 W, 1950 MHz, 3996 MHz, 0 %, 0 %, 142341 MiB
2026/08/09 12:20:16.435, 0, NVIDIA GB200, P0, 235.40 W, 1950 MHz, 3996 MHz, 0 %, 0 %, 142341 MiB
2026/08/09 12:20:16.535, 0, NVIDIA GB200, P0, 235.48 W, 1950 MHz, 3996 MHz, 0 %, 0 %, 142341 MiB
2026/08/09 12:20:16.635, 0, NVIDIA GB200, P0, 235.49 W, 1950 MHz, 3996 MHz, 0 %, 0 %, 142341 MiB
2026/08/09 12:20:16.735, 0, NVIDIA GB200, P0, 235.35 W, 1950 MHz, 3996 MHz, 0 %, 0 %, 142341 MiB
2026/08/09 12:20:16.835, 0, NVIDIA GB200, P0, 235.27 W, 1950 MHz, 3996 MHz, 0 %, 0 %, 142341 MiB
2026/08/09 12:20:16.935, 0, NVIDIA GB200, P0, 235.28 W, 1950 MHz, 3996 MHz, 0 %, 0 %, 142341 MiB
2026/08/09 12:20:17.036, 0, NVIDIA GB200, P0, 235.29 W, 1950 MHz, 3996 MHz, 0 %, 0 %, 142341 MiB
2026/08/09 12:20:17.136, 0, NVIDIA GB200, P0, 235.30 W, 1950 MHz, 3996 MHz, 0 %, 0 %, 142341 MiB
2026/08/09 12:20:17.236, 0, NVIDIA GB200, P0, 235.16 W, 1950 MHz, 3996 MHz, 0 %, 0 %, 142341 MiB
2026/08/09 12:20:17.336, 0, NVIDIA GB200, P0, 235.15 W, 1950 MHz, 3996 MHz, 0 %, 0 %, 142341 MiB
2026/08/09 12:20:17.436, 0, NVIDIA GB200, P0, 235.16 W, 1950 MHz, 3996 MHz, 0 %, 0 %, 142341 MiB
2026/08/09 12:20:17.536, 0, NVIDIA GB200, P0, 235.08 W, 1950 MHz, 3996 MHz, 0 %, 0 %, 142341 MiB
2026/08/09 12:20:17.636, 0, NVIDIA GB200, P0, 235.08 W, 1950 MHz, 3996 MHz, 0 %, 0 %, 142341 MiB
2026/08/09 12:20:17.736, 0, NVIDIA GB200, P0, 235.22 W, 1950 MHz, 3996 MHz, 0 %, 0 %, 142341 MiB
2026/08/09 12:20:17.836, 0, NVIDIA GB200, P0, 235.30 W, 1950 MHz, 3996 MHz, 0 %, 0 %, 142341 MiB
2026/08/09 12:20:17.936, 0, NVIDIA GB200, P0, 235.22 W, 1950 MHz, 3996 MHz, 0 %, 0 %, 142341 MiB
2026/08/09 12:20:18.036, 0, NVIDIA GB200, P0, 235.14 W, 1950 MHz, 3996 MHz, 0 %, 0 %, 142341 MiB
2026/08/09 12:20:18.137, 0, NVIDIA GB200, P0, 235.12 W, 1950 MHz, 3996 MHz, 0 %, 0 %, 142341 MiB
2026/08/09 12:20:18.237, 0, NVIDIA GB200, P0, 235.20 W, 1950 MHz, 3996 MHz, 0 %, 0 %, 142341 MiB
2026/08/09 12:20:18.337, 0, NVIDIA GB200, P0, 235.18 W, 1950 MHz, 3996 MHz, 0 %, 0 %, 142341 MiB
2026/08/09 12:20:18.437, 0, NVIDIA GB200, P0, 235.10 W, 1950 MHz, 3996 MHz, 0 %, 0 %, 142341 MiB
2026/08/09 12:20:18.537, 0, NVIDIA GB200, P0, 235.18 W, 1950 MHz, 3996 MHz, 0 %, 0 %, 142341 MiB
2026/08/09 12:20:18.637, 0, NVIDIA GB200, P0, 235.19 W, 1950 MHz, 3996 MHz, 0 %, 0 %, 142341 MiB
2026/08/09 12:20:18.738, 0, NVIDIA GB200, P0, 235.18 W, 1950 MHz, 3996 MHz, 0 %, 0 %, 142341 MiB
2026/08/09 12:20:18.838, 0, NVIDIA GB200, P0, 235.11 W, 1950 MHz, 3996 MHz, 0 %, 0 %, 142341 MiB
2026/08/09 12:20:18.938, 0, NVIDIA GB200, P0, 235.19 W, 1950 MHz, 3996 MHz, 0 %, 0 %, 142341 MiB
2026/08/09 12:20:19.038, 0, NVIDIA GB200, P0, 235.27 W, 1950 MHz, 3996 MHz, 0 %, 0 %, 142341 MiB
2026/08/09 12:20:19.138, 0, NVIDIA GB200, P0, 235.20 W, 1950 MHz, 3996 MHz, 0 %, 0 %, 142341 MiB
2026/08/09 12:20:19.238, 0, NVIDIA GB200, P0, 235.13 W, 1950 MHz, 3996 MHz, 0 %, 0 %, 142341 MiB
2026/08/09 12:20:19.338, 0, NVIDIA GB200, P0, 235.13 W, 1950 MHz, 3996 MHz, 0 %, 0 %, 142341 MiB
2026/08/09 12:20:19.438, 0, NVIDIA GB200, P0, 235.21 W, 1950 MHz, 3996 MHz, 0 %, 0 %, 142341 MiB
2026/08/09 12:20:19.538, 0, NVIDIA GB200, P0, 235.27 W, 1950 MHz, 3996 MHz, 0 %, 0 %, 142341 MiB
2026/08/09 12:20:19.639, 0, NVIDIA GB200, P0, 235.27 W, 1950 MHz, 3996 MHz, 0 %, 0 %, 142341 MiB
2026/08/09 12:20:19.739, 0, NVIDIA GB200, P0, 235.20 W, 1950 MHz, 3996 MHz, 0 %, 0 %, 142341 MiB
2026/08/09 12:20:19.839, 0, NVIDIA GB200, P0, 235.20 W, 1950 MHz, 3996 MHz, 0 %, 0 %, 142341 MiB
2026/08/09 12:20:19.939, 0, NVIDIA GB200, P0, 235.18 W, 1950 MHz, 3996 MHz, 0 %, 0 %, 142341 MiB
2026/08/09 12:20:20.039, 0, NVIDIA GB200, P0, 235.11 W, 1950 MHz, 3996 MHz, 0 %, 0 %, 142341 MiB
2026/08/09 12:20:20.139, 0, NVIDIA GB200, P0, 235.10 W, 1950 MHz, 3996 MHz, 0 %, 0 %, 142341 MiB
2026/08/09 12:20:20.239, 0, NVIDIA GB200, P0, 235.11 W, 1950 MHz, 3996 MHz, 0 %, 0 %, 142341 MiB
2026/08/09 12:20:20.339, 0, NVIDIA GB200, P0, 235.18 W, 1950 MHz, 3996 MHz, 0 %, 0 %, 142341 MiB
2026/08/09 12:20:20.439, 0, NVIDIA GB200, P0, 235.25 W, 1950 MHz, 3996 MHz, 0 %, 0 %, 142341 MiB
2026/08/09 12:20:20.540, 0, NVIDIA GB200, P0, 235.26 W, 1950 MHz, 3996 MHz, 0 %, 0 %, 142341 MiB
2026/08/09 12:20:20.640, 0, NVIDIA GB200, P0, 235.17 W, 1950 MHz, 3996 MHz, 0 %, 0 %, 142341 MiB
2026/08/09 12:20:20.740, 0, NVIDIA GB200, P0, 235.19 W, 1950 MHz, 3996 MHz, 0 %, 0 %, 142341 MiB
2026/08/09 12:20:20.840, 0, NVIDIA GB200, P0, 235.27 W, 1950 MHz, 3996 MHz, 0 %, 0 %, 142341 MiB
2026/08/09 12:20:20.940, 0, NVIDIA GB200, P0, 235.29 W, 1950 MHz, 3996 MHz, 0 %, 0 %, 142341 MiB
2026/08/09 12:20:21.040, 0, NVIDIA GB200, P0, 235.29 W, 1950 MHz, 3996 MHz, 0 %, 0 %, 142341 MiB
2026/08/09 12:20:21.140, 0, NVIDIA GB200, P0, 235.37 W, 1950 MHz, 3996 MHz, 0 %, 0 %, 142341 MiB
2026/08/09 12:20:21.240, 0, NVIDIA GB200, P0, 235.36 W, 1950 MHz, 3996 MHz, 0 %, 0 %, 142341 MiB
2026/08/09 12:20:21.340, 0, NVIDIA GB200, P0, 235.36 W, 1950 MHz, 3996 MHz, 0 %, 0 %, 142341 MiB
2026/08/09 12:20:21.440, 0, NVIDIA GB200, P0, 235.29 W, 1950 MHz, 3996 MHz, 0 %, 0 %, 142341 MiB
2026/08/09 12:20:21.541, 0, NVIDIA GB200, P0, 235.29 W, 1950 MHz, 3996 MHz, 0 %, 0 %, 142341 MiB
2026/08/09 12:20:21.650, 0, NVIDIA GB200, P0, 235.37 W, 1950 MHz, 3996 MHz, 0 %, 0 %, 142341 MiB
2026/08/09 12:20:21.750, 0, NVIDIA GB200, P0, 235.37 W, 1950 MHz, 3996 MHz, 0 %, 0 %, 142341 MiB
2026/08/09 12:20:21.850, 0, NVIDIA GB200, P0, 235.35 W, 1950 MHz, 3996 MHz, 0 %, 0 %, 142341 MiB
2026/08/09 12:20:21.950, 0, NVIDIA GB200, P0, 235.34 W, 1950 MHz, 3996 MHz, 0 %, 0 %, 142341 MiB
2026/08/09 12:20:22.050, 0, NVIDIA GB200, P0, 235.48 W, 1950 MHz, 3996 MHz, 0 %, 0 %, 142341 MiB
2026/08/09 12:20:22.150, 0, NVIDIA GB200, P0, 235.48 W, 1950 MHz, 3996 MHz, 0 %, 0 %, 142341 MiB
2026/08/09 12:20:22.251, 0, NVIDIA GB200, P0, 235.48 W, 1950 MHz, 3996 MHz, 0 %, 0 %, 142341 MiB
2026/08/09 12:20:22.351, 0, NVIDIA GB200, P0, 235.48 W, 1950 MHz, 3996 MHz, 0 %, 0 %, 142341 MiB
2026/08/09 12:20:22.451, 0, NVIDIA GB200, P0, 235.48 W, 1950 MHz, 3996 MHz, 0 %, 0 %, 142341 MiB
2026/08/09 12:20:22.551, 0, NVIDIA GB200, P0, 235.48 W, 1950 MHz, 3996 MHz, 0 %, 0 %, 142341 MiB
2026/08/09 12:20:22.651, 0, NVIDIA GB200, P0, 235.42 W, 1950 MHz, 3996 MHz, 0 %, 0 %, 142341 MiB
2026/08/09 12:20:22.751, 0, NVIDIA GB200, P0, 235.43 W, 1950 MHz, 3996 MHz, 0 %, 0 %, 142341 MiB
2026/08/09 12:20:22.851, 0, NVIDIA GB200, P0, 235.36 W, 1950 MHz, 3996 MHz, 0 %, 0 %, 142341 MiB
2026/08/09 12:20:22.951, 0, NVIDIA GB200, P0, 235.29 W, 1950 MHz, 3996 MHz, 0 %, 0 %, 142341 MiB
2026/08/09 12:20:23.051, 0, NVIDIA GB200, P0, 235.29 W, 1950 MHz, 3996 MHz, 0 %, 0 %, 142341 MiB
2026/08/09 12:20:23.151, 0, NVIDIA GB200, P0, 235.14 W, 1950 MHz, 3996 MHz, 0 %, 0 %, 142341 MiB
2026/08/09 12:20:23.251, 0, NVIDIA GB200, P0, 235.14 W, 1950 MHz, 3996 MHz, 0 %, 0 %, 142341 MiB
2026/08/09 12:20:23.351, 0, NVIDIA GB200, P0, 235.14 W, 1950 MHz, 3996 MHz, 0 %, 0 %, 142341 MiB
2026/08/09 12:20:23.451, 0, NVIDIA GB200, P0, 235.15 W, 1950 MHz, 3996 MHz, 0 %, 0 %, 142341 MiB
2026/08/09 12:20:23.552, 0, NVIDIA GB200, P0, 235.14 W, 1950 MHz, 3996 MHz, 0 %, 0 %, 142341 MiB
2026/08/09 12:20:23.652, 0, NVIDIA GB200, P0, 235.14 W, 1950 MHz, 3996 MHz, 0 %, 0 %, 142341 MiB
2026/08/09 12:20:23.752, 0, NVIDIA GB200, P0, 235.19 W, 1950 MHz, 3996 MHz, 0 %, 0 %, 142341 MiB
2026/08/09 12:20:23.852, 0, NVIDIA GB200, P0, 235.25 W, 1950 MHz, 3996 MHz, 0 %, 0 %, 142341 MiB
2026/08/09 12:20:23.952, 0, NVIDIA GB200, P0, 235.33 W, 1950 MHz, 3996 MHz, 0 %, 0 %, 142341 MiB
2026/08/09 12:20:24.052, 0, NVIDIA GB200, P0, 235.32 W, 1950 MHz, 3996 MHz, 0 %, 0 %, 142341 MiB
2026/08/09 12:20:24.152, 0, NVIDIA GB200, P0, 235.32 W, 1950 MHz, 3996 MHz, 0 %, 0 %, 142341 MiB
2026/08/09 12:20:24.252, 0, NVIDIA GB200, P0, 235.39 W, 1950 MHz, 3996 MHz, 0 %, 0 %, 142341 MiB
2026/08/09 12:20:24.352, 0, NVIDIA GB200, P0, 235.32 W, 1950 MHz, 3996 MHz, 0 %, 0 %, 142341 MiB
2026/08/09 12:20:24.452, 0, NVIDIA GB200, P0, 235.32 W, 1950 MHz, 3996 MHz, 0 %, 0 %, 142341 MiB
2026/08/09 12:20:24.553, 0, NVIDIA GB200, P0, 235.32 W, 1950 MHz, 3996 MHz, 0 %, 0 %, 142341 MiB
2026/08/09 12:20:24.653, 0, NVIDIA GB200, P0, 235.33 W, 1950 MHz, 3996 MHz, 0 %, 0 %, 142341 MiB
2026/08/09 12:20:24.753, 0, NVIDIA GB200, P0, 235.26 W, 1950 MHz, 3996 MHz, 0 %, 0 %, 142341 MiB
2026/08/09 12:20:24.853, 0, NVIDIA GB200, P0, 235.26 W, 1950 MHz, 3996 MHz, 0 %, 0 %, 142341 MiB
2026/08/09 12:20:24.953, 0, NVIDIA GB200, P0, 235.19 W, 1950 MHz, 3996 MHz, 0 %, 0 %, 142341 MiB
2026/08/09 12:20:25.053, 0, NVIDIA GB200, P0, 235.20 W, 1950 MHz, 3996 MHz, 0 %, 0 %, 142341 MiB
2026/08/09 12:20:25.153, 0, NVIDIA GB200, P0, 235.27 W, 1950 MHz, 3996 MHz, 0 %, 0 %, 142341 MiB
2026/08/09 12:20:25.253, 0, NVIDIA GB200, P0, 235.26 W, 1950 MHz, 3996 MHz, 0 %, 0 %, 142341 MiB
2026/08/09 12:20:25.353, 0, NVIDIA GB200, P0, 235.35 W, 1950 MHz, 3996 MHz, 0 %, 0 %, 142341 MiB
2026/08/09 12:20:25.453, 0, NVIDIA GB200, P0, 235.12 W, 1950 MHz, 3996 MHz, 0 %, 0 %, 142341 MiB
2026/08/09 12:20:25.553, 0, NVIDIA GB200, P0, 235.05 W, 1950 MHz, 3996 MHz, 0 %, 0 %, 142341 MiB
2026/08/09 12:20:25.653, 0, NVIDIA GB200, P0, 234.89 W, 1950 MHz, 3996 MHz, 0 %, 0 %, 142341 MiB
2026/08/09 12:20:25.754, 0, NVIDIA GB200, P0, 234.88 W, 1950 MHz, 3996 MHz, 0 %, 0 %, 142341 MiB
2026/08/09 12:20:25.854, 0, NVIDIA GB200, P0, 234.90 W, 1950 MHz, 3996 MHz, 0 %, 0 %, 142341 MiB
2026/08/09 12:20:25.954, 0, NVIDIA GB200, P0, 234.99 W, 1950 MHz, 3996 MHz, 0 %, 0 %, 142341 MiB
2026/08/09 12:20:26.054, 0, NVIDIA GB200, P0, 234.98 W, 1950 MHz, 3996 MHz, 0 %, 0 %, 142341 MiB
2026/08/09 12:20:26.154, 0, NVIDIA GB200, P0, 234.91 W, 1950 MHz, 3996 MHz, 0 %, 0 %, 142341 MiB
2026/08/09 12:20:26.254, 0, NVIDIA GB200, P0, 234.92 W, 1950 MHz, 3996 MHz, 0 %, 0 %, 142341 MiB
2026/08/09 12:20:26.354, 0, NVIDIA GB200, P0, 234.91 W, 1950 MHz, 3996 MHz, 0 %, 0 %, 142341 MiB
2026/08/09 12:20:26.454, 0, NVIDIA GB200, P0, 235.12 W, 1950 MHz, 3996 MHz, 0 %, 0 %, 142341 MiB
2026/08/09 12:20:26.554, 0, NVIDIA GB200, P0, 235.12 W, 1950 MHz, 3996 MHz, 0 %, 0 %, 142341 MiB
2026/08/09 12:20:26.655, 0, NVIDIA GB200, P0, 234.96 W, 1950 MHz, 3996 MHz, 0 %, 0 %, 142341 MiB
2026/08/09 12:20:26.755, 0, NVIDIA GB200, P0, 235.03 W, 1950 MHz, 3996 MHz, 0 %, 0 %, 142597 MiB
2026/08/09 12:20:26.855, 0, NVIDIA GB200, P0, 234.94 W, 1950 MHz, 3996 MHz, 0 %, 0 %, 142597 MiB
2026/08/09 12:20:26.955, 0, NVIDIA GB200, P0, 234.94 W, 1950 MHz, 3996 MHz, 4 %, 0 %, 142597 MiB
2026/08/09 12:20:27.055, 0, NVIDIA GB200, P0, 234.94 W, 1950 MHz, 3996 MHz, 4 %, 0 %, 142597 MiB
2026/08/09 12:20:27.155, 0, NVIDIA GB200, P0, 235.01 W, 1950 MHz, 3996 MHz, 4 %, 0 %, 142597 MiB
2026/08/09 12:20:27.256, 0, NVIDIA GB200, P0, 235.00 W, 1950 MHz, 3996 MHz, 4 %, 0 %, 142597 MiB
2026/08/09 12:20:27.356, 0, NVIDIA GB200, P0, 235.02 W, 1950 MHz, 3996 MHz, 5 %, 0 %, 142597 MiB
2026/08/09 12:20:27.456, 0, NVIDIA GB200, P0, 235.02 W, 1950 MHz, 3996 MHz, 5 %, 0 %, 142597 MiB
2026/08/09 12:20:27.556, 0, NVIDIA GB200, P0, 235.10 W, 1950 MHz, 3996 MHz, 5 %, 0 %, 142597 MiB
2026/08/09 12:20:27.656, 0, NVIDIA GB200, P0, 235.34 W, 1950 MHz, 3996 MHz, 5 %, 0 %, 142597 MiB
2026/08/09 12:20:27.756, 0, NVIDIA GB200, P0, 235.41 W, 1950 MHz, 3996 MHz, 5 %, 0 %, 142597 MiB
2026/08/09 12:20:27.856, 0, NVIDIA GB200, P0, 235.48 W, 1950 MHz, 3996 MHz, 5 %, 0 %, 142597 MiB
2026/08/09 12:20:27.956, 0, NVIDIA GB200, P0, 235.48 W, 1950 MHz, 3996 MHz, 1 %, 0 %, 142597 MiB
2026/08/09 12:20:28.057, 0, NVIDIA GB200, P0, 235.48 W, 1950 MHz, 3996 MHz, 1 %, 0 %, 142597 MiB
2026/08/09 12:20:28.157, 0, NVIDIA GB200, P0, 235.41 W, 1950 MHz, 3996 MHz, 0 %, 0 %, 142597 MiB
2026/08/09 12:20:28.257, 0, NVIDIA GB200, P0, 235.41 W, 1950 MHz, 3996 MHz, 0 %, 0 %, 142597 MiB
2026/08/09 12:20:28.357, 0, NVIDIA GB200, P0, 235.41 W, 1950 MHz, 3996 MHz, 0 %, 0 %, 142597 MiB
2026/08/09 12:20:28.457, 0, NVIDIA GB200, P0, 235.18 W, 1950 MHz, 3996 MHz, 0 %, 0 %, 142597 MiB
2026/08/09 12:20:28.557, 0, NVIDIA GB200, P0, 235.12 W, 1950 MHz, 3996 MHz, 0 %, 0 %, 142597 MiB
2026/08/09 12:20:28.657, 0, NVIDIA GB200, P0, 235.05 W, 1950 MHz, 3996 MHz, 0 %, 0 %, 1055 MiB
2026/08/09 12:20:28.759, 0, NVIDIA GB200, P0, 241.83 W, 1950 MHz, 3996 MHz, 1 %, 0 %, 1055 MiB
2026/08/09 12:20:28.859, 0, NVIDIA GB200, P0, 242.78 W, 1950 MHz, 3996 MHz, 1 %, 0 %, 1055 MiB
2026/08/09 12:20:28.959, 0, NVIDIA GB200, P0, 242.78 W, 1950 MHz, 3996 MHz, 0 %, 0 %, 1055 MiB
2026/08/09 12:20:29.059, 0, NVIDIA GB200, P0, 242.78 W, 1950 MHz, 3996 MHz, 0 %, 0 %, 1055 MiB
2026/08/09 12:20:29.159, 0, NVIDIA GB200, P0, 242.71 W, 1950 MHz, 3996 MHz, 0 %, 0 %, 1055 MiB
2026/08/09 12:20:29.260, 0, NVIDIA GB200, P0, 242.71 W, 1950 MHz, 3996 MHz, 0 %, 0 %, 1055 MiB
2026/08/09 12:20:29.360, 0, NVIDIA GB200, P0, 242.70 W, 1950 MHz, 3996 MHz, 0 %, 0 %, 1055 MiB
2026/08/09 12:20:29.460, 0, NVIDIA GB200, P0, 243.07 W, 1950 MHz, 3996 MHz, 0 %, 0 %, 1055 MiB
2026/08/09 12:20:29.560, 0, NVIDIA GB200, P0, 243.14 W, 1950 MHz, 3996 MHz, 0 %, 0 %, 1055 MiB
2026/08/09 12:20:29.664, 0, NVIDIA GB200, P0, 243.07 W, 1950 MHz, 3996 MHz, 0 %, 0 %, 1055 MiB
