target,policy,bucket,weight
uncheatable,mariner,dolma3_arxiv,0.017578125
uncheatable,mariner,dolma3_cc/art_and_design_high,0.0
uncheatable,mariner,dolma3_cc/art_and_design_low,0.00146484375
uncheatable,mariner,dolma3_cc/crime_and_law_high,0.005859375
uncheatable,mariner,dolma3_cc/crime_and_law_low,0.00634765625
uncheatable,mariner,dolma3_cc/education_and_jobs_high,0.0
uncheatable,mariner,dolma3_cc/education_and_jobs_low,0.0
uncheatable,mariner,dolma3_cc/electronics_and_hardware_high,0.0
uncheatable,mariner,dolma3_cc/electronics_and_hardware_low,0.0
uncheatable,mariner,dolma3_cc/entertainment_high,0.017578125
uncheatable,mariner,dolma3_cc/entertainment_low,0.0
uncheatable,mariner,dolma3_cc/finance_and_business_high,0.0
uncheatable,mariner,dolma3_cc/finance_and_business_low,0.0
uncheatable,mariner,dolma3_cc/food_and_dining_high,0.0
uncheatable,mariner,dolma3_cc/food_and_dining_low,0.0
uncheatable,mariner,dolma3_cc/games_high,0.0
uncheatable,mariner,dolma3_cc/games_low,0.0
uncheatable,mariner,dolma3_cc/health_high,0.0
uncheatable,mariner,dolma3_cc/health_low,0.0
uncheatable,mariner,dolma3_cc/history_and_geography_high,0.01513671875
uncheatable,mariner,dolma3_cc/history_and_geography_low,0.00390625
uncheatable,mariner,dolma3_cc/industrial_high,0.0
uncheatable,mariner,dolma3_cc/industrial_low,0.0107421875
uncheatable,mariner,dolma3_cc/literature_high,0.12255859375
uncheatable,mariner,dolma3_cc/literature_low,0.013671875
uncheatable,mariner,dolma3_cc/science_math_and_technology_high,0.1162109375
uncheatable,mariner,dolma3_cc/science_math_and_technology_low,0.02490234375
uncheatable,mariner,dolma3_finemath_3plus,0.01513671875
uncheatable,mariner,dolma3_stack_edu,0.111328125
uncheatable,mariner,dolma3_wikipedia,0.001953125
uncheatable,mariner,dolmino_common_crawl_hq,0.1845703125
uncheatable,mariner,dolmino_olmocr_pdfs_hq,0.126953125
uncheatable,mariner,dolmino_stack_edu_fim,0.1044921875
uncheatable,mariner,dolmino_stem_heavy_crawl,0.0029296875
uncheatable,mariner,dolmino_synth_code,0.015625
uncheatable,mariner,dolmino_synth_instruction,0.0078125
uncheatable,mariner,dolmino_synth_math,0.0107421875
uncheatable,mariner,dolmino_synth_qa,0.05419921875
uncheatable,mariner,dolmino_synth_thinking,0.00830078125
uncheatable,regmix,dolma3_arxiv,0.0302734375
uncheatable,regmix,dolma3_cc/art_and_design_high,0.02099609375
uncheatable,regmix,dolma3_cc/art_and_design_low,0.0224609375
uncheatable,regmix,dolma3_cc/crime_and_law_high,0.02734375
uncheatable,regmix,dolma3_cc/crime_and_law_low,0.02392578125
uncheatable,regmix,dolma3_cc/education_and_jobs_high,0.0224609375
uncheatable,regmix,dolma3_cc/education_and_jobs_low,0.02197265625
uncheatable,regmix,dolma3_cc/electronics_and_hardware_high,0.01953125
uncheatable,regmix,dolma3_cc/electronics_and_hardware_low,0.0205078125
uncheatable,regmix,dolma3_cc/entertainment_high,0.02734375
uncheatable,regmix,dolma3_cc/entertainment_low,0.0244140625
uncheatable,regmix,dolma3_cc/finance_and_business_high,0.02099609375
uncheatable,regmix,dolma3_cc/finance_and_business_low,0.02294921875
uncheatable,regmix,dolma3_cc/food_and_dining_high,0.0234375
uncheatable,regmix,dolma3_cc/food_and_dining_low,0.02197265625
uncheatable,regmix,dolma3_cc/games_high,0.02294921875
uncheatable,regmix,dolma3_cc/games_low,0.021484375
uncheatable,regmix,dolma3_cc/health_high,0.02001953125
uncheatable,regmix,dolma3_cc/health_low,0.021484375
uncheatable,regmix,dolma3_cc/history_and_geography_high,0.0283203125
uncheatable,regmix,dolma3_cc/history_and_geography_low,0.0185546875
uncheatable,regmix,dolma3_cc/industrial_high,0.01904296875
uncheatable,regmix,dolma3_cc/industrial_low,0.021484375
uncheatable,regmix,dolma3_cc/literature_high,0.03466796875
uncheatable,regmix,dolma3_cc/literature_low,0.02880859375
uncheatable,regmix,dolma3_cc/science_math_and_technology_high,0.03466796875
uncheatable,regmix,dolma3_cc/science_math_and_technology_low,0.0400390625
uncheatable,regmix,dolma3_finemath_3plus,0.02294921875
uncheatable,regmix,dolma3_stack_edu,0.06591796875
uncheatable,regmix,dolma3_wikipedia,0.00341796875
uncheatable,regmix,dolmino_common_crawl_hq,0.02783203125
uncheatable,regmix,dolmino_olmocr_pdfs_hq,0.04296875
uncheatable,regmix,dolmino_stack_edu_fim,0.0732421875
uncheatable,regmix,dolmino_stem_heavy_crawl,0.00146484375
uncheatable,regmix,dolmino_synth_code,0.01904296875
uncheatable,regmix,dolmino_synth_instruction,0.013671875
uncheatable,regmix,dolmino_synth_math,0.02001953125
uncheatable,regmix,dolmino_synth_qa,0.02734375
uncheatable,regmix,dolmino_synth_thinking,0.02001953125
uncheatable,midpoint,dolma3_arxiv,0.02392578125
uncheatable,midpoint,dolma3_cc/art_and_design_high,0.0107421875
uncheatable,midpoint,dolma3_cc/art_and_design_low,0.01220703125
uncheatable,midpoint,dolma3_cc/crime_and_law_high,0.0166015625
uncheatable,midpoint,dolma3_cc/crime_and_law_low,0.01513671875
uncheatable,midpoint,dolma3_cc/education_and_jobs_high,0.01123046875
uncheatable,midpoint,dolma3_cc/education_and_jobs_low,0.01123046875
uncheatable,midpoint,dolma3_cc/electronics_and_hardware_high,0.009765625
uncheatable,midpoint,dolma3_cc/electronics_and_hardware_low,0.01025390625
uncheatable,midpoint,dolma3_cc/entertainment_high,0.0224609375
uncheatable,midpoint,dolma3_cc/entertainment_low,0.01220703125
uncheatable,midpoint,dolma3_cc/finance_and_business_high,0.0107421875
uncheatable,midpoint,dolma3_cc/finance_and_business_low,0.01171875
uncheatable,midpoint,dolma3_cc/food_and_dining_high,0.01171875
uncheatable,midpoint,dolma3_cc/food_and_dining_low,0.01123046875
uncheatable,midpoint,dolma3_cc/games_high,0.01171875
uncheatable,midpoint,dolma3_cc/games_low,0.0107421875
uncheatable,midpoint,dolma3_cc/health_high,0.01025390625
uncheatable,midpoint,dolma3_cc/health_low,0.0107421875
uncheatable,midpoint,dolma3_cc/history_and_geography_high,0.02197265625
uncheatable,midpoint,dolma3_cc/history_and_geography_low,0.01123046875
uncheatable,midpoint,dolma3_cc/industrial_high,0.009765625
uncheatable,midpoint,dolma3_cc/industrial_low,0.01611328125
uncheatable,midpoint,dolma3_cc/literature_high,0.07861328125
uncheatable,midpoint,dolma3_cc/literature_low,0.02099609375
uncheatable,midpoint,dolma3_cc/science_math_and_technology_high,0.0751953125
uncheatable,midpoint,dolma3_cc/science_math_and_technology_low,0.0322265625
uncheatable,midpoint,dolma3_finemath_3plus,0.01904296875
uncheatable,midpoint,dolma3_stack_edu,0.08837890625
uncheatable,midpoint,dolma3_wikipedia,0.00244140625
uncheatable,midpoint,dolmino_common_crawl_hq,0.10595703125
uncheatable,midpoint,dolmino_olmocr_pdfs_hq,0.0849609375
uncheatable,midpoint,dolmino_stack_edu_fim,0.0888671875
uncheatable,midpoint,dolmino_stem_heavy_crawl,0.001953125
uncheatable,midpoint,dolmino_synth_code,0.01708984375
uncheatable,midpoint,dolmino_synth_instruction,0.0107421875
uncheatable,midpoint,dolmino_synth_math,0.01513671875
uncheatable,midpoint,dolmino_synth_qa,0.04052734375
uncheatable,midpoint,dolmino_synth_thinking,0.01416015625
table9,mariner,dolma3_arxiv,0.0126953125
table9,mariner,dolma3_cc/art_and_design_high,0.0048828125
table9,mariner,dolma3_cc/art_and_design_low,0.00244140625
table9,mariner,dolma3_cc/crime_and_law_high,0.00537109375
table9,mariner,dolma3_cc/crime_and_law_low,0.0087890625
table9,mariner,dolma3_cc/education_and_jobs_high,0.0107421875
table9,mariner,dolma3_cc/education_and_jobs_low,0.00146484375
table9,mariner,dolma3_cc/electronics_and_hardware_high,0.00732421875
table9,mariner,dolma3_cc/electronics_and_hardware_low,0.0087890625
table9,mariner,dolma3_cc/entertainment_high,0.005859375
table9,mariner,dolma3_cc/entertainment_low,0.0078125
table9,mariner,dolma3_cc/finance_and_business_high,0.0009765625
table9,mariner,dolma3_cc/finance_and_business_low,0.0029296875
table9,mariner,dolma3_cc/food_and_dining_high,0.02001953125
table9,mariner,dolma3_cc/food_and_dining_low,0.01416015625
table9,mariner,dolma3_cc/games_high,0.01708984375
table9,mariner,dolma3_cc/games_low,0.01025390625
table9,mariner,dolma3_cc/health_high,0.013671875
table9,mariner,dolma3_cc/health_low,0.01513671875
table9,mariner,dolma3_cc/history_and_geography_high,0.03515625
table9,mariner,dolma3_cc/history_and_geography_low,0.0009765625
table9,mariner,dolma3_cc/industrial_high,0.0068359375
table9,mariner,dolma3_cc/industrial_low,0.01611328125
table9,mariner,dolma3_cc/literature_high,0.07275390625
table9,mariner,dolma3_cc/literature_low,0.0166015625
table9,mariner,dolma3_cc/science_math_and_technology_high,0.04443359375
table9,mariner,dolma3_cc/science_math_and_technology_low,0.01904296875
table9,mariner,dolma3_finemath_3plus,0.02685546875
table9,mariner,dolma3_stack_edu,0.14306640625
table9,mariner,dolma3_wikipedia,0.00048828125
table9,mariner,dolmino_common_crawl_hq,0.02587890625
table9,mariner,dolmino_olmocr_pdfs_hq,0.0322265625
table9,mariner,dolmino_stack_edu_fim,0.14599609375
table9,mariner,dolmino_stem_heavy_crawl,0.0009765625
table9,mariner,dolmino_synth_code,0.0166015625
table9,mariner,dolmino_synth_instruction,0.0048828125
table9,mariner,dolmino_synth_math,0.02587890625
table9,mariner,dolmino_synth_qa,0.16064453125
table9,mariner,dolmino_synth_thinking,0.0341796875
table9,regmix,dolma3_arxiv,0.02197265625
table9,regmix,dolma3_cc/art_and_design_high,0.02099609375
table9,regmix,dolma3_cc/art_and_design_low,0.02001953125
table9,regmix,dolma3_cc/crime_and_law_high,0.02490234375
table9,regmix,dolma3_cc/crime_and_law_low,0.02197265625
table9,regmix,dolma3_cc/education_and_jobs_high,0.02001953125
table9,regmix,dolma3_cc/education_and_jobs_low,0.01953125
table9,regmix,dolma3_cc/electronics_and_hardware_high,0.01806640625
table9,regmix,dolma3_cc/electronics_and_hardware_low,0.02197265625
table9,regmix,dolma3_cc/entertainment_high,0.02001953125
table9,regmix,dolma3_cc/entertainment_low,0.01904296875
table9,regmix,dolma3_cc/finance_and_business_high,0.0234375
table9,regmix,dolma3_cc/finance_and_business_low,0.02099609375
table9,regmix,dolma3_cc/food_and_dining_high,0.0263671875
table9,regmix,dolma3_cc/food_and_dining_low,0.02294921875
table9,regmix,dolma3_cc/games_high,0.01953125
table9,regmix,dolma3_cc/games_low,0.01806640625
table9,regmix,dolma3_cc/health_high,0.01904296875
table9,regmix,dolma3_cc/health_low,0.02783203125
table9,regmix,dolma3_cc/history_and_geography_high,0.03125
table9,regmix,dolma3_cc/history_and_geography_low,0.0166015625
table9,regmix,dolma3_cc/industrial_high,0.0166015625
table9,regmix,dolma3_cc/industrial_low,0.02001953125
table9,regmix,dolma3_cc/literature_high,0.02783203125
table9,regmix,dolma3_cc/literature_low,0.0244140625
table9,regmix,dolma3_cc/science_math_and_technology_high,0.02490234375
table9,regmix,dolma3_cc/science_math_and_technology_low,0.0302734375
table9,regmix,dolma3_finemath_3plus,0.03125
table9,regmix,dolma3_stack_edu,0.07421875
table9,regmix,dolma3_wikipedia,0.00537109375
table9,regmix,dolmino_common_crawl_hq,0.0244140625
table9,regmix,dolmino_olmocr_pdfs_hq,0.0283203125
table9,regmix,dolmino_stack_edu_fim,0.072265625
table9,regmix,dolmino_stem_heavy_crawl,0.00390625
table9,regmix,dolmino_synth_code,0.0234375
table9,regmix,dolmino_synth_instruction,0.0107421875
table9,regmix,dolmino_synth_math,0.0302734375
table9,regmix,dolmino_synth_qa,0.0634765625
table9,regmix,dolmino_synth_thinking,0.03369140625
table9,midpoint,dolma3_arxiv,0.017578125
table9,midpoint,dolma3_cc/art_and_design_high,0.01318359375
table9,midpoint,dolma3_cc/art_and_design_low,0.01123046875
table9,midpoint,dolma3_cc/crime_and_law_high,0.01513671875
table9,midpoint,dolma3_cc/crime_and_law_low,0.015625
table9,midpoint,dolma3_cc/education_and_jobs_high,0.015625
table9,midpoint,dolma3_cc/education_and_jobs_low,0.0107421875
table9,midpoint,dolma3_cc/electronics_and_hardware_high,0.0126953125
table9,midpoint,dolma3_cc/electronics_and_hardware_low,0.015625
table9,midpoint,dolma3_cc/entertainment_high,0.01318359375
table9,midpoint,dolma3_cc/entertainment_low,0.013671875
table9,midpoint,dolma3_cc/finance_and_business_high,0.01220703125
table9,midpoint,dolma3_cc/finance_and_business_low,0.01220703125
table9,midpoint,dolma3_cc/food_and_dining_high,0.0234375
table9,midpoint,dolma3_cc/food_and_dining_low,0.0185546875
table9,midpoint,dolma3_cc/games_high,0.01806640625
table9,midpoint,dolma3_cc/games_low,0.01416015625
table9,midpoint,dolma3_cc/health_high,0.01611328125
table9,midpoint,dolma3_cc/health_low,0.021484375
table9,midpoint,dolma3_cc/history_and_geography_high,0.033203125
table9,midpoint,dolma3_cc/history_and_geography_low,0.0087890625
table9,midpoint,dolma3_cc/industrial_high,0.01171875
table9,midpoint,dolma3_cc/industrial_low,0.01806640625
table9,midpoint,dolma3_cc/literature_high,0.05029296875
table9,midpoint,dolma3_cc/literature_low,0.0205078125
table9,midpoint,dolma3_cc/science_math_and_technology_high,0.03466796875
table9,midpoint,dolma3_cc/science_math_and_technology_low,0.0244140625
table9,midpoint,dolma3_finemath_3plus,0.02880859375
table9,midpoint,dolma3_stack_edu,0.1083984375
table9,midpoint,dolma3_wikipedia,0.0029296875
table9,midpoint,dolmino_common_crawl_hq,0.02490234375
table9,midpoint,dolmino_olmocr_pdfs_hq,0.0302734375
table9,midpoint,dolmino_stack_edu_fim,0.10888671875
table9,midpoint,dolmino_stem_heavy_crawl,0.00244140625
table9,midpoint,dolmino_synth_code,0.02001953125
table9,midpoint,dolmino_synth_instruction,0.0078125
table9,midpoint,dolmino_synth_math,0.02783203125
table9,midpoint,dolmino_synth_qa,0.11181640625
table9,midpoint,dolmino_synth_thinking,0.03369140625
